time,open,high,low,close
2026-08-12 06:35:00,4403.96,4407.49,4403.45,4407.49
2026-08-12 06:40:00,4407.49,4408.59,4405.87,4407.88
2026-08-12 06:45:00,4407.84,4409.78,4406.01,4408.69
2026-08-12 06:50:00,4408.61,4410.04,4407.71,4408.78
2026-08-12 06:55:00,4408.78,4408.98,4404.84,4406.26
2026-08-12 07:00:00,4406.17,4410.29,4405.88,4408.68
2026-08-12 07:05:00,4408.68,4410.51,4407.33,4407.37
2026-08-12 07:10:00,4407.48,4409.44,4407.36,4408.63
2026-08-12 07:15:00,4408.51,4408.66,4406.53,4407.45
2026-08-12 07:20:00,4407.46,4409.44,4407.41,4408.31
2026-08-12 07:25:00,4408.28,4408.54,4405.57,4407.03
2026-08-12 07:30:00,4406.98,4407.56,4404.95,4405.68
2026-08-12 07:35:00,4405.74,4406.53,4404.78,4405.99
2026-08-12 07:40:00,4405.99,4406.31,4404.49,4406.1
2026-08-12 07:45:00,4406.1,4406.1,4402.82,4404.31
2026-08-12 07:50:00,4404.25,4405.09,4403.2,4403.3
2026-08-12 07:55:00,4403.32,4403.5,4401.72,4401.87
2026-08-12 08:00:00,4401.93,4407.99,4401.9,4407.35
2026-08-12 08:05:00,4407.35,4408.91,4406.77,4408.78
2026-08-12 08:10:00,4408.78,4413.17,4407.94,4412.87
2026-08-12 08:15:00,4412.87,4417.65,4412.41,4415.56
2026-08-12 08:20:00,4415.56,4424.21,4413.42,4423.7
2026-08-12 08:25:00,4423.6,4423.6,4413.02,4413.27
2026-08-12 08:30:00,4413.15,4415.77,4411.9,4414.25
2026-08-12 08:35:00,4414.36,4416.37,4412.65,4416.0
2026-08-12 08:40:00,4416.05,4417.09,4413.21,4413.73
2026-08-12 08:45:00,4413.76,4414.32,4412.45,4412.89
2026-08-12 08:50:00,4413.11,4416.55,4410.86,4411.77
2026-08-12 08:55:00,4411.78,4416.36,4411.49,4415.82
2026-08-12 09:00:00,4416.02,4416.39,4414.63,4415.02
2026-08-12 09:05:00,4414.99,4418.99,4414.99,4418.05
2026-08-12 09:10:00,4418.05,4419.32,4417.28,4417.96
2026-08-12 09:15:00,4418.34,4419.81,4417.47,4419.47
2026-08-12 09:20:00,4419.46,4420.34,4418.71,4419.11
2026-08-12 09:25:00,4419.13,4420.92,4418.02,4419.63
2026-08-12 09:30:00,4419.63,4419.8,4416.97,4417.13
2026-08-12 09:35:00,4417.13,4417.13,4412.89,4413.91
2026-08-12 09:40:00,4413.91,4415.13,4413.33,4414.77
2026-08-12 09:45:00,4414.77,4415.71,4406.86,4409.45
2026-08-12 09:50:00,4409.44,4411.07,4408.33,4410.62
2026-08-12 09:55:00,4410.68,4412.76,4409.92,4412.65
2026-08-12 10:00:00,4412.74,4415.24,4410.92,4411.06
2026-08-12 10:05:00,4411.06,4411.62,4409.38,4410.67
2026-08-12 10:10:00,4410.66,4411.32,4407.92,4407.92
2026-08-12 10:15:00,4407.92,4410.32,4407.88,4410.26
2026-08-12 10:20:00,4410.26,4411.49,4409.9,4410.92
2026-08-12 10:25:00,4410.92,4416.8,4410.31,4415.09
2026-08-12 10:30:00,4415.07,4415.91,4412.97,4413.37
2026-08-12 10:35:00,4413.37,4413.83,4410.26,4411.65
2026-08-12 10:40:00,4411.65,4413.87,4411.6,4413.35
2026-08-12 10:45:00,4413.35,4414.22,4412.65,4413.44
2026-08-12 10:50:00,4413.43,4414.4,4412.76,4414.26
2026-08-12 10:55:00,4414.26,4415.45,4412.57,4412.82
2026-08-12 11:00:00,4412.86,4413.12,4407.81,4408.69
2026-08-12 11:05:00,4408.69,4409.3,4406.75,4407.33
2026-08-12 11:10:00,4407.27,4409.43,4406.38,4408.77
2026-08-12 11:15:00,4408.68,4409.13,4406.74,4408.32
2026-08-12 11:20:00,4408.32,4409.75,4405.12,4406.81
2026-08-12 11:25:00,4406.81,4427.6,4404.77,4427.6
2026-08-12 11:30:00,4427.55,4432.27,4381.34,4425.23
2026-08-12 11:35:00,4425.26,4429.99,4415.77,4429.39
2026-08-12 11:40:00,4429.45,4438.14,4423.94,4428.63
2026-08-12 11:45:00,4428.63,4428.63,4416.4,4421.7
2026-08-12 11:50:00,4421.71,4428.79,4421.16,4427.74
2026-08-12 11:55:00,4427.81,4438.09,4426.68,4437.41
2026-08-12 12:00:00,4437.93,4441.38,4426.68,4432.34
2026-08-12 12:05:00,4432.23,4434.49,4427.73,4430.21
2026-08-12 12:10:00,4430.38,4430.68,4420.98,4422.01
2026-08-12 12:15:00,4421.98,4428.98,4420.99,4424.29
2026-08-12 12:20:00,4424.33,4427.63,4417.07,4417.23
2026-08-12 12:25:00,4417.17,4419.47,4414.7,4418.53
2026-08-12 12:30:00,4418.46,4420.91,4412.32,4413.87
2026-08-12 12:35:00,4413.57,4419.72,4410.35,4411.81
2026-08-12 12:40:00,4411.84,4420.25,4408.41,4416.67
2026-08-12 12:45:00,4416.62,4428.2,4415.56,4428.16
2026-08-12 12:50:00,4428.36,4434.11,4426.43,4432.47
2026-08-12 12:55:00,4432.51,4433.03,4427.1,4427.71
2026-08-12 13:00:00,4427.91,4429.12,4421.2,4426.83
2026-08-12 13:05:00,4426.83,4430.06,4426.4,4429.68
2026-08-12 13:10:00,4429.66,4434.92,4429.38,4431.95
2026-08-12 13:15:00,4431.97,4437.6,4430.01,4436.42
2026-08-12 13:20:00,4436.44,4439.7,4434.02,4436.54
2026-08-12 13:25:00,4436.5,4437.29,4430.51,4431.61
2026-08-12 13:30:00,4431.62,4436.16,4418.61,4420.52
2026-08-12 13:35:00,4420.63,4423.19,4416.44,4418.32
2026-08-12 13:40:00,4418.11,4425.5,4417.25,4425.08
2026-08-12 13:45:00,4425.02,4432.47,4420.42,4422.35
2026-08-12 13:50:00,4422.35,4424.5,4416.66,4422.7
2026-08-12 13:55:00,4422.79,4424.19,4419.01,4422.01
2026-08-12 14:00:00,4422.14,4423.57,4415.42,4416.16
2026-08-12 14:05:00,4416.14,4423.37,4414.93,4421.66
2026-08-12 14:10:00,4421.88,4430.09,4421.46,4426.62
2026-08-12 14:15:00,4426.67,4427.07,4422.3,4424.42
2026-08-12 14:20:00,4424.46,4428.1,4424.18,4426.4
2026-08-12 14:25:00,4426.47,4426.54,4419.41,4421.5
2026-08-12 14:30:00,4421.41,4425.41,4418.53,4419.0
2026-08-12 14:35:00,4419.0,4421.12,4416.69,4420.87
2026-08-12 14:40:00,4420.81,4421.91,4416.95,4418.15
2026-08-12 14:45:00,4418.21,4418.49,4414.19,4415.85
2026-08-12 14:50:00,4415.75,4416.73,4411.12,4416.64
2026-08-12 14:55:00,4416.64,4422.37,4416.47,4421.07
2026-08-12 15:00:00,4421.03,4425.74,4418.28,4420.53
2026-08-12 15:05:00,4420.53,4422.17,4418.2,4419.54
2026-08-12 15:10:00,4419.6,4424.19,4416.66,4423.45
2026-08-12 15:15:00,4423.5,4426.16,4422.79,4425.38
2026-08-12 15:20:00,4425.39,4426.5,4423.75,4426.23
2026-08-12 15:25:00,4426.23,4426.39,4422.36,4423.25
2026-08-12 15:30:00,4423.22,4423.93,4413.19,4413.19
2026-08-12 15:35:00,4413.16,4416.03,4411.52,4414.03
2026-08-12 15:40:00,4414.0,4415.7,4409.18,4410.91
2026-08-12 15:45:00,4410.91,4411.26,4402.13,4402.57
2026-08-12 15:50:00,4402.61,4406.21,4402.11,4405.42
2026-08-12 15:55:00,4405.31,4405.31,4396.72,4401.72
2026-08-12 16:00:00,4401.7,4405.5,4400.08,4403.11
2026-08-12 16:05:00,4403.14,4407.6,4402.34,4406.68
2026-08-12 16:10:00,4406.56,4406.71,4403.28,4403.71
2026-08-12 16:15:00,4403.69,4404.3,4402.0,4403.3
2026-08-12 16:20:00,4403.52,4409.86,4402.84,4407.7
2026-08-12 16:25:00,4407.89,4409.0,4405.47,4406.46
2026-08-12 16:30:00,4406.68,4410.73,4406.11,4410.51
2026-08-12 16:35:00,4410.47,4411.53,4404.92,4405.76
2026-08-12 16:40:00,4405.76,4405.81,4401.26,4402.04
2026-08-12 16:45:00,4402.06,4404.0,4401.69,4403.27
2026-08-12 16:50:00,4403.17,4405.59,4399.84,4400.23
2026-08-12 16:55:00,4400.28,4401.71,4399.0,4399.43
2026-08-12 17:00:00,4399.3,4399.48,4396.22,4398.97
2026-08-12 17:05:00,4398.92,4404.14,4398.44,4404.14
2026-08-12 17:10:00,4404.14,4406.57,4404.09,4405.84
2026-08-12 17:15:00,4405.87,4408.31,4404.46,4408.12
2026-08-12 17:20:00,4408.08,4410.75,4407.36,4410.7
2026-08-12 17:25:00,4410.7,4411.14,4407.38,4408.52
2026-08-12 17:30:00,4408.54,4413.13,4408.0,4412.37
2026-08-12 17:35:00,4412.37,4412.98,4410.56,4411.08
2026-08-12 17:40:00,4411.0,4413.65,4410.52,4413.62
2026-08-12 17:45:00,4413.62,4417.9,4413.43,4417.31
2026-08-12 17:50:00,4417.25,4417.27,4413.65,4413.88
2026-08-12 17:55:00,4413.88,4414.18,4412.83,4413.08
2026-08-12 18:00:00,4413.13,4417.01,4412.93,4416.67
2026-08-12 18:05:00,4416.66,4418.4,4415.11,4416.03
2026-08-12 18:10:00,4416.03,4416.84,4415.62,4416.42
2026-08-12 18:15:00,4416.42,4417.99,4415.96,4417.52
2026-08-12 18:20:00,4417.5,4417.6,4416.17,4416.49
2026-08-12 18:25:00,4416.46,4417.35,4415.71,4416.63
2026-08-12 18:30:00,4416.69,4416.7,4413.41,4413.8
2026-08-12 18:35:00,4413.77,4414.29,4411.4,4411.83
2026-08-12 18:40:00,4411.83,4413.43,4411.34,4413.26
2026-08-12 18:45:00,4413.2,4413.57,4408.32,4409.73
2026-08-12 18:50:00,4409.75,4413.18,4409.75,4411.47
2026-08-12 18:55:00,4411.45,4414.14,4411.02,4413.97
2026-08-12 19:00:00,4413.88,4414.21,4411.13,4411.23
2026-08-12 19:05:00,4411.22,4412.16,4410.15,4410.65
2026-08-12 19:10:00,4410.69,4410.95,4408.8,4409.05
2026-08-12 19:15:00,4409.02,4409.94,4407.16,4407.19
2026-08-12 19:20:00,4407.19,4408.2,4406.69,4408.08
2026-08-12 19:25:00,4407.88,4408.81,4407.19,4407.85
2026-08-12 19:30:00,4407.87,4407.96,4406.91,4407.21
2026-08-12 19:35:00,4407.33,4408.77,4406.84,4408.17
2026-08-12 19:40:00,4408.11,4408.67,4407.35,4407.98
2026-08-12 19:45:00,4408.03,4408.69,4406.8,4408.32
2026-08-12 19:50:00,4408.27,4408.8,4406.66,4407.5
2026-08-12 19:55:00,4407.4,4411.44,4407.4,4409.22
2026-08-12 21:01:00,4409.22,4410.29,4402.74,4403.84
2026-08-12 21:06:00,4403.68,4404.76,4403.53,4403.93
2026-08-12 21:11:00,4403.92,4404.09,4401.88,4401.95
2026-08-12 21:16:00,4401.95,4402.73,4401.74,4402.08
2026-08-12 21:21:00,4401.96,4402.96,4401.85,4401.96
2026-08-12 21:26:00,4401.95,4401.99,4398.33,4401.29
2026-08-12 21:31:00,4401.26,4401.83,4399.15,4399.24
2026-08-12 21:36:00,4399.33,4400.16,4398.84,4400.14
2026-08-12 21:41:00,4400.14,4400.78,4399.92,4400.65
2026-08-12 21:46:00,4400.65,4401.33,4400.47,4400.94
2026-08-12 21:51:00,4400.98,4402.33,4400.81,4402.28
2026-08-12 21:56:00,4402.28,4403.19,4401.7,4403.0
2026-08-12 22:01:00,4403.0,4404.47,4402.39,4403.38
2026-08-12 22:06:00,4403.35,4405.94,4403.3,4405.34
2026-08-12 22:11:00,4405.31,4405.98,4405.31,4405.89
2026-08-12 22:16:00,4405.96,4408.01,4405.89,4407.97
2026-08-12 22:21:00,4407.97,4409.71,4407.37,4408.45
2026-08-12 22:26:00,4408.41,4409.82,4407.61,4408.93
2026-08-12 22:31:00,4408.97,4410.44,4408.38,4409.04
2026-08-12 22:36:00,4409.04,4409.59,4407.42,4407.76
2026-08-12 22:41:00,4407.76,4409.75,4407.19,4409.53
2026-08-12 22:46:00,4409.55,4410.08,4407.93,4408.82
2026-08-12 22:51:00,4408.5,4411.51,4408.21,4411.17
2026-08-12 22:56:00,4411.2,4416.18,4411.17,4415.48
2026-08-12 23:01:00,4415.48,4419.45,4414.58,4417.53
2026-08-12 23:06:00,4417.53,4422.3,4417.37,4419.92
2026-08-12 23:11:00,4420.0,4423.6,4419.1,4423.22
2026-08-12 23:16:00,4423.37,4432.5,4423.26,4430.42
2026-08-12 23:21:00,4430.44,4437.65,4430.35,4432.77
2026-08-12 23:26:00,4432.77,4432.78,4426.99,4428.7
2026-08-12 23:31:00,4428.21,4449.84,4424.62,4441.33
2026-08-12 23:36:00,4441.33,4445.4,4437.19,4438.93
2026-08-12 23:41:00,4438.83,4440.59,4436.94,4439.87
2026-08-12 23:46:00,4439.83,4440.2,4428.95,4430.16
2026-08-12 23:51:00,4430.16,4432.67,4428.24,4428.56
2026-08-12 23:56:00,4428.56,4430.86,4423.76,4425.78
2026-08-13 00:01:00,4425.93,4434.69,4422.8,4434.52
2026-08-13 00:06:00,4434.14,4435.27,4430.94,4434.16
2026-08-13 00:11:00,4434.21,4434.97,4428.83,4432.65
2026-08-13 00:16:00,4432.65,4435.31,4423.63,4423.83
2026-08-13 00:21:00,4423.82,4424.38,4419.1,4423.08
2026-08-13 00:26:00,4423.06,4423.06,4419.03,4422.08
2026-08-13 00:31:00,4422.08,4430.2,4422.08,4428.99
2026-08-13 00:36:00,4429.02,4429.73,4421.26,4423.12
2026-08-13 00:41:00,4422.99,4423.13,4416.71,4417.39
2026-08-13 00:46:00,4417.03,4417.71,4410.52,4412.88
2026-08-13 00:51:00,4412.89,4416.08,4409.47,4413.5
2026-08-13 00:56:00,4413.44,4413.81,4406.26,4409.94
2026-08-13 01:01:00,4409.97,4410.25,4405.78,4408.95
2026-08-13 01:06:00,4409.0,4414.11,4405.53,4412.84
2026-08-13 01:11:00,4412.83,4413.53,4410.18,4411.15
2026-08-13 01:16:00,4411.19,4412.46,4410.09,4411.86
2026-08-13 01:21:00,4411.86,4412.15,4405.93,4408.48
2026-08-13 01:26:00,4408.51,4408.87,4402.79,4403.22
2026-08-13 01:31:00,4403.49,4404.75,4400.47,4402.49
2026-08-13 01:36:00,4402.44,4409.25,4398.94,4406.8
2026-08-13 01:41:00,4406.8,4410.51,4406.72,4407.67
2026-08-13 01:46:00,4407.68,4410.75,4407.68,4410.18
2026-08-13 01:51:00,4410.2,4410.46,4405.6,4407.78
2026-08-13 01:56:00,4407.78,4410.13,4406.76,4410.05
2026-08-13 02:01:00,4410.05,4412.28,4409.63,4410.8
2026-08-13 02:06:00,4410.8,4411.0,4406.94,4409.44
2026-08-13 02:11:00,4409.41,4409.45,4404.2,4407.24
2026-08-13 02:16:00,4407.25,4410.22,4405.68,4407.37
2026-08-13 02:21:00,4407.36,4409.75,4407.31,4409.48
2026-08-13 02:26:00,4409.38,4410.24,4407.74,4410.1
2026-08-13 02:31:00,4410.1,4410.53,4409.09,4409.58
2026-08-13 02:36:00,4409.59,4410.19,4408.54,4408.7
2026-08-13 02:41:00,4408.72,4408.84,4405.44,4406.63
2026-08-13 02:46:00,4406.58,4407.66,4403.98,4405.57
2026-08-13 02:51:00,4405.42,4406.05,4400.84,4400.84
2026-08-13 02:56:00,4400.78,4402.58,4397.62,4398.51
2026-08-13 03:01:00,4398.42,4400.08,4394.83,4395.67
2026-08-13 03:06:00,4395.62,4397.44,4394.28,4395.14
2026-08-13 03:11:00,4395.14,4395.64,4391.76,4394.97
2026-08-13 03:16:00,4395.01,4395.9,4393.47,4394.58
2026-08-13 03:21:00,4394.57,4398.15,4392.61,4397.86
2026-08-13 03:26:00,4397.81,4399.2,4397.47,4398.46
2026-08-13 03:31:00,4398.42,4399.59,4397.35,4397.94
2026-08-13 03:36:00,4397.93,4399.41,4396.92,4397.33
2026-08-13 03:41:00,4397.33,4399.32,4395.17,4397.35
2026-08-13 03:46:00,4396.96,4398.36,4395.37,4395.69
2026-08-13 03:51:00,4395.7,4397.69,4395.38,4396.98
2026-08-13 03:56:00,4396.92,4398.54,4396.19,4396.64
2026-08-13 04:01:00,4396.65,4397.61,4393.2,4395.25
2026-08-13 04:06:00,4395.25,4399.28,4394.4,4398.9
2026-08-13 04:11:00,4399.03,4405.67,4397.92,4404.65
2026-08-13 04:16:00,4404.66,4404.87,4400.97,4402.51
2026-08-13 04:21:00,4402.5,4405.67,4402.37,4405.61
2026-08-13 04:26:00,4405.67,4407.32,4401.01,4401.15
2026-08-13 04:31:00,4401.07,4401.37,4393.5,4398.04
2026-08-13 04:36:00,4398.01,4400.93,4397.07,4399.82
2026-08-13 04:41:00,4399.76,4399.79,4386.5,4388.18
2026-08-13 04:46:00,4388.15,4388.6,4383.21,4386.88
2026-08-13 04:51:00,4386.84,4389.36,4383.03,4385.58
2026-08-13 04:56:00,4385.64,4386.2,4380.36,4384.66
2026-08-13 05:01:00,4384.64,4385.6,4375.58,4377.78
2026-08-13 05:06:00,4377.82,4380.64,4375.81,4377.41
2026-08-13 05:11:00,4377.55,4379.27,4375.11,4375.44
2026-08-13 05:16:00,4375.43,4378.6,4374.42,4377.68
2026-08-13 05:21:00,4377.66,4378.81,4374.28,4376.79
2026-08-13 05:26:00,4376.71,4377.8,4374.17,4375.5
2026-08-13 05:31:00,4375.5,4378.57,4370.08,4372.58
2026-08-13 05:36:00,4372.57,4373.34,4369.02,4373.05
2026-08-13 05:41:00,4373.05,4376.3,4372.06,4376.01
2026-08-13 05:46:00,4375.85,4379.73,4374.26,4379.45
2026-08-13 05:51:00,4379.2,4381.42,4378.7,4380.57
2026-08-13 05:56:00,4380.58,4381.6,4378.39,4379.78
2026-08-13 06:01:00,4379.74,4381.72,4378.64,4379.48
2026-08-13 06:06:00,4379.33,4380.15,4377.39,4377.91
2026-08-13 06:11:00,4377.9,4378.84,4375.09,4375.45
2026-08-13 06:16:00,4375.45,4376.75,4373.83,4375.82
2026-08-13 06:21:00,4375.82,4376.99,4374.52,4376.54
2026-08-13 06:26:00,4376.52,4377.33,4373.44,4374.2
2026-08-13 06:31:00,4374.2,4377.33,4372.17,4375.16
2026-08-13 06:36:00,4375.22,4376.68,4373.59,4375.17
2026-08-13 06:41:00,4375.22,4378.79,4373.93,4375.55
2026-08-13 06:46:00,4375.51,4376.72,4370.0,4373.28
2026-08-13 06:51:00,4373.37,4373.67,4369.96,4370.81
2026-08-13 06:56:00,4370.81,4371.17,4367.05,4368.43
2026-08-13 07:01:00,4368.48,4370.59,4365.9,4368.32
2026-08-13 07:06:00,4368.39,4369.72,4364.2,4366.65
2026-08-13 07:11:00,4366.59,4367.92,4364.07,4366.61
2026-08-13 07:16:00,4366.61,4367.97,4365.04,4366.83
2026-08-13 07:21:00,4366.77,4370.71,4366.68,4370.3
2026-08-13 07:26:00,4370.28,4373.53,4369.82,4373.02
2026-08-13 07:31:00,4372.93,4375.81,4372.47,4375.33
2026-08-13 07:36:00,4375.16,4375.56,4373.45,4374.33
2026-08-13 07:41:00,4374.33,4375.45,4373.5,4374.17
2026-08-13 07:46:00,4374.47,4379.39,4373.85,4378.22
2026-08-13 07:51:00,4377.78,4378.27,4375.08,4376.36
2026-08-13 07:56:00,4376.41,4376.88,4375.1,4376.48
2026-08-13 08:01:00,4376.48,4376.48,4372.93,4373.09
2026-08-13 08:06:00,4372.99,4378.02,4372.54,4377.8
2026-08-13 08:11:00,4377.79,4378.44,4376.28,4376.86
2026-08-13 08:16:00,4376.87,4381.81,4376.57,4381.3
2026-08-13 08:21:00,4381.29,4382.07,4378.16,4379.24
2026-08-13 08:26:00,4379.24,4382.32,4379.11,4381.12
2026-08-13 08:31:00,4380.99,4381.67,4379.81,4381.52
2026-08-13 08:36:00,4381.54,4381.79,4380.28,4380.73
2026-08-13 08:41:00,4380.89,4381.24,4378.74,4380.03
2026-08-13 08:46:00,4380.03,4380.75,4378.38,4379.3
2026-08-13 08:51:00,4379.37,4381.32,4378.93,4381.31
2026-08-13 08:56:00,4381.31,4385.28,4380.92,4384.97
2026-08-13 09:01:00,4384.96,4385.31,4383.55,4384.99
2026-08-13 09:06:00,4384.99,4385.34,4383.55,4383.55
2026-08-13 09:11:00,4383.55,4384.39,4381.45,4382.0
2026-08-13 09:16:00,4381.99,4385.91,4381.78,4385.39
2026-08-13 09:21:00,4385.39,4386.53,4383.91,4385.7
2026-08-13 09:26:00,4385.7,4387.68,4385.59,4387.39
2026-08-13 09:31:00,4387.39,4387.88,4384.67,4386.1
2026-08-13 09:36:00,4386.1,4389.12,4386.1,4388.41
2026-08-13 09:41:00,4388.41,4390.59,4388.01,4388.93
2026-08-13 09:46:00,4388.93,4392.74,4388.33,4392.73
2026-08-13 09:51:00,4392.56,4393.84,4391.84,4392.17
2026-08-13 09:56:00,4392.18,4393.07,4391.13,4391.93
2026-08-13 10:01:00,4392.0,4392.22,4388.5,4390.04
2026-08-13 10:06:00,4390.01,4391.76,4389.97,4391.6
2026-08-13 10:11:00,4391.53,4396.47,4391.28,4395.44
2026-08-13 10:16:00,4395.56,4396.63,4392.73,4393.69
2026-08-13 10:21:00,4393.68,4394.34,4391.3,4391.91
2026-08-13 10:26:00,4391.9,4391.91,4388.1,4388.41
2026-08-13 10:31:00,4388.52,4389.84,4386.85,4388.05
2026-08-13 10:36:00,4388.05,4389.24,4386.27,4386.3
2026-08-13 10:41:00,4386.26,4386.89,4383.42,4385.81
2026-08-13 10:46:00,4385.86,4385.87,4383.15,4384.45
2026-08-13 10:51:00,4384.45,4385.3,4382.92,4383.85
2026-08-13 10:56:00,4383.96,4388.06,4383.89,4387.01
2026-08-13 11:01:00,4387.03,4388.35,4385.67,4387.85
2026-08-13 11:06:00,4387.86,4391.76,4387.47,4388.71
2026-08-13 11:11:00,4388.71,4390.86,4386.61,4386.85
2026-08-13 11:16:00,4386.77,4389.91,4384.74,4389.15
2026-08-13 11:21:00,4389.14,4389.14,4384.47,4384.74
2026-08-13 11:26:00,4384.74,4401.2,4384.19,4389.55
2026-08-13 11:31:00,4389.43,4392.68,4380.71,4391.16
2026-08-13 11:36:00,4391.15,4391.98,4386.46,4386.55
2026-08-13 11:41:00,4386.57,4394.16,4385.96,4393.7
2026-08-13 11:46:00,4393.69,4397.36,4392.54,4393.93
2026-08-13 11:51:00,4393.85,4396.89,4392.82,4394.84
2026-08-13 11:56:00,4394.83,4402.14,4392.95,4394.11
2026-08-13 12:01:00,4394.12,4396.59,4391.67,4395.62
2026-08-13 12:06:00,4395.62,4398.06,4392.22,4392.96
2026-08-13 12:11:00,4392.96,4394.85,4391.13,4392.37
2026-08-13 12:16:00,4392.39,4395.34,4390.74,4394.14
2026-08-13 12:21:00,4394.12,4395.23,4386.07,4387.11
2026-08-13 12:26:00,4387.08,4390.07,4383.88,4387.38
2026-08-13 12:31:00,4387.2,4387.27,4377.23,4379.13
2026-08-13 12:36:00,4379.51,4384.08,4375.35,4380.28
2026-08-13 12:41:00,4380.14,4382.36,4376.59,4378.85
2026-08-13 12:46:00,4378.83,4382.9,4375.79,4377.45
2026-08-13 12:51:00,4377.21,4378.23,4370.77,4376.33
2026-08-13 12:56:00,4376.3,4378.35,4371.89,4374.44
2026-08-13 13:01:00,4374.29,4378.87,4370.04,4375.32
2026-08-13 13:06:00,4375.34,4378.88,4368.46,4370.37
2026-08-13 13:11:00,4370.36,4376.37,4366.72,4373.22
2026-08-13 13:16:00,4372.95,4378.19,4369.2,4376.03
2026-08-13 13:21:00,4376.02,4377.99,4370.83,4373.44
2026-08-13 13:26:00,4373.38,4376.24,4355.84,4363.26
2026-08-13 13:31:00,4363.24,4376.63,4363.0,4376.44
2026-08-13 13:36:00,4376.39,4378.77,4372.14,4378.67
2026-08-13 13:41:00,4378.68,4383.0,4377.03,4381.53
2026-08-13 13:46:00,4381.53,4386.88,4381.34,4382.76
2026-08-13 13:51:00,4382.98,4387.0,4382.76,4383.66
2026-08-13 13:56:00,4383.73,4386.93,4383.19,4383.61
2026-08-13 14:01:00,4383.68,4385.2,4374.91,4374.91
2026-08-13 14:06:00,4374.9,4375.78,4369.17,4369.98
2026-08-13 14:11:00,4369.98,4371.22,4367.18,4369.23
2026-08-13 14:16:00,4369.23,4369.26,4363.45,4367.68
2026-08-13 14:21:00,4367.72,4372.23,4366.47,4369.77
2026-08-13 14:26:00,4369.78,4373.97,4359.57,4361.98
2026-08-13 14:31:00,4362.07,4364.68,4357.65,4362.67
2026-08-13 14:36:00,4362.74,4371.48,4362.69,4369.72
2026-08-13 14:41:00,4369.74,4371.58,4368.31,4369.2
2026-08-13 14:46:00,4369.26,4370.88,4367.75,4369.42
2026-08-13 14:51:00,4369.42,4369.51,4365.46,4366.28
2026-08-13 14:56:00,4366.21,4368.15,4363.51,4367.1
2026-08-13 15:01:00,4367.02,4367.16,4360.94,4362.35
2026-08-13 15:06:00,4362.49,4363.58,4355.86,4356.97
2026-08-13 15:11:00,4357.02,4360.22,4353.49,4353.65
2026-08-13 15:16:00,4353.68,4355.73,4351.4,4355.6
2026-08-13 15:21:00,4355.6,4360.45,4353.99,4358.91
2026-08-13 15:26:00,4358.92,4366.26,4356.81,4365.27
2026-08-13 15:31:00,4365.27,4366.76,4362.84,4365.61
2026-08-13 15:36:00,4365.63,4366.07,4363.04,4364.0
2026-08-13 15:41:00,4363.95,4367.5,4363.37,4366.93
2026-08-13 15:46:00,4366.87,4367.58,4365.46,4365.98
2026-08-13 15:51:00,4365.98,4367.06,4364.16,4366.87
2026-08-13 15:56:00,4366.77,4369.35,4366.23,4368.14
2026-08-13 16:01:00,4368.13,4369.01,4365.22,4367.42
2026-08-13 16:06:00,4367.43,4373.03,4367.43,4372.66
2026-08-13 16:11:00,4372.66,4373.39,4370.06,4370.19
2026-08-13 16:16:00,4370.22,4370.35,4366.2,4367.61
2026-08-13 16:21:00,4367.61,4369.31,4367.21,4367.86
2026-08-13 16:26:00,4367.91,4368.39,4362.43,4363.55
2026-08-13 16:31:00,4363.55,4363.97,4359.9,4361.16
2026-08-13 16:36:00,4361.16,4362.42,4360.51,4361.42
2026-08-13 16:41:00,4361.17,4361.9,4355.66,4359.17
2026-08-13 16:46:00,4359.11,4360.05,4358.22,4360.05
2026-08-13 16:51:00,4359.91,4359.93,4357.37,4357.54
2026-08-13 16:56:00,4357.54,4357.77,4355.76,4357.45
2026-08-13 17:01:00,4357.44,4359.98,4356.9,4358.94
2026-08-13 17:06:00,4358.94,4360.04,4357.35,4358.54
2026-08-13 17:11:00,4358.52,4362.74,4358.12,4361.84
2026-08-13 17:16:00,4361.84,4363.62,4360.84,4362.23
2026-08-13 17:21:00,4362.23,4362.55,4354.92,4354.99
2026-08-13 17:26:00,4354.94,4359.49,4354.77,4357.82
2026-08-13 17:31:00,4357.96,4358.98,4356.4,4358.41
2026-08-13 17:36:00,4358.4,4360.33,4358.31,4359.39
2026-08-13 17:41:00,4359.39,4359.59,4357.19,4357.52
2026-08-13 17:46:00,4357.52,4358.23,4355.7,4355.7
2026-08-13 17:51:00,4355.66,4357.8,4354.72,4357.08
2026-08-13 17:56:00,4357.08,4357.68,4356.55,4357.45
2026-08-13 18:01:00,4357.45,4358.91,4356.13,4357.98
2026-08-13 18:06:00,4357.98,4358.22,4352.86,4352.98
2026-08-13 18:11:00,4352.97,4353.54,4343.71,4348.15
2026-08-13 18:16:00,4348.15,4348.71,4345.94,4347.6
2026-08-13 18:21:00,4347.68,4349.33,4346.51,4348.78
2026-08-13 18:26:00,4348.75,4352.0,4348.75,4351.7
2026-08-13 18:31:00,4351.69,4352.03,4349.79,4350.97
2026-08-13 18:36:00,4350.97,4354.18,4350.73,4353.19
2026-08-13 18:41:00,4353.19,4353.25,4349.16,4349.16
2026-08-13 18:46:00,4349.18,4350.18,4347.69,4349.08
2026-08-13 18:51:00,4349.08,4350.84,4348.49,4349.24
2026-08-13 18:56:00,4349.25,4350.58,4348.18,4350.27
2026-08-13 19:01:00,4349.51,4349.75,4347.0,4348.61
2026-08-13 19:06:00,4348.79,4350.16,4347.98,4350.06
2026-08-13 19:11:00,4350.06,4350.55,4349.35,4350.28
2026-08-13 19:16:00,4350.28,4351.37,4350.14,4350.29
2026-08-13 19:21:00,4350.3,4350.75,4349.46,4350.73
2026-08-13 19:26:00,4350.73,4352.26,4350.73,4350.79
2026-08-13 19:31:00,4350.79,4350.81,4348.09,4349.5
2026-08-13 19:36:00,4349.5,4349.99,4348.49,4348.65
2026-08-13 19:41:00,4348.69,4350.56,4348.39,4350.06
2026-08-13 19:46:00,4349.89,4350.77,4349.31,4349.9
2026-08-13 19:51:00,4349.96,4350.05,4348.64,4349.23
2026-08-13 19:56:00,4349.3,4354.65,4349.28,4354.38
2026-08-13 21:02:00,4354.39,4356.48,4352.07,4356.44
2026-08-13 21:07:00,4356.36,4357.04,4355.5,4355.79
2026-08-13 21:12:00,4355.73,4356.15,4353.81,4353.94
2026-08-13 21:17:00,4353.91,4355.16,4352.92,4354.64
2026-08-13 21:22:00,4354.81,4357.1,4354.48,4356.65
2026-08-13 21:27:00,4356.56,4357.89,4356.34,4356.94
2026-08-13 21:32:00,4356.88,4360.11,4355.79,4359.34
2026-08-13 21:37:00,4359.34,4362.81,4359.34,4361.38
2026-08-13 21:42:00,4361.41,4362.16,4358.61,4360.9
2026-08-13 21:47:00,4360.85,4361.23,4354.67,4355.01
2026-08-13 21:52:00,4354.99,4357.69,4354.82,4355.1
2026-08-13 21:57:00,4355.28,4355.89,4353.2,4353.6
2026-08-13 22:02:00,4353.6,4353.85,4349.28,4353.24
2026-08-13 22:07:00,4353.27,4359.71,4351.46,4357.68
2026-08-13 22:12:00,4357.68,4360.68,4354.91,4360.19
2026-08-13 22:17:00,4360.18,4361.31,4357.11,4359.91
2026-08-13 22:22:00,4359.82,4362.26,4358.22,4362.0
2026-08-13 22:27:00,4362.0,4363.59,4359.95,4363.36
2026-08-13 22:32:00,4363.34,4363.37,4360.54,4361.11
2026-08-13 22:37:00,4361.11,4362.37,4358.71,4359.24
2026-08-13 22:42:00,4359.24,4362.84,4358.81,4362.5
2026-08-13 22:47:00,4362.5,4364.16,4359.92,4360.0
2026-08-13 22:52:00,4360.11,4360.44,4357.27,4359.31
2026-08-13 22:57:00,4359.31,4359.55,4355.56,4358.0
2026-08-13 23:02:00,4358.0,4362.07,4355.13,4355.31
2026-08-13 23:07:00,4355.31,4358.23,4353.7,4354.43
2026-08-13 23:12:00,4354.01,4354.82,4349.33,4349.4
2026-08-13 23:17:00,4349.41,4350.64,4348.05,4349.1
2026-08-13 23:22:00,4349.01,4349.33,4339.95,4342.2
2026-08-13 23:27:00,4342.03,4344.12,4337.28,4340.1
2026-08-13 23:32:00,4340.45,4347.02,4339.53,4342.97
2026-08-13 23:37:00,4342.97,4343.34,4334.49,4335.76
2026-08-13 23:42:00,4335.73,4342.82,4334.79,4339.82
2026-08-13 23:47:00,4339.82,4340.14,4329.44,4337.32
2026-08-13 23:52:00,4337.39,4341.14,4334.62,4340.72
2026-08-13 23:57:00,4340.72,4342.1,4332.96,4333.55
2026-08-14 00:02:00,4333.57,4334.11,4329.39,4332.95
2026-08-14 00:07:00,4332.93,4333.66,4322.33,4324.93
2026-08-14 00:12:00,4325.01,4326.46,4321.6,4323.0
2026-08-14 00:17:00,4323.0,4325.86,4317.83,4323.58
2026-08-14 00:22:00,4323.56,4323.56,4314.77,4319.44
2026-08-14 00:27:00,4319.45,4321.98,4314.64,4315.97
2026-08-14 00:32:00,4315.94,4318.7,4313.37,4318.66
2026-08-14 00:37:00,4318.66,4320.52,4317.29,4320.09
2026-08-14 00:42:00,4320.07,4323.32,4318.82,4320.92
2026-08-14 00:47:00,4320.77,4320.77,4314.12,4316.11
2026-08-14 00:52:00,4316.11,4321.55,4312.4,4320.36
2026-08-14 00:57:00,4320.36,4321.16,4316.41,4320.28
2026-08-14 01:02:00,4320.27,4322.81,4315.89,4319.52
2026-08-14 01:07:00,4319.49,4319.59,4313.28,4313.28
2026-08-14 01:12:00,4312.8,4315.19,4310.93,4315.04
2026-08-14 01:17:00,4315.07,4317.46,4312.89,4316.54
2026-08-14 01:22:00,4316.54,4317.17,4315.02,4316.8
2026-08-14 01:27:00,4316.88,4319.68,4312.45,4319.32
2026-08-14 01:32:00,4319.38,4322.78,4311.76,4321.08
2026-08-14 01:37:00,4321.16,4322.44,4319.1,4319.67
2026-08-14 01:42:00,4319.62,4322.17,4318.17,4318.85
2026-08-14 01:47:00,4318.96,4319.25,4314.08,4317.48
2026-08-14 01:52:00,4317.47,4318.22,4313.87,4313.87
2026-08-14 01:57:00,4313.85,4316.26,4312.76,4315.63
2026-08-14 02:02:00,4315.62,4321.34,4314.94,4321.31
2026-08-14 02:07:00,4321.29,4323.37,4319.06,4319.17
2026-08-14 02:12:00,4319.17,4323.83,4318.73,4321.25
2026-08-14 02:17:00,4321.28,4326.11,4321.15,4324.53
2026-08-14 02:22:00,4324.53,4325.89,4323.82,4325.84
2026-08-14 02:27:00,4325.88,4326.36,4325.2,4326.02
2026-08-14 02:32:00,4325.99,4328.21,4325.62,4327.86
2026-08-14 02:37:00,4327.86,4327.96,4325.49,4326.05
2026-08-14 02:42:00,4326.05,4326.43,4325.39,4326.27
2026-08-14 02:47:00,4326.34,4326.87,4324.82,4325.16
2026-08-14 02:52:00,4325.24,4325.96,4323.69,4324.15
2026-08-14 02:57:00,4324.19,4324.88,4323.25,4324.39
2026-08-14 03:02:00,4324.39,4324.86,4322.83,4324.16
2026-08-14 03:07:00,4324.19,4325.21,4323.38,4325.21
2026-08-14 03:12:00,4325.22,4327.39,4324.54,4327.11
2026-08-14 03:17:00,4327.09,4327.98,4326.59,4326.88
2026-08-14 03:22:00,4326.87,4327.3,4326.21,4327.3
2026-08-14 03:27:00,4327.3,4327.44,4323.98,4324.68
2026-08-14 03:32:00,4324.7,4325.64,4323.48,4325.28
2026-08-14 03:37:00,4325.28,4326.54,4324.6,4325.89
2026-08-14 03:42:00,4325.88,4326.18,4324.18,4324.36
2026-08-14 03:47:00,4324.35,4325.24,4323.86,4324.97
2026-08-14 03:52:00,4324.98,4325.41,4324.29,4325.07
2026-08-14 03:57:00,4325.13,4327.12,4323.81,4324.07
2026-08-14 04:02:00,4324.07,4326.05,4322.65,4322.96
2026-08-14 04:07:00,4323.04,4323.26,4319.6,4321.23
2026-08-14 04:12:00,4321.24,4322.27,4318.66,4318.95
2026-08-14 04:17:00,4318.97,4319.97,4317.79,4318.42
2026-08-14 04:22:00,4318.42,4319.05,4317.11,4318.28
2026-08-14 04:27:00,4318.28,4319.54,4311.05,4314.69
2026-08-14 04:32:00,4314.58,4320.52,4314.21,4320.17
2026-08-14 04:37:00,4320.15,4324.94,4319.95,4323.07
2026-08-14 04:42:00,4323.06,4323.49,4317.6,4321.21
2026-08-14 04:47:00,4321.21,4328.42,4320.94,4327.5
2026-08-14 04:52:00,4327.6,4331.92,4327.04,4330.96
2026-08-14 04:57:00,4330.95,4334.29,4329.64,4333.0
2026-08-14 05:02:00,4333.04,4336.66,4332.61,4332.81
2026-08-14 05:07:00,4332.81,4333.44,4329.83,4332.16
2026-08-14 05:12:00,4332.17,4334.17,4331.46,4332.96
2026-08-14 05:17:00,4332.95,4333.38,4328.49,4329.99
2026-08-14 05:22:00,4329.97,4332.41,4329.03,4331.64
2026-08-14 05:27:00,4331.61,4332.14,4328.7,4329.78
2026-08-14 05:32:00,4329.81,4330.53,4328.23,4328.83
2026-08-14 05:37:00,4328.78,4330.56,4327.99,4330.14
2026-08-14 05:42:00,4330.14,4334.53,4329.86,4334.1
2026-08-14 05:47:00,4334.04,4335.51,4332.97,4334.23
2026-08-14 05:52:00,4334.22,4335.41,4333.79,4334.67
2026-08-14 05:57:00,4334.65,4335.95,4333.01,4334.05
2026-08-14 06:02:00,4334.04,4337.37,4333.7,4334.66
2026-08-14 06:07:00,4334.72,4335.01,4333.3,4334.76
2026-08-14 06:12:00,4334.76,4335.01,4331.29,4332.09
2026-08-14 06:17:00,4332.13,4333.5,4329.72,4333.21
2026-08-14 06:22:00,4333.23,4336.57,4332.9,4333.48
2026-08-14 06:27:00,4333.48,4334.2,4331.79,4332.63
2026-08-14 06:32:00,4332.64,4336.28,4332.48,4335.01
2026-08-14 06:37:00,4334.98,4339.37,4334.7,4339.37
2026-08-14 06:42:00,4339.3,4343.37,4337.88,4339.88
2026-08-14 06:47:00,4339.86,4343.47,4339.56,4341.89
2026-08-14 06:52:00,4341.94,4343.61,4341.61,4342.61
2026-08-14 06:57:00,4342.83,4348.06,4342.13,4345.57
2026-08-14 07:02:00,4345.62,4345.62,4342.03,4344.25
2026-08-14 07:07:00,4344.14,4346.38,4343.34,4345.58
2026-08-14 07:12:00,4345.55,4348.71,4344.26,4347.5
2026-08-14 07:17:00,4347.5,4349.2,4344.39,4344.75
2026-08-14 07:22:00,4344.75,4345.21,4343.63,4344.12
2026-08-14 07:27:00,4344.04,4346.62,4343.81,4345.47
2026-08-14 07:32:00,4345.47,4347.02,4344.35,4346.74
2026-08-14 07:37:00,4346.74,4349.39,4346.4,4348.07
2026-08-14 07:42:00,4348.07,4348.33,4342.9,4344.15
2026-08-14 07:47:00,4344.14,4346.02,4343.74,4345.9
2026-08-14 07:52:00,4345.88,4349.8,4345.69,4349.06
2026-08-14 07:57:00,4348.91,4349.02,4347.27,4348.63
2026-08-14 08:02:00,4348.42,4348.92,4346.65,4347.33
2026-08-14 08:07:00,4347.38,4349.45,4346.08,4349.22
2026-08-14 08:12:00,4349.22,4351.93,4348.56,4350.75
2026-08-14 08:17:00,4350.76,4352.49,4348.86,4351.44
2026-08-14 08:22:00,4351.34,4354.26,4350.02,4353.03
2026-08-14 08:27:00,4352.99,4353.03,4350.13,4350.19
2026-08-14 08:32:00,4350.2,4354.58,4350.2,4353.17
2026-08-14 08:37:00,4353.2,4353.96,4351.9,4353.4
2026-08-14 08:42:00,4353.4,4354.61,4352.21,4353.52
2026-08-14 08:47:00,4353.5,4355.33,4352.7,4353.47
2026-08-14 08:52:00,4353.49,4355.46,4353.08,4354.97
2026-08-14 08:57:00,4354.97,4357.48,4354.39,4356.23
2026-08-14 09:02:00,4356.18,4357.42,4356.08,4357.27
2026-08-14 09:07:00,4357.11,4358.7,4355.32,4356.43
2026-08-14 09:12:00,4356.37,4356.94,4353.07,4353.33
2026-08-14 09:17:00,4353.34,4354.17,4352.11,4353.06
2026-08-14 09:22:00,4353.07,4354.34,4351.0,4351.47
2026-08-14 09:27:00,4351.49,4351.88,4348.95,4349.4
2026-08-14 09:32:00,4349.24,4350.31,4348.34,4350.31
2026-08-14 09:37:00,4350.28,4350.66,4348.75,4350.15
2026-08-14 09:42:00,4350.15,4352.61,4349.18,4351.76
2026-08-14 09:47:00,4351.79,4353.04,4351.28,4353.04
2026-08-14 09:52:00,4353.03,4353.59,4349.44,4349.49
2026-08-14 09:57:00,4349.48,4350.43,4348.52,4350.09
2026-08-14 10:02:00,4350.09,4351.04,4349.02,4349.8
2026-08-14 10:07:00,4349.8,4351.56,4349.53,4351.44
2026-08-14 10:12:00,4351.44,4353.75,4350.06,4353.75
2026-08-14 10:17:00,4353.63,4356.84,4353.57,4356.49
2026-08-14 10:22:00,4356.49,4356.67,4353.21,4355.66
2026-08-14 10:27:00,4355.66,4360.62,4355.42,4358.4
2026-08-14 10:32:00,4358.35,4362.21,4357.92,4360.96
2026-08-14 10:37:00,4360.96,4363.47,4360.32,4362.56
2026-08-14 10:42:00,4362.54,4363.46,4361.63,4361.78
2026-08-14 10:47:00,4361.78,4365.91,4361.08,4365.81
2026-08-14 10:52:00,4365.79,4368.25,4365.67,4366.04
2026-08-14 10:57:00,4366.04,4372.78,4365.7,4371.64
2026-08-14 11:02:00,4371.64,4375.34,4371.59,4373.82
2026-08-14 11:07:00,4373.81,4376.72,4370.06,4370.37
2026-08-14 11:12:00,4370.41,4372.3,4366.06,4370.24
2026-08-14 11:17:00,4370.21,4377.4,4370.14,4377.3
2026-08-14 11:22:00,4377.32,4380.49,4377.22,4378.6
2026-08-14 11:27:00,4378.56,4386.91,4377.29,4386.79
2026-08-14 11:32:00,4386.64,4386.65,4378.74,4378.92
2026-08-14 11:37:00,4378.88,4379.46,4373.05,4373.44
2026-08-14 11:42:00,4373.52,4374.45,4370.91,4371.12
2026-08-14 11:47:00,4371.11,4376.86,4371.1,4373.64
2026-08-14 11:52:00,4373.66,4377.86,4372.91,4373.8
2026-08-14 11:57:00,4373.8,4375.61,4370.33,4374.31
2026-08-14 12:02:00,4374.22,4380.28,4371.67,4379.42
2026-08-14 12:07:00,4379.39,4381.13,4376.26,4378.94
2026-08-14 12:12:00,4378.94,4380.56,4374.96,4379.36
2026-08-14 12:17:00,4379.08,4381.3,4377.73,4381.02
2026-08-14 12:22:00,4381.08,4386.52,4381.08,4386.14
2026-08-14 12:27:00,4385.88,4389.39,4383.67,4387.67
2026-08-14 12:32:00,4387.49,4393.9,4387.17,4393.36
2026-08-14 12:37:00,4393.36,4397.07,4390.68,4391.15
2026-08-14 12:42:00,4391.32,4396.31,4389.92,4390.02
2026-08-14 12:47:00,4390.04,4390.64,4385.12,4387.79
2026-08-14 12:52:00,4387.8,4388.17,4383.08,4384.0
2026-08-14 12:57:00,4384.03,4392.96,4382.96,4388.4
2026-08-14 13:02:00,4388.41,4392.64,4387.93,4391.81
2026-08-14 13:07:00,4391.84,4391.97,4387.16,4389.94
2026-08-14 13:12:00,4389.94,4393.21,4388.58,4389.29
2026-08-14 13:17:00,4389.28,4391.56,4385.35,4387.8
2026-08-14 13:22:00,4387.81,4394.67,4386.84,4392.32
2026-08-14 13:27:00,4392.2,4393.9,4388.37,4390.38
2026-08-14 13:32:00,4390.39,4390.8,4384.32,4386.83
2026-08-14 13:37:00,4386.83,4387.2,4383.51,4383.53
2026-08-14 13:42:00,4383.61,4384.96,4379.65,4380.5
2026-08-14 13:47:00,4380.52,4382.56,4378.84,4379.74
2026-08-14 13:52:00,4379.72,4383.19,4379.65,4380.17
2026-08-14 13:57:00,4380.16,4385.92,4379.88,4385.65
2026-08-14 14:02:00,4385.78,4390.69,4385.63,4387.75
2026-08-14 14:07:00,4387.75,4389.3,4385.6,4388.08
2026-08-14 14:12:00,4388.12,4394.08,4387.54,4389.4
2026-08-14 14:17:00,4389.35,4392.35,4385.28,4385.63
2026-08-14 14:22:00,4385.65,4386.05,4379.06,4380.73
2026-08-14 14:27:00,4380.7,4389.07,4380.15,4385.5
2026-08-14 14:32:00,4385.53,4390.08,4384.77,4389.67
2026-08-14 14:37:00,4389.71,4389.71,4386.78,4388.91
2026-08-14 14:42:00,4388.86,4393.44,4386.75,4392.26
2026-08-14 14:47:00,4392.26,4394.84,4391.28,4392.68
2026-08-14 14:52:00,4392.73,4393.08,4390.11,4392.59
2026-08-14 14:57:00,4392.57,4396.72,4390.81,4394.55
2026-08-14 15:02:00,4394.54,4395.1,4390.9,4392.36
2026-08-14 15:07:00,4392.36,4392.71,4388.87,4389.41
2026-08-14 15:12:00,4389.4,4391.51,4388.95,4391.41
2026-08-14 15:17:00,4391.53,4393.05,4390.87,4392.74
2026-08-14 15:22:00,4392.78,4392.78,4387.57,4387.6
2026-08-14 15:27:00,4387.69,4388.12,4384.43,4385.11
2026-08-14 15:32:00,4385.08,4386.9,4380.32,4386.26
2026-08-14 15:37:00,4386.23,4389.05,4385.66,4386.7
2026-08-14 15:42:00,4386.69,4387.56,4385.71,4386.83
2026-08-14 15:47:00,4386.88,4387.12,4385.45,4386.62
2026-08-14 15:52:00,4386.59,4387.53,4384.93,4385.61
2026-08-14 15:57:00,4385.51,4386.46,4384.12,4384.34
2026-08-14 16:02:00,4384.46,4384.47,4382.04,4382.05
2026-08-14 16:07:00,4382.11,4383.02,4381.48,4381.67
2026-08-14 16:12:00,4381.67,4384.73,4380.39,4382.51
2026-08-14 16:17:00,4382.52,4382.77,4379.77,4382.17
2026-08-14 16:22:00,4382.17,4382.44,4380.45,4381.17
2026-08-14 16:27:00,4381.09,4382.32,4379.36,4381.57
2026-08-14 16:32:00,4381.57,4382.86,4380.5,4380.6
2026-08-14 16:37:00,4380.6,4380.83,4379.33,4380.17
2026-08-14 16:42:00,4380.17,4380.34,4376.5,4377.04
2026-08-14 16:47:00,4377.06,4377.47,4376.31,4376.89
2026-08-14 16:52:00,4376.89,4379.11,4376.84,4377.58
2026-08-14 16:57:00,4377.59,4378.82,4376.53,4377.09
2026-08-14 17:02:00,4377.03,4381.72,4376.76,4380.77
2026-08-14 17:07:00,4380.77,4380.81,4378.49,4379.01
2026-08-14 17:12:00,4379.01,4379.01,4376.97,4377.47
2026-08-14 17:17:00,4377.41,4380.31,4377.41,4380.22
2026-08-14 17:22:00,4380.16,4380.16,4379.11,4379.66
2026-08-14 17:27:00,4379.6,4380.58,4377.99,4378.0
2026-08-14 17:32:00,4378.04,4380.04,4377.38,4379.88
2026-08-14 17:37:00,4379.88,4382.76,4379.3,4381.67
2026-08-14 17:42:00,4381.67,4382.09,4370.92,4374.32
2026-08-14 17:47:00,4374.36,4375.09,4373.45,4374.23
2026-08-14 17:52:00,4374.23,4375.69,4372.99,4373.6
2026-08-14 17:57:00,4373.6,4374.32,4372.56,4373.41
2026-08-14 18:02:00,4373.41,4374.38,4372.0,4374.37
2026-08-14 18:07:00,4374.37,4377.19,4373.5,4376.8
2026-08-14 18:12:00,4376.8,4377.21,4374.72,4375.54
2026-08-14 18:17:00,4375.54,4376.95,4374.72,4376.35
2026-08-14 18:22:00,4376.36,4377.85,4375.8,4377.64
2026-08-14 18:27:00,4377.61,4377.93,4376.6,4377.55
2026-08-14 18:32:00,4377.52,4378.25,4376.72,4377.26
2026-08-14 18:37:00,4377.2,4377.5,4376.16,4377.15
2026-08-14 18:42:00,4377.16,4377.19,4375.42,4375.48
2026-08-14 18:47:00,4375.45,4377.11,4375.28,4376.94
2026-08-14 18:52:00,4376.94,4379.96,4373.63,4375.77
2026-08-14 18:57:00,4375.79,4376.42,4374.0,4375.06
2026-08-14 19:02:00,4375.06,4375.27,4372.4,4373.29
2026-08-14 19:07:00,4373.28,4373.98,4371.5,4372.05
2026-08-14 19:12:00,4372.04,4373.79,4371.64,4373.68
2026-08-14 19:17:00,4373.64,4374.0,4373.23,4373.94
2026-08-14 19:22:00,4373.91,4374.92,4372.64,4374.76
2026-08-14 19:27:00,4374.79,4374.81,4373.96,4374.59
2026-08-14 19:32:00,4374.52,4374.82,4373.65,4374.55
2026-08-14 19:37:00,4374.55,4376.9,4374.25,4376.07
2026-08-14 19:42:00,4376.07,4376.2,4374.78,4375.38
2026-08-14 19:47:00,4375.38,4375.87,4374.94,4375.62
2026-08-14 19:52:00,4375.67,4376.17,4375.15,4375.69
2026-08-14 19:57:00,4375.76,4380.16,4372.37,4374.26
2026-08-16 21:04:00,4373.99,4376.51,4372.49,4376.05
2026-08-16 21:09:00,4376.07,4378.87,4374.27,4375.61
2026-08-16 21:14:00,4375.61,4375.97,4372.75,4372.97
2026-08-16 21:19:00,4372.98,4375.12,4372.94,4373.76
2026-08-16 21:24:00,4373.8,4375.26,4372.87,4374.72
2026-08-16 21:29:00,4374.65,4377.43,4374.08,4377.43
2026-08-16 21:34:00,4377.4,4377.91,4376.74,4377.38
2026-08-16 21:39:00,4377.38,4379.01,4376.81,4377.05
2026-08-16 21:44:00,4377.06,4380.7,4377.03,4380.61
2026-08-16 21:49:00,4380.51,4384.29,4380.08,4383.97
2026-08-16 21:54:00,4383.98,4385.44,4382.79,4385.03
2026-08-16 21:59:00,4385.03,4386.94,4380.66,4384.33
2026-08-16 22:04:00,4384.33,4384.33,4381.3,4381.92
2026-08-16 22:09:00,4381.81,4383.41,4381.42,4381.49
2026-08-16 22:14:00,4381.49,4381.6,4378.52,4379.62
2026-08-16 22:19:00,4379.62,4380.76,4375.39,4376.3
2026-08-16 22:24:00,4376.36,4376.63,4374.25,4374.42
2026-08-16 22:29:00,4374.41,4375.21,4369.38,4370.58
2026-08-16 22:34:00,4370.78,4371.86,4367.19,4369.75
2026-08-16 22:39:00,4369.75,4371.87,4367.85,4369.08
2026-08-16 22:44:00,4369.08,4373.86,4368.29,4373.37
2026-08-16 22:49:00,4373.37,4373.42,4370.57,4371.68
2026-08-16 22:54:00,4371.68,4372.6,4369.83,4370.64
2026-08-16 22:59:00,4370.69,4374.11,4368.11,4373.21
2026-08-16 23:04:00,4373.08,4375.88,4372.29,4375.63
2026-08-16 23:09:00,4375.58,4379.51,4372.25,4377.85
2026-08-16 23:14:00,4378.04,4387.39,4376.89,4385.52
2026-08-16 23:19:00,4385.47,4388.36,4383.84,4384.77
2026-08-16 23:24:00,4384.78,4390.91,4384.78,4389.99
2026-08-16 23:29:00,4389.99,4394.44,4389.49,4393.56
2026-08-16 23:34:00,4393.55,4393.55,4388.82,4389.23
2026-08-16 23:39:00,4389.25,4392.72,4387.4,4392.51
2026-08-16 23:44:00,4392.51,4397.53,4392.11,4396.04
2026-08-16 23:49:00,4396.07,4398.59,4394.49,4397.47
2026-08-16 23:54:00,4397.45,4402.14,4397.0,4401.64
2026-08-16 23:59:00,4401.54,4407.24,4398.93,4406.27
2026-08-17 00:04:00,4406.26,4411.48,4405.14,4409.61
2026-08-17 00:09:00,4409.61,4410.63,4404.37,4410.6
2026-08-17 00:14:00,4410.6,4411.85,4406.36,4408.11
2026-08-17 00:19:00,4408.09,4415.14,4407.85,4415.14
2026-08-17 00:24:00,4415.17,4416.51,4408.0,4408.68
2026-08-17 00:29:00,4408.68,4409.18,4403.63,4403.65
2026-08-17 00:34:00,4403.3,4403.38,4399.12,4400.08
2026-08-17 00:39:00,4400.09,4401.69,4397.66,4400.43
2026-08-17 00:44:00,4400.26,4403.93,4395.58,4395.86
2026-08-17 00:49:00,4396.09,4398.89,4392.16,4396.8
2026-08-17 00:54:00,4396.8,4397.73,4393.21,4395.94
2026-08-17 00:59:00,4395.94,4398.27,4394.85,4396.06
2026-08-17 01:04:00,4396.06,4397.57,4392.7,4395.86
2026-08-17 01:09:00,4395.86,4396.21,4392.74,4394.31
2026-08-17 01:14:00,4394.4,4395.75,4392.58,4394.18
2026-08-17 01:19:00,4394.22,4395.35,4389.97,4394.86
2026-08-17 01:24:00,4394.86,4397.51,4393.9,4396.65
2026-08-17 01:29:00,4396.65,4398.14,4392.52,4394.24
2026-08-17 01:34:00,4394.25,4395.61,4392.09,4393.28
2026-08-17 01:39:00,4393.28,4395.07,4389.91,4394.72
2026-08-17 01:44:00,4394.72,4395.23,4390.74,4391.54
2026-08-17 01:49:00,4391.56,4392.76,4390.23,4391.01
2026-08-17 01:54:00,4391.3,4393.51,4388.51,4392.32
2026-08-17 01:59:00,4392.31,4395.03,4391.91,4393.26
2026-08-17 02:04:00,4393.22,4394.05,4391.84,4392.5
2026-08-17 02:09:00,4392.41,4392.46,4388.73,4389.38
2026-08-17 02:14:00,4389.38,4391.0,4388.17,4390.07
2026-08-17 02:19:00,4390.03,4391.75,4389.96,4391.27
2026-08-17 02:24:00,4391.16,4391.4,4388.76,4390.63
2026-08-17 02:29:00,4390.67,4395.66,4390.61,4394.71
2026-08-17 02:34:00,4394.68,4395.28,4392.41,4393.99
2026-08-17 02:39:00,4394.12,4397.14,4393.6,4397.02
2026-08-17 02:44:00,4397.12,4397.22,4393.0,4393.63
2026-08-17 02:49:00,4393.62,4395.36,4393.61,4394.98
2026-08-17 02:54:00,4394.96,4397.24,4394.07,4397.11
2026-08-17 02:59:00,4397.17,4399.6,4396.6,4397.67
2026-08-17 03:04:00,4397.67,4398.74,4396.58,4397.97
2026-08-17 03:09:00,4397.97,4399.66,4397.21,4398.82
2026-08-17 03:14:00,4398.85,4399.28,4396.79,4396.9
2026-08-17 03:19:00,4396.9,4397.52,4393.07,4393.62
2026-08-17 03:24:00,4393.63,4394.37,4390.33,4391.05
2026-08-17 03:29:00,4390.96,4391.57,4389.05,4391.33
2026-08-17 03:34:00,4391.33,4393.88,4390.17,4392.21
2026-08-17 03:39:00,4392.21,4395.95,4391.95,4395.69
2026-08-17 03:44:00,4395.59,4397.9,4395.26,4397.01
2026-08-17 03:49:00,4397.01,4397.15,4394.99,4395.91
2026-08-17 03:54:00,4395.91,4395.93,4391.28,4391.28
2026-08-17 03:59:00,4391.27,4392.72,4389.93,4392.51
2026-08-17 04:04:00,4392.51,4393.29,4390.01,4392.68
2026-08-17 04:09:00,4392.66,4392.82,4389.19,4389.27
2026-08-17 04:14:00,4389.3,4392.54,4387.01,4392.49
2026-08-17 04:19:00,4392.49,4396.95,4390.78,4395.75
2026-08-17 04:24:00,4395.78,4398.64,4394.67,4398.05
2026-08-17 04:29:00,4398.06,4401.31,4396.4,4397.52
2026-08-17 04:34:00,4397.49,4398.26,4392.32,4395.52
2026-08-17 04:39:00,4395.52,4396.89,4393.85,4394.59
2026-08-17 04:44:00,4394.59,4396.91,4392.4,4396.81
2026-08-17 04:49:00,4396.81,4397.56,4394.27,4394.32
2026-08-17 04:54:00,4393.99,4396.03,4392.67,4394.48
2026-08-17 04:59:00,4394.51,4398.29,4393.98,4397.27
2026-08-17 05:04:00,4397.27,4398.02,4394.88,4397.0
2026-08-17 05:09:00,4396.99,4397.61,4392.8,4395.16
2026-08-17 05:14:00,4395.16,4397.6,4393.82,4393.82
2026-08-17 05:19:00,4393.82,4397.05,4392.66,4395.72
2026-08-17 05:24:00,4395.73,4399.55,4394.69,4397.45
2026-08-17 05:29:00,4397.44,4400.07,4395.05,4395.52
2026-08-17 05:34:00,4395.51,4396.21,4393.72,4394.35
2026-08-17 05:39:00,4394.35,4395.45,4393.77,4395.18
2026-08-17 05:44:00,4395.19,4400.35,4393.72,4400.32
2026-08-17 05:49:00,4400.32,4404.57,4399.95,4403.22
2026-08-17 05:54:00,4403.22,4403.43,4401.15,4402.81
2026-08-17 05:59:00,4402.8,4404.1,4401.94,4403.29
2026-08-17 06:04:00,4403.26,4403.51,4399.58,4400.93
2026-08-17 06:09:00,4401.16,4401.49,4396.69,4396.9
2026-08-17 06:14:00,4396.88,4399.32,4396.16,4399.06
2026-08-17 06:19:00,4399.03,4399.25,4396.24,4397.21
2026-08-17 06:24:00,4397.18,4401.94,4396.36,4401.94
2026-08-17 06:29:00,4401.88,4408.22,4401.73,4405.36
2026-08-17 06:34:00,4405.36,4411.45,4405.36,4407.4
2026-08-17 06:39:00,4407.4,4411.04,4407.13,4409.82
2026-08-17 06:44:00,4409.83,4410.35,4407.35,4409.07
2026-08-17 06:49:00,4409.06,4409.27,4403.95,4404.8
2026-08-17 06:54:00,4404.83,4406.06,4403.64,4405.61
2026-08-17 06:59:00,4405.64,4405.72,4400.47,4400.56
2026-08-17 07:04:00,4400.56,4400.8,4397.65,4399.24
2026-08-17 07:09:00,4399.24,4402.68,4398.35,4402.6
2026-08-17 07:14:00,4402.48,4403.91,4400.95,4401.12
2026-08-17 07:19:00,4401.19,4403.19,4400.46,4402.31
2026-08-17 07:24:00,4402.36,4403.34,4401.57,4402.55
2026-08-17 07:29:00,4402.41,4402.41,4399.58,4399.98
2026-08-17 07:34:00,4399.97,4402.2,4399.08,4401.82
2026-08-17 07:39:00,4401.82,4401.88,4397.05,4397.21
2026-08-17 07:44:00,4397.25,4397.47,4395.01,4395.81
2026-08-17 07:49:00,4395.77,4396.12,4392.85,4393.26
2026-08-17 07:54:00,4393.3,4396.01,4392.59,4394.53
2026-08-17 07:59:00,4394.57,4395.64,4393.38,4395.03
2026-08-17 08:04:00,4395.03,4398.08,4394.85,4397.62
2026-08-17 08:09:00,4397.62,4400.67,4397.62,4399.27
2026-08-17 08:14:00,4399.27,4400.0,4397.15,4398.16
2026-08-17 08:19:00,4398.16,4398.76,4396.54,4397.72
2026-08-17 08:24:00,4397.71,4398.17,4395.67,4396.66
2026-08-17 08:29:00,4396.66,4398.17,4394.51,4396.31
2026-08-17 08:34:00,4396.23,4397.14,4395.24,4395.36
2026-08-17 08:39:00,4395.39,4396.43,4393.64,4394.95
2026-08-17 08:44:00,4395.01,4395.4,4392.61,4394.12
2026-08-17 08:49:00,4394.02,4395.87,4392.95,4394.2
2026-08-17 08:54:00,4394.2,4395.29,4393.2,4395.29
2026-08-17 08:59:00,4395.29,4395.97,4393.22,4394.01
2026-08-17 09:04:00,4394.06,4396.29,4393.8,4395.52
2026-08-17 09:09:00,4395.47,4396.35,4394.02,4395.82
2026-08-17 09:14:00,4395.79,4399.95,4395.26,4396.59
2026-08-17 09:19:00,4396.59,4397.33,4394.96,4395.66
2026-08-17 09:24:00,4395.74,4396.99,4391.79,4393.28
2026-08-17 09:29:00,4393.44,4405.81,4392.72,4398.88
2026-08-17 09:34:00,4398.98,4398.99,4395.76,4396.48
2026-08-17 09:39:00,4396.58,4398.74,4395.46,4397.86
2026-08-17 09:44:00,4397.86,4399.26,4397.78,4398.09
2026-08-17 09:49:00,4398.09,4398.58,4396.31,4397.22
2026-08-17 09:54:00,4397.18,4399.51,4396.97,4398.39
2026-08-17 09:59:00,4398.52,4402.15,4397.99,4401.3
2026-08-17 10:04:00,4401.37,4402.7,4400.21,4402.64
2026-08-17 10:09:00,4402.6,4403.95,4400.77,4401.06
2026-08-17 10:14:00,4401.06,4401.09,4397.14,4397.91
2026-08-17 10:19:00,4397.94,4404.07,4397.69,4402.59
2026-08-17 10:24:00,4402.6,4404.77,4402.2,4403.52
2026-08-17 10:29:00,4403.57,4404.97,4402.44,4403.83
2026-08-17 10:34:00,4403.83,4405.01,4402.76,4403.86
2026-08-17 10:39:00,4403.86,4404.86,4400.28,4400.44
2026-08-17 10:44:00,4400.44,4400.87,4398.95,4399.17
2026-08-17 10:49:00,4399.19,4399.19,4395.45,4396.44
2026-08-17 10:54:00,4396.41,4397.6,4395.87,4397.01
2026-08-17 10:59:00,4397.1,4397.68,4393.86,4395.99
2026-08-17 11:04:00,4396.12,4396.61,4392.29,4393.73
2026-08-17 11:09:00,4393.73,4394.84,4391.54,4393.74
2026-08-17 11:14:00,4393.9,4395.63,4393.12,4393.68
2026-08-17 11:19:00,4393.68,4398.81,4392.74,4393.74
2026-08-17 11:24:00,4393.74,4393.74,4382.57,4388.24
2026-08-17 11:29:00,4388.24,4390.28,4384.1,4387.74
2026-08-17 11:34:00,4387.74,4389.47,4382.42,4382.94
2026-08-17 11:39:00,4382.96,4383.33,4379.21,4380.48
2026-08-17 11:44:00,4380.48,4381.44,4377.37,4378.47
2026-08-17 11:49:00,4378.56,4385.0,4377.84,4383.33
2026-08-17 11:54:00,4383.34,4386.46,4383.16,4386.02
2026-08-17 11:59:00,4385.74,4388.33,4381.85,4384.82
2026-08-17 12:04:00,4384.82,4386.29,4382.4,4384.23
2026-08-17 12:09:00,4384.24,4389.48,4384.18,4388.4
2026-08-17 12:14:00,4388.4,4388.42,4382.33,4385.26
2026-08-17 12:19:00,4385.26,4388.87,4384.73,4386.18
2026-08-17 12:24:00,4386.18,4388.43,4385.4,4386.66
2026-08-17 12:29:00,4386.66,4390.14,4385.9,4388.25
2026-08-17 12:34:00,4388.29,4392.01,4386.18,4391.55
2026-08-17 12:39:00,4391.55,4391.81,4385.11,4386.97
2026-08-17 12:44:00,4386.97,4392.52,4384.59,4392.11
2026-08-17 12:49:00,4392.15,4407.47,4392.15,4405.65
2026-08-17 12:54:00,4405.33,4416.21,4401.34,4408.52
2026-08-17 12:59:00,4408.54,4410.2,4404.54,4408.17
2026-08-17 13:04:00,4408.16,4408.58,4405.3,4405.82
2026-08-17 13:09:00,4405.82,4411.82,4403.89,4410.04
2026-08-17 13:14:00,4409.93,4418.67,4409.36,4417.07
2026-08-17 13:19:00,4417.07,4426.48,4416.85,4425.63
2026-08-17 13:24:00,4425.44,4427.68,4415.79,4416.07
2026-08-17 13:29:00,4416.02,4424.78,4415.9,4424.11
2026-08-17 13:34:00,4424.1,4424.61,4416.79,4417.27
2026-08-17 13:39:00,4417.21,4421.72,4416.58,4418.53
2026-08-17 13:44:00,4418.53,4419.66,4414.04,4418.72
2026-08-17 13:49:00,4418.76,4421.04,4417.16,4417.88
2026-08-17 13:54:00,4417.87,4418.35,4414.67,4415.33
2026-08-17 13:59:00,4415.33,4418.7,4415.11,4417.21
2026-08-17 14:04:00,4417.23,4419.79,4416.55,4417.81
2026-08-17 14:09:00,4417.81,4422.34,4416.04,4421.01
2026-08-17 14:14:00,4421.01,4423.2,4419.51,4422.0
2026-08-17 14:19:00,4422.0,4423.77,4421.46,4423.51
2026-08-17 14:24:00,4423.49,4425.89,4420.87,4425.7
2026-08-17 14:29:00,4425.7,4426.47,4421.27,4422.55
2026-08-17 14:34:00,4422.58,4423.86,4420.27,4422.68
2026-08-17 14:39:00,4422.69,4423.46,4420.29,4421.78
2026-08-17 14:44:00,4421.78,4424.32,4417.71,4424.1
2026-08-17 14:49:00,4424.11,4425.8,4422.91,4425.47
2026-08-17 14:54:00,4425.47,4427.83,4425.38,4427.09
2026-08-17 14:59:00,4427.09,4428.16,4423.83,4425.32
2026-08-17 15:04:00,4425.3,4428.13,4424.26,4427.19
2026-08-17 15:09:00,4427.18,4428.87,4426.12,4426.54
2026-08-17 15:14:00,4426.54,4427.47,4425.48,4425.61
2026-08-17 15:19:00,4425.62,4427.61,4424.85,4425.47
2026-08-17 15:24:00,4425.51,4425.57,4422.94,4423.48
2026-08-17 15:29:00,4423.47,4425.31,4422.75,4423.69
2026-08-17 15:34:00,4423.83,4427.03,4423.39,4426.33
2026-08-17 15:39:00,4426.33,4426.81,4424.98,4425.93
2026-08-17 15:44:00,4425.98,4425.99,4422.6,4422.66
2026-08-17 15:49:00,4422.68,4425.6,4422.67,4423.25
2026-08-17 15:54:00,4423.3,4425.4,4422.79,4424.91
2026-08-17 15:59:00,4424.97,4426.11,4423.75,4424.98
2026-08-17 16:04:00,4424.95,4426.02,4421.15,4421.59
2026-08-17 16:09:00,4421.59,4423.05,4421.57,4422.33
2026-08-17 16:14:00,4422.42,4423.37,4420.32,4421.59
2026-08-17 16:19:00,4421.54,4421.54,4416.67,4417.06
2026-08-17 16:24:00,4416.78,4417.44,4413.5,4414.63
2026-08-17 16:29:00,4414.76,4418.56,4413.93,4417.39
2026-08-17 16:34:00,4417.39,4417.86,4414.21,4414.75
2026-08-17 16:39:00,4414.75,4415.74,4411.25,4415.3
2026-08-17 16:44:00,4415.3,4420.36,4415.3,4418.37
2026-08-17 16:49:00,4418.39,4420.58,4417.94,4418.06
2026-08-17 16:54:00,4418.06,4418.83,4413.77,4414.14
2026-08-17 16:59:00,4414.05,4414.49,4410.89,4411.65
2026-08-17 17:04:00,4411.65,4413.11,4410.32,4411.99
2026-08-17 17:09:00,4411.96,4412.14,4410.19,4411.43
2026-08-17 17:14:00,4411.72,4416.16,4411.63,4415.73
2026-08-17 17:19:00,4415.73,4415.89,4412.42,4413.63
2026-08-17 17:24:00,4412.89,4412.89,4405.38,4406.53
2026-08-17 17:29:00,4406.42,4406.9,4399.2,4399.64
2026-08-17 17:34:00,4399.66,4402.47,4398.24,4401.15
2026-08-17 17:39:00,4401.16,4404.92,4401.11,4403.66
2026-08-17 17:44:00,4403.66,4405.28,4400.22,4405.28
2026-08-17 17:49:00,4405.25,4407.53,4405.03,4406.96
2026-08-17 17:54:00,4406.99,4407.25,4405.88,4406.48
2026-08-17 17:59:00,4406.5,4407.3,4402.07,4404.02
2026-08-17 18:04:00,4404.08,4404.46,4400.32,4402.86
2026-08-17 18:09:00,4402.85,4406.54,4402.13,4406.54
2026-08-17 18:14:00,4406.54,4415.82,4406.54,4415.82
2026-08-17 18:19:00,4415.81,4416.88,4415.0,4416.27
2026-08-17 18:24:00,4416.27,4417.52,4415.07,4415.07
2026-08-17 18:29:00,4415.07,4416.69,4414.19,4415.38
2026-08-17 18:34:00,4415.4,4417.31,4415.15,4416.08
2026-08-17 18:39:00,4416.07,4418.9,4415.64,4418.75
2026-08-17 18:44:00,4418.68,4420.5,4418.59,4420.24
2026-08-17 18:49:00,4420.25,4421.02,4416.61,4418.31
2026-08-17 18:54:00,4418.4,4420.26,4417.7,4420.18
2026-08-17 18:59:00,4420.18,4421.41,4418.12,4418.85
2026-08-17 19:04:00,4418.85,4419.18,4416.66,4417.19
2026-08-17 19:09:00,4417.37,4417.8,4416.83,4417.68
2026-08-17 19:14:00,4417.68,4418.01,4417.32,4417.61
2026-08-17 19:19:00,4417.61,4418.14,4417.44,4417.46
2026-08-17 19:24:00,4417.42,4417.42,4415.12,4415.43
2026-08-17 19:29:00,4415.39,4415.67,4414.9,4415.09
2026-08-17 19:34:00,4415.09,4415.42,4414.8,4415.35
2026-08-17 19:39:00,4415.35,4415.93,4414.62,4415.3
2026-08-17 19:44:00,4415.37,4416.7,4415.06,4415.69
2026-08-17 19:49:00,4415.74,4416.17,4415.3,4415.32
2026-08-17 19:54:00,4415.42,4416.69,4415.3,4416.64
2026-08-17 21:00:00,4418.66,4419.51,4415.74,4416.34
2026-08-17 21:05:00,4416.53,4416.65,4415.02,4415.75
2026-08-17 21:10:00,4415.78,4416.94,4415.32,4416.76
2026-08-17 21:15:00,4416.76,4417.32,4415.78,4415.89
2026-08-17 21:20:00,4415.9,4416.4,4415.32,4415.54
2026-08-17 21:25:00,4415.55,4415.61,4411.99,4412.51
2026-08-17 21:30:00,4412.42,4413.46,4411.69,4412.62
2026-08-17 21:35:00,4412.62,4414.77,4412.42,4413.16
2026-08-17 21:40:00,4413.22,4415.71,4413.04,4414.63
2026-08-17 21:45:00,4414.63,4416.32,4414.2,4415.11
2026-08-17 21:50:00,4415.17,4415.54,4412.05,4412.05
2026-08-17 21:55:00,4412.05,4413.34,4410.56,4411.84
2026-08-17 22:00:00,4411.84,4413.69,4409.81,4413.53
2026-08-17 22:05:00,4413.46,4414.46,4412.87,4413.94
2026-08-17 22:10:00,4413.94,4414.99,4413.43,4414.83
2026-08-17 22:15:00,4415.0,4418.43,4414.95,4417.73
2026-08-17 22:20:00,4417.66,4418.24,4416.44,4417.86
2026-08-17 22:25:00,4417.84,4421.87,4417.76,4420.34
2026-08-17 22:30:00,4420.3,4422.26,4420.04,4422.15
2026-08-17 22:35:00,4422.14,4422.31,4420.7,4421.3
2026-08-17 22:40:00,4421.3,4422.83,4420.26,4422.63
2026-08-17 22:45:00,4422.66,4424.01,4421.62,4423.95
2026-08-17 22:50:00,4423.9,4424.36,4422.57,4423.58
2026-08-17 22:55:00,4423.58,4426.08,4423.1,4425.98
2026-08-17 23:00:00,4426.08,4429.76,4419.29,4425.43
2026-08-17 23:05:00,4425.26,4426.24,4420.13,4420.28
2026-08-17 23:10:00,4420.28,4422.47,4419.06,4421.81
2026-08-17 23:15:00,4421.81,4428.19,4420.97,4427.04
2026-08-17 23:20:00,4427.07,4431.29,4423.0,4427.99
2026-08-17 23:25:00,4427.99,4431.58,4425.28,4431.44
2026-08-17 23:30:00,4431.31,4431.85,4428.42,4431.35
2026-08-17 23:35:00,4431.4,4433.55,4430.43,4433.12
2026-08-17 23:40:00,4433.14,4433.14,4428.65,4429.61
2026-08-17 23:45:00,4429.6,4430.23,4428.59,4429.07
2026-08-17 23:50:00,4429.14,4430.55,4428.6,4429.21
2026-08-17 23:55:00,4429.21,4435.02,4428.89,4434.55
2026-08-18 00:00:00,4434.79,4436.05,4429.3,4431.41
2026-08-18 00:05:00,4431.21,4436.15,4429.07,4430.51
2026-08-18 00:10:00,4430.5,4431.84,4428.67,4429.31
2026-08-18 00:15:00,4429.3,4430.86,4422.77,4425.32
2026-08-18 00:20:00,4425.27,4426.57,4422.02,4423.67
2026-08-18 00:25:00,4423.63,4425.91,4420.13,4424.97
2026-08-18 00:30:00,4425.03,4426.2,4421.35,4422.47
2026-08-18 00:35:00,4422.47,4423.5,4420.41,4420.48
2026-08-18 00:40:00,4420.62,4421.84,4411.83,4411.83
2026-08-18 00:45:00,4411.78,4412.27,4404.36,4407.71
2026-08-18 00:50:00,4407.71,4408.69,4404.49,4408.22
2026-08-18 00:55:00,4408.19,4409.47,4407.48,4408.12
2026-08-18 01:00:00,4408.09,4408.24,4400.94,4402.19
2026-08-18 01:05:00,4402.26,4404.11,4399.75,4400.07
2026-08-18 01:10:00,4400.07,4402.67,4398.64,4401.08
2026-08-18 01:15:00,4401.08,4405.53,4400.43,4404.05
2026-08-18 01:20:00,4404.04,4404.65,4401.68,4404.25
2026-08-18 01:25:00,4404.26,4405.39,4402.26,4402.41
2026-08-18 01:30:00,4402.4,4402.86,4396.1,4396.34
2026-08-18 01:35:00,4396.34,4399.87,4395.47,4396.62
2026-08-18 01:40:00,4396.8,4397.0,4394.24,4395.05
2026-08-18 01:45:00,4395.15,4398.19,4394.35,4397.29
2026-08-18 01:50:00,4397.29,4398.4,4395.75,4397.97
2026-08-18 01:55:00,4397.92,4400.53,4397.43,4399.99
2026-08-18 02:00:00,4399.96,4404.11,4399.96,4403.12
2026-08-18 02:05:00,4403.07,4403.58,4399.71,4401.47
2026-08-18 02:10:00,4401.47,4402.64,4398.95,4401.67
2026-08-18 02:15:00,4401.68,4402.25,4395.72,4396.62
2026-08-18 02:20:00,4396.62,4397.46,4394.42,4395.3
2026-08-18 02:25:00,4395.3,4397.76,4395.05,4397.25
2026-08-18 02:30:00,4397.26,4397.3,4395.65,4396.5
2026-08-18 02:35:00,4396.49,4396.91,4395.02,4395.13
2026-08-18 02:40:00,4395.14,4395.93,4394.61,4394.88
2026-08-18 02:45:00,4394.82,4395.13,4393.48,4393.87
2026-08-18 02:50:00,4393.33,4393.82,4391.78,4392.21
2026-08-18 02:55:00,4392.12,4392.67,4390.68,4391.95
2026-08-18 03:00:00,4391.97,4392.18,4390.23,4390.77
2026-08-18 03:05:00,4390.77,4392.14,4389.9,4391.15
2026-08-18 03:10:00,4391.15,4392.84,4391.0,4392.35
2026-08-18 03:15:00,4392.35,4393.68,4390.87,4391.43
2026-08-18 03:20:00,4391.44,4392.51,4390.77,4392.51
2026-08-18 03:25:00,4392.51,4392.86,4391.62,4392.47
2026-08-18 03:30:00,4392.47,4394.08,4391.49,4392.02
2026-08-18 03:35:00,4392.02,4393.06,4388.96,4391.5
2026-08-18 03:40:00,4391.53,4394.38,4390.49,4393.56
2026-08-18 03:45:00,4393.56,4395.0,4392.25,4394.79
2026-08-18 03:50:00,4394.68,4395.46,4393.67,4395.46
2026-08-18 03:55:00,4395.46,4395.51,4393.15,4393.66
2026-08-18 04:00:00,4393.57,4393.73,4391.21,4391.42
2026-08-18 04:05:00,4391.42,4394.25,4391.42,4393.88
2026-08-18 04:10:00,4393.95,4394.04,4390.97,4391.38
2026-08-18 04:15:00,4391.34,4394.75,4391.27,4394.65
2026-08-18 04:20:00,4394.65,4396.04,4394.53,4395.7
2026-08-18 04:25:00,4395.67,4396.13,4391.46,4391.46
2026-08-18 04:30:00,4391.44,4391.62,4386.2,4386.97
2026-08-18 04:35:00,4386.94,4391.07,4386.87,4390.14
2026-08-18 04:40:00,4390.11,4394.05,4388.77,4393.76
2026-08-18 04:45:00,4393.76,4395.92,4393.11,4395.9
2026-08-18 04:50:00,4395.82,4397.68,4394.11,4395.7
2026-08-18 04:55:00,4395.73,4396.87,4393.99,4394.43
2026-08-18 05:00:00,4394.42,4394.42,4388.97,4390.69
2026-08-18 05:05:00,4390.69,4393.81,4387.7,4392.96
2026-08-18 05:10:00,4392.92,4395.42,4392.51,4395.38
2026-08-18 05:15:00,4395.37,4396.41,4393.71,4395.41
2026-08-18 05:20:00,4395.36,4398.04,4394.41,4397.81
2026-08-18 05:25:00,4397.78,4399.89,4396.76,4399.52
2026-08-18 05:30:00,4399.49,4400.19,4395.3,4395.32
2026-08-18 05:35:00,4395.32,4397.64,4395.21,4397.23
2026-08-18 05:40:00,4397.23,4398.83,4396.83,4397.22
2026-08-18 05:45:00,4397.34,4399.42,4397.33,4398.0
2026-08-18 05:50:00,4398.0,4399.01,4397.57,4398.48
2026-08-18 05:55:00,4398.49,4399.1,4397.37,4398.94
2026-08-18 06:00:00,4399.04,4400.4,4396.87,4399.91
2026-08-18 06:05:00,4399.95,4400.87,4397.27,4397.63
2026-08-18 06:10:00,4397.56,4399.38,4397.01,4397.66
2026-08-18 06:15:00,4397.63,4400.69,4397.52,4399.63
2026-08-18 06:20:00,4399.63,4401.52,4399.42,4401.42
2026-08-18 06:25:00,4401.42,4403.37,4401.19,4403.08
2026-08-18 06:30:00,4403.07,4403.71,4396.46,4397.0
2026-08-18 06:35:00,4397.0,4402.7,4396.61,4402.0
2026-08-18 06:40:00,4402.0,4403.57,4400.23,4401.59
2026-08-18 06:45:00,4401.58,4402.78,4399.74,4400.08
2026-08-18 06:50:00,4399.74,4400.51,4398.01,4398.46
2026-08-18 06:55:00,4398.47,4398.82,4395.5,4395.82
2026-08-18 07:00:00,4396.01,4396.27,4394.25,4394.46
2026-08-18 07:05:00,4394.44,4394.55,4389.95,4390.99
2026-08-18 07:10:00,4390.89,4394.66,4387.95,4392.72
2026-08-18 07:15:00,4392.68,4393.46,4391.66,4392.11
2026-08-18 07:20:00,4392.11,4392.55,4386.89,4388.66
2026-08-18 07:25:00,4388.65,4389.53,4387.35,4389.4
2026-08-18 07:30:00,4389.2,4393.95,4389.15,4393.58
2026-08-18 07:35:00,4393.58,4398.63,4393.58,4398.31
2026-08-18 07:40:00,4398.31,4398.59,4396.68,4396.69
2026-08-18 07:45:00,4396.68,4397.01,4391.82,4393.22
2026-08-18 07:50:00,4393.24,4393.85,4391.55,4393.85
2026-08-18 07:55:00,4393.84,4394.69,4392.39,4393.34
2026-08-18 08:00:00,4393.26,4393.9,4392.05,4392.31
2026-08-18 08:05:00,4392.32,4393.0,4391.13,4391.79
2026-08-18 08:10:00,4391.98,4393.55,4391.48,4392.76
2026-08-18 08:15:00,4392.7,4392.82,4390.9,4391.26
2026-08-18 08:20:00,4391.22,4391.58,4388.96,4390.18
2026-08-18 08:25:00,4390.19,4391.48,4388.58,4389.43
2026-08-18 08:30:00,4389.31,4393.67,4389.27,4393.65
2026-08-18 08:35:00,4393.64,4394.93,4390.54,4391.27
2026-08-18 08:40:00,4391.37,4391.76,4387.3,4388.51
2026-08-18 08:45:00,4388.48,4392.34,4387.03,4392.13
2026-08-18 08:50:00,4392.1,4394.29,4392.05,4394.09
2026-08-18 08:55:00,4394.08,4395.0,4392.89,4393.36
2026-08-18 09:00:00,4393.34,4395.76,4392.36,4394.09
2026-08-18 09:05:00,4394.05,4394.74,4392.54,4393.5
2026-08-18 09:10:00,4393.5,4394.83,4392.79,4394.57
2026-08-18 09:15:00,4394.57,4396.17,4394.17,4395.51
2026-08-18 09:20:00,4395.59,4395.59,4391.44,4391.67
2026-08-18 09:25:00,4391.71,4392.29,4389.85,4392.09
2026-08-18 09:30:00,4392.09,4394.29,4391.75,4393.66
2026-08-18 09:35:00,4393.66,4397.7,4393.62,4397.54
2026-08-18 09:40:00,4397.58,4398.64,4397.13,4398.64
2026-08-18 09:45:00,4398.65,4399.64,4398.19,4398.9
2026-08-18 09:50:00,4398.95,4399.34,4396.5,4396.98
2026-08-18 09:55:00,4396.98,4397.8,4396.55,4397.69
2026-08-18 10:00:00,4397.69,4399.1,4393.64,4393.98
2026-08-18 10:05:00,4393.94,4394.74,4392.65,4393.7
2026-08-18 10:10:00,4393.7,4394.14,4392.1,4393.61
2026-08-18 10:15:00,4393.62,4394.76,4392.16,4393.12
2026-08-18 10:20:00,4393.2,4393.95,4390.27,4390.38
2026-08-18 10:25:00,4390.48,4391.88,4389.69,4390.13
2026-08-18 10:30:00,4390.14,4391.84,4389.49,4389.57
2026-08-18 10:35:00,4389.57,4391.66,4388.63,4390.49
2026-08-18 10:40:00,4390.49,4392.53,4389.58,4391.01
2026-08-18 10:45:00,4391.02,4393.78,4390.76,4392.3
2026-08-18 10:50:00,4392.34,4393.14,4389.71,4390.88
2026-08-18 10:55:00,4390.88,4396.83,4390.72,4396.01
2026-08-18 11:00:00,4396.15,4397.02,4391.62,4396.58
2026-08-18 11:05:00,4396.63,4397.08,4390.49,4391.25
2026-08-18 11:10:00,4391.3,4393.48,4389.73,4393.26
2026-08-18 11:15:00,4393.26,4393.76,4391.57,4392.94
2026-08-18 11:20:00,4393.07,4400.81,4392.91,4395.71
2026-08-18 11:25:00,4395.88,4396.02,4391.94,4395.29
2026-08-18 11:30:00,4395.46,4398.07,4392.32,4396.7
2026-08-18 11:35:00,4396.7,4397.86,4392.85,4394.32
2026-08-18 11:40:00,4394.28,4394.28,4391.08,4392.21
2026-08-18 11:45:00,4392.21,4396.59,4392.21,4396.08
2026-08-18 11:50:00,4396.17,4397.03,4392.35,4393.17
2026-08-18 11:55:00,4393.29,4395.78,4390.81,4394.22
2026-08-18 12:00:00,4394.25,4397.4,4390.35,4395.81
2026-08-18 12:05:00,4395.76,4396.6,4388.92,4389.15
2026-08-18 12:10:00,4389.19,4396.03,4388.43,4395.85
2026-08-18 12:15:00,4395.86,4396.17,4388.36,4391.03
2026-08-18 12:20:00,4391.11,4393.54,4388.3,4389.85
2026-08-18 12:25:00,4389.91,4392.45,4388.24,4389.05
2026-08-18 12:30:00,4389.15,4398.84,4375.13,4396.92
2026-08-18 12:35:00,4396.89,4403.35,4395.39,4402.91
2026-08-18 12:40:00,4402.93,4406.58,4399.75,4401.14
2026-08-18 12:45:00,4401.18,4402.26,4391.71,4395.15
2026-08-18 12:50:00,4395.14,4398.13,4389.5,4390.88
2026-08-18 12:55:00,4391.22,4395.12,4389.94,4394.65
2026-08-18 13:00:00,4394.81,4406.56,4393.42,4404.25
2026-08-18 13:05:00,4404.24,4404.57,4397.95,4398.23
2026-08-18 13:10:00,4398.21,4399.02,4391.21,4393.21
2026-08-18 13:15:00,4393.36,4405.1,4392.99,4401.6
2026-08-18 13:20:00,4401.93,4402.87,4395.78,4397.78
2026-08-18 13:25:00,4397.78,4398.89,4392.36,4394.22
2026-08-18 13:30:00,4394.26,4396.28,4385.2,4389.72
2026-08-18 13:35:00,4389.73,4390.17,4382.17,4382.87
2026-08-18 13:40:00,4383.05,4384.95,4377.86,4379.66
2026-08-18 13:45:00,4379.66,4388.49,4378.17,4386.93
2026-08-18 13:50:00,4387.22,4389.02,4372.58,4378.76
2026-08-18 13:55:00,4378.76,4383.03,4363.81,4366.58
2026-08-18 14:00:00,4366.7,4376.69,4365.77,4375.69
2026-08-18 14:05:00,4375.8,4377.73,4365.03,4365.83
2026-08-18 14:10:00,4365.82,4368.26,4358.72,4360.12
2026-08-18 14:15:00,4360.12,4365.31,4355.2,4355.22
2026-08-18 14:20:00,4355.09,4357.07,4351.76,4354.54
2026-08-18 14:25:00,4354.52,4360.54,4353.17,4355.07
2026-08-18 14:30:00,4354.98,4362.29,4354.65,4359.86
2026-08-18 14:35:00,4359.83,4362.34,4356.73,4361.19
2026-08-18 14:40:00,4361.17,4361.96,4356.69,4358.65
2026-08-18 14:45:00,4358.93,4365.0,4358.8,4363.98
2026-08-18 14:50:00,4364.05,4366.63,4361.28,4364.54
2026-08-18 14:55:00,4364.95,4365.84,4363.28,4364.83
2026-08-18 15:00:00,4364.87,4369.36,4364.87,4368.05
2026-08-18 15:05:00,4368.04,4371.62,4366.92,4371.42
2026-08-18 15:10:00,4371.45,4371.63,4367.56,4367.76
2026-08-18 15:15:00,4367.76,4368.4,4364.57,4367.2
2026-08-18 15:20:00,4367.22,4369.67,4366.66,4368.29
2026-08-18 15:25:00,4368.34,4369.09,4363.56,4364.16
2026-08-18 15:30:00,4364.39,4366.75,4363.31,4365.71
2026-08-18 15:35:00,4365.78,4367.04,4363.11,4365.27
2026-08-18 15:40:00,4365.27,4368.6,4365.17,4367.35
2026-08-18 15:45:00,4367.43,4367.77,4363.23,4363.56
2026-08-18 15:50:00,4363.59,4368.84,4363.09,4368.65
2026-08-18 15:55:00,4368.63,4368.63,4363.2,4363.94
2026-08-18 16:00:00,4363.82,4365.77,4363.65,4364.56
2026-08-18 16:05:00,4364.59,4366.31,4364.4,4365.88
2026-08-18 16:10:00,4365.99,4367.19,4364.85,4366.99
2026-08-18 16:15:00,4367.03,4368.31,4363.18,4364.3
2026-08-18 16:20:00,4364.35,4367.55,4364.28,4367.55
2026-08-18 16:25:00,4367.92,4368.4,4363.81,4365.49
2026-08-18 16:30:00,4365.27,4366.19,4361.35,4364.55
2026-08-18 16:35:00,4364.26,4365.36,4360.97,4362.7
2026-08-18 16:40:00,4362.74,4365.08,4358.7,4358.7
2026-08-18 16:45:00,4358.72,4360.52,4357.07,4357.95
2026-08-18 16:50:00,4357.97,4359.82,4357.9,4358.75
2026-08-18 16:55:00,4358.77,4359.25,4356.79,4357.78
2026-08-18 17:00:00,4357.78,4358.02,4352.76,4353.49
2026-08-18 17:05:00,4353.54,4355.8,4352.79,4355.71
2026-08-18 17:10:00,4355.72,4358.15,4352.93,4357.83
2026-08-18 17:15:00,4357.84,4359.19,4356.8,4359.0
2026-08-18 17:20:00,4359.0,4359.48,4355.72,4356.98
2026-08-18 17:25:00,4357.0,4360.98,4356.44,4360.27
2026-08-18 17:30:00,4360.26,4360.62,4357.98,4359.73
2026-08-18 17:35:00,4359.74,4360.22,4358.36,4359.69
2026-08-18 17:40:00,4359.88,4359.88,4353.52,4354.27
2026-08-18 17:45:00,4354.24,4355.59,4352.84,4353.9
2026-08-18 17:50:00,4353.88,4355.24,4353.86,4354.67
2026-08-18 17:55:00,4354.67,4356.01,4353.91,4354.29
2026-08-18 18:00:00,4354.3,4358.1,4354.1,4355.46
2026-08-18 18:05:00,4355.38,4357.02,4354.81,4355.25
2026-08-18 18:10:00,4355.26,4358.28,4354.67,4357.08
2026-08-18 18:15:00,4357.08,4358.75,4354.0,4354.65
2026-08-18 18:20:00,4354.65,4356.5,4352.65,4353.26
2026-08-18 18:25:00,4353.18,4355.87,4352.44,4354.82
2026-08-18 18:30:00,4354.89,4356.81,4353.68,4354.1
2026-08-18 18:35:00,4354.04,4355.4,4353.53,4354.96
2026-08-18 18:40:00,4354.92,4357.71,4349.73,4349.86
2026-08-18 18:45:00,4349.95,4353.29,4343.84,4346.04
2026-08-18 18:50:00,4345.91,4346.93,4342.15,4345.33
2026-08-18 18:55:00,4345.59,4346.36,4338.55,4345.63
2026-08-18 19:00:00,4345.73,4346.57,4342.85,4343.97
2026-08-18 19:05:00,4344.0,4344.49,4342.63,4343.01
2026-08-18 19:10:00,4343.01,4343.58,4340.77,4342.1
2026-08-18 19:15:00,4342.12,4342.4,4339.88,4341.93
2026-08-18 19:20:00,4341.93,4341.97,4333.57,4337.83
2026-08-18 19:25:00,4337.75,4338.59,4336.64,4337.94
2026-08-18 19:30:00,4337.95,4339.6,4336.6,4339.35
2026-08-18 19:35:00,4339.37,4339.49,4337.46,4337.88
2026-08-18 19:40:00,4337.91,4338.47,4331.69,4332.23
2026-08-18 19:45:00,4332.24,4333.25,4329.15,4333.02
2026-08-18 19:50:00,4332.8,4334.34,4330.1,4334.34
2026-08-18 19:55:00,4334.38,4340.08,4332.52,4336.79
2026-08-18 21:01:00,4336.76,4343.88,4334.26,4341.8
2026-08-18 21:06:00,4341.79,4343.44,4341.79,4342.83
2026-08-18 21:11:00,4342.75,4343.78,4339.29,4341.89
2026-08-18 21:16:00,4341.88,4341.9,4338.13,4339.85
2026-08-18 21:21:00,4339.85,4340.18,4333.97,4338.4
2026-08-18 21:26:00,4338.4,4339.38,4334.59,4335.99
2026-08-18 21:31:00,4335.99,4336.62,4335.31,4336.16
2026-08-18 21:36:00,4336.16,4336.57,4333.02,4333.28
2026-08-18 21:41:00,4333.33,4334.96,4332.97,4333.93
2026-08-18 21:46:00,4333.93,4335.0,4333.45,4334.7
2026-08-18 21:51:00,4334.72,4335.77,4334.05,4334.47
2026-08-18 21:56:00,4334.46,4335.14,4333.02,4334.41
2026-08-18 22:01:00,4334.45,4337.47,4334.32,4337.47
2026-08-18 22:06:00,4337.39,4338.44,4334.09,4334.37
2026-08-18 22:11:00,4334.42,4334.86,4332.73,4333.14
2026-08-18 22:16:00,4333.12,4334.99,4332.4,4333.47
2026-08-18 22:21:00,4333.47,4337.44,4330.86,4332.63
2026-08-18 22:26:00,4332.63,4332.84,4330.0,4330.76
2026-08-18 22:31:00,4330.76,4332.75,4327.25,4330.56
2026-08-18 22:36:00,4330.51,4331.08,4327.32,4328.91
2026-08-18 22:41:00,4328.94,4331.76,4328.2,4331.76
2026-08-18 22:46:00,4331.78,4332.22,4329.96,4330.47
2026-08-18 22:51:00,4330.46,4334.35,4330.07,4332.07
2026-08-18 22:56:00,4332.07,4335.4,4331.56,4335.39
2026-08-18 23:01:00,4335.23,4340.66,4334.57,4336.26
2026-08-18 23:06:00,4336.6,4341.15,4336.6,4339.16
2026-08-18 23:11:00,4339.17,4345.03,4338.31,4343.47
2026-08-18 23:16:00,4343.47,4346.44,4342.55,4342.87
2026-08-18 23:21:00,4342.87,4346.2,4341.63,4342.46
2026-08-18 23:26:00,4342.46,4344.25,4339.28,4344.24
2026-08-18 23:31:00,4344.24,4345.82,4339.85,4342.96
2026-08-18 23:36:00,4342.95,4346.87,4341.33,4346.11
2026-08-18 23:41:00,4346.11,4347.35,4342.9,4342.94
2026-08-18 23:46:00,4342.82,4344.18,4342.46,4342.98
2026-08-18 23:51:00,4343.03,4344.87,4341.25,4341.85
2026-08-18 23:56:00,4341.87,4342.19,4332.25,4332.28
2026-08-19 00:01:00,4332.25,4337.48,4324.69,4337.2
2026-08-19 00:06:00,4337.09,4342.76,4336.12,4338.81
2026-08-19 00:11:00,4338.81,4346.3,4338.24,4343.5
2026-08-19 00:16:00,4343.55,4343.55,4334.62,4339.46
2026-08-19 00:21:00,4339.38,4339.52,4333.12,4337.38
2026-08-19 00:26:00,4337.36,4345.33,4335.65,4345.19
2026-08-19 00:31:00,4345.19,4351.71,4344.42,4351.04
2026-08-19 00:36:00,4351.01,4357.65,4350.37,4355.44
2026-08-19 00:41:00,4355.27,4357.35,4354.06,4354.24
2026-08-19 00:46:00,4354.23,4356.69,4350.67,4353.39
2026-08-19 00:51:00,4353.09,4355.9,4352.01,4355.45
2026-08-19 00:56:00,4355.5,4357.25,4352.82,4356.96
2026-08-19 01:01:00,4356.92,4357.31,4351.76,4356.97
2026-08-19 01:06:00,4356.99,4357.14,4352.89,4355.36
2026-08-19 01:11:00,4355.39,4356.01,4352.59,4353.01
2026-08-19 01:16:00,4353.01,4360.67,4353.0,4359.71
2026-08-19 01:21:00,4359.71,4362.08,4359.71,4360.52
2026-08-19 01:26:00,4360.52,4361.34,4357.44,4358.03
2026-08-19 01:31:00,4358.03,4358.2,4355.67,4357.31
2026-08-19 01:36:00,4357.31,4358.36,4354.14,4355.89
2026-08-19 01:41:00,4355.9,4358.23,4355.14,4356.25
2026-08-19 01:46:00,4356.25,4357.01,4354.12,4356.26
2026-08-19 01:51:00,4356.32,4356.46,4352.82,4353.71
2026-08-19 01:56:00,4353.71,4355.38,4351.59,4355.26
2026-08-19 02:01:00,4355.24,4356.01,4352.73,4353.41
2026-08-19 02:06:00,4353.41,4354.64,4351.99,4354.49
2026-08-19 02:11:00,4354.42,4355.32,4353.56,4354.81
2026-08-19 02:16:00,4354.82,4356.16,4351.91,4353.3
2026-08-19 02:21:00,4353.27,4357.15,4352.91,4356.71
2026-08-19 02:26:00,4356.65,4358.38,4355.91,4358.21
2026-08-19 02:31:00,4358.21,4358.21,4355.98,4357.65
2026-08-19 02:36:00,4357.65,4360.41,4357.19,4357.48
2026-08-19 02:41:00,4357.48,4358.88,4357.01,4357.34
2026-08-19 02:46:00,4357.38,4358.48,4356.39,4358.31
2026-08-19 02:51:00,4358.31,4358.31,4355.68,4356.49
2026-08-19 02:56:00,4356.54,4356.6,4354.79,4355.36
2026-08-19 03:01:00,4355.36,4355.93,4353.05,4354.59
2026-08-19 03:06:00,4354.59,4354.85,4353.6,4354.01
2026-08-19 03:11:00,4354.12,4354.99,4352.96,4353.16
2026-08-19 03:16:00,4353.17,4353.17,4349.95,4351.09
2026-08-19 03:21:00,4351.08,4352.84,4350.54,4350.72
2026-08-19 03:26:00,4350.72,4352.09,4350.19,4351.43
2026-08-19 03:31:00,4351.43,4351.63,4349.59,4350.36
2026-08-19 03:36:00,4350.32,4350.62,4346.28,4346.85
2026-08-19 03:41:00,4346.86,4347.34,4345.03,4346.6
2026-08-19 03:46:00,4346.61,4347.14,4345.11,4345.11
2026-08-19 03:51:00,4345.11,4345.66,4343.93,4345.59
2026-08-19 03:56:00,4345.58,4349.6,4344.54,4348.68
2026-08-19 04:01:00,4348.68,4350.7,4346.35,4347.08
2026-08-19 04:06:00,4347.12,4347.12,4340.32,4340.85
2026-08-19 04:11:00,4340.83,4340.99,4338.25,4338.6
2026-08-19 04:16:00,4338.66,4339.58,4336.72,4338.13
2026-08-19 04:21:00,4338.26,4342.54,4338.26,4340.88
2026-08-19 04:26:00,4340.88,4345.42,4338.55,4340.08
2026-08-19 04:31:00,4340.02,4342.32,4336.8,4338.81
2026-08-19 04:36:00,4338.81,4343.13,4337.37,4341.91
2026-08-19 04:41:00,4341.88,4343.59,4337.0,4338.87
2026-08-19 04:46:00,4339.01,4339.54,4335.18,4336.96
2026-08-19 04:51:00,4336.95,4338.15,4335.2,4336.54
2026-08-19 04:56:00,4336.36,4340.8,4335.27,4340.48
2026-08-19 05:01:00,4340.49,4341.34,4335.41,4338.3
2026-08-19 05:06:00,4338.35,4341.74,4335.39,4341.49
2026-08-19 05:11:00,4341.4,4341.83,4336.91,4340.86
2026-08-19 05:16:00,4340.91,4348.31,4340.39,4347.03
2026-08-19 05:21:00,4347.03,4348.32,4344.84,4345.87
2026-08-19 05:26:00,4345.89,4346.02,4339.65,4339.76
2026-08-19 05:31:00,4339.87,4340.6,4337.16,4339.71
2026-08-19 05:36:00,4339.46,4345.63,4339.46,4343.09
2026-08-19 05:41:00,4343.13,4343.77,4340.81,4341.67
2026-08-19 05:46:00,4341.65,4345.35,4341.58,4345.08
2026-08-19 05:51:00,4345.09,4348.88,4344.65,4348.68
2026-08-19 05:56:00,4348.63,4350.46,4347.39,4350.22
2026-08-19 06:01:00,4350.22,4351.22,4347.46,4348.88
2026-08-19 06:06:00,4348.86,4353.5,4348.38,4352.53
2026-08-19 06:11:00,4352.53,4353.0,4347.53,4347.92
2026-08-19 06:16:00,4347.92,4351.74,4347.88,4350.19
2026-08-19 06:21:00,4350.16,4355.08,4348.96,4354.06
2026-08-19 06:26:00,4354.09,4357.72,4354.02,4356.96
2026-08-19 06:31:00,4356.86,4360.74,4356.76,4360.55
2026-08-19 06:36:00,4360.53,4363.17,4356.95,4356.95
2026-08-19 06:41:00,4356.95,4357.48,4352.79,4354.84
2026-08-19 06:46:00,4354.83,4357.14,4354.43,4356.05
2026-08-19 06:51:00,4356.05,4357.71,4354.97,4355.35
2026-08-19 06:56:00,4355.24,4357.24,4354.09,4355.86
2026-08-19 07:01:00,4355.81,4358.02,4351.15,4356.67
2026-08-19 07:06:00,4356.67,4362.85,4356.23,4361.93
2026-08-19 07:11:00,4361.93,4362.49,4360.02,4361.03
2026-08-19 07:16:00,4361.04,4361.92,4358.64,4358.67
2026-08-19 07:21:00,4358.67,4360.96,4357.38,4359.57
2026-08-19 07:26:00,4359.58,4360.99,4358.29,4360.12
2026-08-19 07:31:00,4360.16,4361.25,4356.56,4357.5
2026-08-19 07:36:00,4357.58,4361.03,4357.56,4360.69
2026-08-19 07:41:00,4360.73,4363.22,4360.34,4361.99
2026-08-19 07:46:00,4361.98,4362.68,4360.37,4360.96
2026-08-19 07:51:00,4360.83,4360.85,4357.14,4357.32
2026-08-19 07:56:00,4357.29,4357.55,4354.84,4355.99
2026-08-19 08:01:00,4355.97,4359.86,4355.09,4357.56
2026-08-19 08:06:00,4357.58,4357.72,4355.46,4357.69
2026-08-19 08:11:00,4357.77,4357.77,4355.57,4355.87
2026-08-19 08:16:00,4355.86,4355.94,4353.51,4354.79
2026-08-19 08:21:00,4354.81,4357.47,4354.54,4357.46
2026-08-19 08:26:00,4357.46,4357.72,4354.12,4356.59
2026-08-19 08:31:00,4356.61,4357.61,4355.42,4356.95
2026-08-19 08:36:00,4356.96,4357.69,4356.07,4357.05
2026-08-19 08:41:00,4357.09,4361.07,4357.01,4358.56
2026-08-19 08:46:00,4358.56,4361.08,4358.42,4359.54
2026-08-19 08:51:00,4359.51,4361.42,4358.06,4361.25
2026-08-19 08:56:00,4361.25,4363.24,4359.16,4361.41
2026-08-19 09:01:00,4361.45,4361.47,4359.6,4360.57
2026-08-19 09:06:00,4360.53,4362.68,4360.43,4361.57
2026-08-19 09:11:00,4361.53,4364.38,4360.93,4363.96
2026-08-19 09:16:00,4363.95,4368.92,4363.71,4367.84
2026-08-19 09:21:00,4367.83,4369.13,4366.87,4367.18
2026-08-19 09:26:00,4367.18,4369.52,4366.73,4368.32
2026-08-19 09:31:00,4368.27,4368.27,4365.87,4367.42
2026-08-19 09:36:00,4367.33,4367.67,4366.48,4366.61
2026-08-19 09:41:00,4366.61,4368.51,4366.61,4367.9
2026-08-19 09:46:00,4367.77,4369.53,4367.41,4368.04
2026-08-19 09:51:00,4368.04,4368.51,4367.02,4367.24
2026-08-19 09:56:00,4367.22,4369.09,4366.29,4368.78
2026-08-19 10:01:00,4368.94,4372.89,4368.94,4372.63
2026-08-19 10:06:00,4372.63,4373.73,4370.68,4372.3
2026-08-19 10:11:00,4372.3,4374.09,4372.06,4372.63
2026-08-19 10:16:00,4372.63,4372.72,4369.63,4369.94
2026-08-19 10:21:00,4370.04,4372.69,4368.93,4372.0
2026-08-19 10:26:00,4371.94,4373.41,4369.78,4370.4
2026-08-19 10:31:00,4370.32,4370.55,4368.63,4369.62
2026-08-19 10:36:00,4369.61,4369.69,4366.45,4366.49
2026-08-19 10:41:00,4366.49,4366.62,4363.19,4364.76
2026-08-19 10:46:00,4364.76,4367.63,4364.62,4365.91
2026-08-19 10:51:00,4365.91,4366.56,4363.78,4365.52
2026-08-19 10:56:00,4365.52,4366.42,4364.12,4364.76
2026-08-19 11:01:00,4364.71,4365.71,4362.16,4365.06
2026-08-19 11:06:00,4365.1,4368.34,4364.6,4367.4
2026-08-19 11:11:00,4367.4,4370.68,4367.39,4368.82
2026-08-19 11:16:00,4368.82,4371.71,4366.05,4370.76
2026-08-19 11:21:00,4370.82,4373.54,4369.14,4369.69
2026-08-19 11:26:00,4369.71,4371.25,4367.86,4369.28
2026-08-19 11:31:00,4369.35,4388.46,4368.78,4387.17
2026-08-19 11:36:00,4387.22,4417.52,4386.06,4416.6
2026-08-19 11:41:00,4416.61,4420.68,4406.69,4420.26
2026-08-19 11:46:00,4419.62,4421.15,4411.52,4413.54
2026-08-19 11:51:00,4413.53,4431.71,4411.54,4427.64
2026-08-19 11:56:00,4427.61,4442.34,4426.44,4437.22
2026-08-19 12:01:00,4437.34,4442.01,4427.22,4427.42
2026-08-19 12:06:00,4427.45,4445.56,4424.55,4444.22
2026-08-19 12:11:00,4444.52,4461.33,4441.42,4458.88
2026-08-19 12:16:00,4458.89,4464.28,4456.62,4458.93
2026-08-19 12:21:00,4458.89,4462.3,4455.0,4459.89
2026-08-19 12:26:00,4459.91,4461.37,4455.4,4456.5
2026-08-19 12:31:00,4456.76,4466.23,4451.59,4451.91
2026-08-19 12:36:00,4452.02,4458.13,4442.39,4456.21
2026-08-19 12:41:00,4456.27,4464.47,4449.96,4458.0
2026-08-19 12:46:00,4458.02,4462.03,4446.74,4447.14
2026-08-19 12:51:00,4447.42,4456.39,4445.18,4454.91
2026-08-19 12:56:00,4454.91,4463.38,4452.21,4456.54
2026-08-19 13:01:00,4456.39,4464.76,4456.17,4460.83
2026-08-19 13:06:00,4460.86,4473.85,4460.86,4471.87
2026-08-19 13:11:00,4471.88,4475.62,4469.14,4474.14
2026-08-19 13:16:00,4474.05,4478.27,4470.29,4473.42
2026-08-19 13:21:00,4473.42,4482.55,4472.85,4482.08
2026-08-19 13:26:00,4482.16,4489.51,4482.16,4488.05
2026-08-19 13:31:00,4488.05,4491.47,4484.11,4490.5
2026-08-19 13:36:00,4490.51,4491.59,4486.67,4489.24
2026-08-19 13:41:00,4489.36,4498.74,4485.51,4486.37
2026-08-19 13:46:00,4486.35,4486.35,4478.16,4480.13
2026-08-19 13:51:00,4480.23,4488.36,4480.23,4486.73
2026-08-19 13:56:00,4486.73,4489.69,4482.98,4483.81
2026-08-19 14:01:00,4483.81,4487.02,4481.11,4484.79
2026-08-19 14:06:00,4484.82,4487.18,4481.34,4482.18
2026-08-19 14:11:00,4482.23,4487.8,4479.88,4486.76
2026-08-19 14:16:00,4486.76,4487.92,4483.89,4485.79
2026-08-19 14:21:00,4485.74,4486.68,4478.21,4480.81
2026-08-19 14:26:00,4480.94,4484.61,4479.52,4480.93
2026-08-19 14:31:00,4480.98,4486.16,4480.38,4485.68
2026-08-19 14:36:00,4485.63,4488.36,4485.34,4486.17
2026-08-19 14:41:00,4486.21,4493.23,4484.89,4492.0
2026-08-19 14:46:00,4491.97,4494.06,4488.92,4489.19
2026-08-19 14:51:00,4489.2,4493.41,4488.71,4492.43
2026-08-19 14:56:00,4492.43,4496.38,4490.99,4496.21
2026-08-19 15:01:00,4496.2,4497.43,4492.63,4493.23
2026-08-19 15:06:00,4493.24,4498.67,4491.17,4497.71
2026-08-19 15:11:00,4497.74,4499.04,4496.79,4498.13
2026-08-19 15:16:00,4498.17,4499.34,4494.47,4494.63
2026-08-19 15:21:00,4494.45,4496.78,4493.52,4493.93
2026-08-19 15:26:00,4493.9,4494.08,4490.64,4491.94
2026-08-19 15:31:00,4491.93,4495.76,4491.01,4494.58
2026-08-19 15:36:00,4494.56,4496.23,4492.16,4495.38
2026-08-19 15:41:00,4495.39,4496.38,4493.83,4494.79
2026-08-19 15:46:00,4494.51,4496.79,4493.62,4494.89
2026-08-19 15:51:00,4494.89,4497.83,4493.58,4493.83
2026-08-19 15:56:00,4493.77,4497.53,4493.23,4497.05
2026-08-19 16:01:00,4497.04,4499.04,4495.34,4496.3
2026-08-19 16:06:00,4496.22,4497.16,4491.52,4493.01
2026-08-19 16:11:00,4493.07,4493.31,4489.0,4491.07
2026-08-19 16:16:00,4491.14,4491.15,4487.08,4488.29
2026-08-19 16:21:00,4488.29,4490.49,4487.87,4489.31
2026-08-19 16:26:00,4489.22,4489.31,4486.17,4486.63
2026-08-19 16:31:00,4486.63,4489.19,4484.42,4487.01
2026-08-19 16:36:00,4487.12,4490.05,4487.12,4488.66
2026-08-19 16:41:00,4488.66,4491.68,4487.2,4488.36
2026-08-19 16:46:00,4488.36,4489.57,4487.72,4488.38
2026-08-19 16:51:00,4488.38,4488.83,4484.65,4485.59
2026-08-19 16:56:00,4485.64,4490.28,4484.44,4489.87
2026-08-19 17:01:00,4489.72,4496.51,4487.7,4489.56
2026-08-19 17:06:00,4489.37,4490.64,4486.29,4488.71
2026-08-19 17:11:00,4488.71,4490.35,4483.91,4484.68
2026-08-19 17:16:00,4484.79,4486.07,4482.43,4483.57
2026-08-19 17:21:00,4483.57,4484.75,4480.94,4481.66
2026-08-19 17:26:00,4481.65,4481.88,4472.94,4474.21
2026-08-19 17:31:00,4474.16,4482.42,4472.16,4481.27
2026-08-19 17:36:00,4481.22,4488.26,4478.93,4487.47
2026-08-19 17:41:00,4487.36,4491.66,4487.17,4490.37
2026-08-19 17:46:00,4490.37,4492.47,4489.5,4492.27
2026-08-19 17:51:00,4492.27,4496.8,4491.65,4494.96
2026-08-19 17:56:00,4494.96,4496.99,4494.1,4496.99
2026-08-19 18:01:00,4496.98,4498.51,4494.52,4497.62
2026-08-19 18:06:00,4497.67,4505.7,4495.36,4502.85
2026-08-19 18:11:00,4502.85,4505.68,4502.33,4505.32
2026-08-19 18:16:00,4505.24,4506.23,4503.26,4503.68
2026-08-19 18:21:00,4503.69,4505.39,4502.65,4505.36
2026-08-19 18:26:00,4505.32,4508.2,4503.38,4506.4
2026-08-19 18:31:00,4506.42,4510.66,4506.42,4509.9
2026-08-19 18:36:00,4509.87,4510.27,4503.67,4505.97
2026-08-19 18:41:00,4505.93,4508.02,4502.89,4506.19
2026-08-19 18:46:00,4506.16,4512.03,4505.31,4511.05
2026-08-19 18:51:00,4511.01,4512.25,4508.42,4511.37
2026-08-19 18:56:00,4511.33,4512.01,4508.51,4509.58
2026-08-19 19:01:00,4509.56,4510.86,4508.65,4508.65
2026-08-19 19:06:00,4508.45,4511.92,4507.92,4511.91
2026-08-19 19:11:00,4512.1,4512.12,4505.32,4506.8
2026-08-19 19:16:00,4506.8,4512.35,4506.71,4512.01
2026-08-19 19:21:00,4511.95,4521.28,4510.92,4520.65
2026-08-19 19:26:00,4520.76,4522.14,4517.46,4520.37
2026-08-19 19:31:00,4520.32,4523.65,4520.12,4521.3
2026-08-19 19:36:00,4521.32,4521.48,4518.78,4519.77
2026-08-19 19:41:00,4519.78,4520.75,4518.78,4520.44
2026-08-19 19:46:00,4520.44,4523.16,4520.4,4522.19
2026-08-19 19:51:00,4522.19,4524.22,4521.72,4523.5
2026-08-19 19:56:00,4523.58,4527.34,4518.71,4525.27
2026-08-19 21:02:00,4525.24,4525.3,4519.3,4523.0
2026-08-19 21:07:00,4522.99,4522.99,4518.68,4519.66
2026-08-19 21:12:00,4519.66,4521.6,4519.35,4519.75
2026-08-19 21:17:00,4519.7,4520.53,4519.08,4519.55
2026-08-19 21:22:00,4519.55,4521.5,4519.52,4520.02
2026-08-19 21:27:00,4520.02,4521.78,4519.58,4521.32
2026-08-19 21:32:00,4521.33,4522.02,4518.07,4519.35
2026-08-19 21:37:00,4519.36,4519.51,4517.75,4518.69
2026-08-19 21:42:00,4518.69,4519.55,4517.89,4519.33
2026-08-19 21:47:00,4519.41,4521.86,4519.27,4521.28
2026-08-19 21:52:00,4521.25,4521.45,4518.88,4519.39
2026-08-19 21:57:00,4519.39,4523.64,4516.35,4523.32
2026-08-19 22:02:00,4523.32,4523.73,4517.77,4523.6
2026-08-19 22:07:00,4523.54,4523.59,4519.83,4520.18
2026-08-19 22:12:00,4520.19,4520.64,4518.2,4518.73
2026-08-19 22:17:00,4518.67,4520.27,4518.46,4518.68
2026-08-19 22:22:00,4518.7,4519.3,4515.4,4517.03
2026-08-19 22:27:00,4517.18,4518.26,4516.33,4517.69
2026-08-19 22:32:00,4517.67,4517.67,4514.08,4516.08
2026-08-19 22:37:00,4516.08,4516.39,4513.8,4514.25
2026-08-19 22:42:00,4514.21,4517.43,4513.77,4514.71
2026-08-19 22:47:00,4514.71,4515.85,4514.18,4514.61
2026-08-19 22:52:00,4514.61,4515.26,4511.37,4512.12
2026-08-19 22:57:00,4512.12,4516.73,4510.33,4515.52
2026-08-19 23:02:00,4515.69,4518.76,4513.61,4515.02
2026-08-19 23:07:00,4515.22,4518.3,4512.64,4514.63
2026-08-19 23:12:00,4514.63,4516.66,4513.1,4516.32
2026-08-19 23:17:00,4516.32,4521.3,4511.04,4511.21
2026-08-19 23:22:00,4511.24,4512.33,4510.14,4510.97
2026-08-19 23:27:00,4510.95,4513.21,4508.68,4512.01
2026-08-19 23:32:00,4512.06,4512.79,4508.93,4511.37
2026-08-19 23:37:00,4511.37,4511.63,4505.64,4505.64
2026-08-19 23:42:00,4505.7,4507.71,4503.67,4506.31
2026-08-19 23:47:00,4506.09,4510.2,4505.12,4505.89
2026-08-19 23:52:00,4505.89,4507.73,4504.88,4506.12
2026-08-19 23:57:00,4506.14,4510.5,4500.24,4500.38
2026-08-20 00:02:00,4500.7,4501.67,4491.83,4491.86
2026-08-20 00:07:00,4491.89,4499.63,4491.89,4493.15
2026-08-20 00:12:00,4493.18,4499.49,4492.39,4493.68
2026-08-20 00:17:00,4493.68,4503.33,4493.54,4501.6
2026-08-20 00:22:00,4501.49,4502.79,4497.77,4498.4
2026-08-20 00:27:00,4498.45,4503.21,4495.55,4498.4
2026-08-20 00:32:00,4498.3,4501.09,4496.07,4497.4
2026-08-20 00:37:00,4497.37,4499.4,4493.83,4496.11
2026-08-20 00:42:00,4495.93,4496.23,4492.89,4494.11
2026-08-20 00:47:00,4494.07,4494.55,4488.63,4489.02
2026-08-20 00:52:00,4489.07,4489.5,4484.48,4487.35
2026-08-20 00:57:00,4487.34,4493.67,4485.47,4493.28
2026-08-20 01:02:00,4493.2,4499.06,4493.09,4496.07
2026-08-20 01:07:00,4496.07,4498.78,4494.27,4497.8
2026-08-20 01:12:00,4497.77,4499.71,4495.31,4495.8
2026-08-20 01:17:00,4495.8,4496.59,4489.57,4490.69
2026-08-20 01:22:00,4490.66,4494.95,4490.48,4492.3
2026-08-20 01:27:00,4492.31,4494.48,4490.92,4494.09
2026-08-20 01:32:00,4494.04,4494.05,4490.6,4490.63
2026-08-20 01:37:00,4490.63,4494.02,4490.33,4493.9
2026-08-20 01:42:00,4493.91,4493.94,4490.19,4491.49
2026-08-20 01:47:00,4491.61,4493.38,4488.98,4490.81
2026-08-20 01:52:00,4490.75,4494.71,4490.68,4491.38
2026-08-20 01:57:00,4491.36,4495.34,4490.6,4495.21
2026-08-20 02:02:00,4495.21,4497.08,4494.18,4497.07
2026-08-20 02:07:00,4497.07,4497.07,4488.08,4489.4
2026-08-20 02:12:00,4489.27,4492.78,4489.01,4492.23
2026-08-20 02:17:00,4492.22,4494.09,4490.5,4492.61
2026-08-20 02:22:00,4492.61,4496.62,4492.31,4494.63
2026-08-20 02:27:00,4494.63,4496.31,4492.35,4496.31
2026-08-20 02:32:00,4496.31,4498.36,4495.3,4496.1
2026-08-20 02:37:00,4496.11,4498.53,4494.75,4497.0
2026-08-20 02:42:00,4497.0,4498.78,4496.15,4497.8
2026-08-20 02:47:00,4497.8,4498.97,4496.87,4498.8
2026-08-20 02:52:00,4498.78,4500.97,4498.41,4499.96
2026-08-20 02:57:00,4499.97,4500.22,4497.78,4497.86
2026-08-20 03:02:00,4497.86,4498.65,4495.04,4496.79
2026-08-20 03:07:00,4496.79,4497.74,4496.53,4497.0
2026-08-20 03:12:00,4496.99,4497.56,4495.16,4496.35
2026-08-20 03:17:00,4496.35,4497.24,4494.24,4495.36
2026-08-20 03:22:00,4495.36,4496.66,4494.3,4494.66
2026-08-20 03:27:00,4494.68,4495.03,4489.55,4489.79
2026-08-20 03:32:00,4489.79,4489.79,4486.85,4488.03
2026-08-20 03:37:00,4488.02,4488.76,4486.41,4488.02
2026-08-20 03:42:00,4488.04,4488.87,4486.9,4488.57
2026-08-20 03:47:00,4488.57,4490.54,4488.45,4489.82
2026-08-20 03:52:00,4489.85,4491.56,4489.03,4490.06
2026-08-20 03:57:00,4490.11,4490.27,4488.13,4489.51
2026-08-20 04:02:00,4489.51,4493.32,4489.44,4492.13
2026-08-20 04:07:00,4492.13,4494.05,4490.08,4490.19
2026-08-20 04:12:00,4490.22,4490.44,4484.17,4485.62
2026-08-20 04:17:00,4485.62,4486.88,4484.31,4486.17
2026-08-20 04:22:00,4486.17,4487.09,4484.36,4485.14
2026-08-20 04:27:00,4485.14,4486.1,4481.49,4483.83
2026-08-20 04:32:00,4483.84,4484.07,4479.52,4481.56
2026-08-20 04:37:00,4481.56,4481.61,4478.1,4480.37
2026-08-20 04:42:00,4480.45,4482.41,4479.18,4479.51
2026-08-20 04:47:00,4479.51,4481.72,4479.49,4480.31
2026-08-20 04:52:00,4480.31,4480.99,4478.01,4479.11
2026-08-20 04:57:00,4479.11,4483.25,4478.91,4481.42
2026-08-20 05:02:00,4481.57,4490.96,4481.56,4489.68
2026-08-20 05:07:00,4489.68,4492.94,4487.96,4491.22
2026-08-20 05:12:00,4491.22,4494.56,4490.44,4494.42
2026-08-20 05:17:00,4494.37,4495.98,4491.89,4493.2
2026-08-20 05:22:00,4493.2,4494.36,4492.28,4494.0
2026-08-20 05:27:00,4494.0,4495.55,4492.34,4494.51
2026-08-20 05:32:00,4494.51,4495.4,4492.87,4494.6
2026-08-20 05:37:00,4494.6,4495.25,4492.83,4493.55
2026-08-20 05:42:00,4493.59,4495.33,4491.81,4494.96
2026-08-20 05:47:00,4494.95,4495.27,4491.32,4492.05
2026-08-20 05:52:00,4492.17,4493.34,4491.25,4491.97
2026-08-20 05:57:00,4491.96,4494.29,4491.65,4492.17
2026-08-20 06:02:00,4492.17,4492.33,4487.5,4488.98
2026-08-20 06:07:00,4488.75,4490.75,4487.65,4489.76
2026-08-20 06:12:00,4489.77,4490.5,4487.31,4488.35
2026-08-20 06:17:00,4488.35,4488.35,4486.7,4487.23
2026-08-20 06:22:00,4487.16,4487.95,4484.87,4485.03
2026-08-20 06:27:00,4484.97,4486.11,4483.57,4486.1
2026-08-20 06:32:00,4486.1,4491.16,4484.22,4490.62
2026-08-20 06:37:00,4490.62,4493.24,4489.1,4492.38
2026-08-20 06:42:00,4492.46,4493.31,4489.3,4492.63
2026-08-20 06:47:00,4492.63,4493.99,4488.44,4490.65
2026-08-20 06:52:00,4490.65,4492.42,4488.86,4491.99
2026-08-20 06:57:00,4491.93,4493.62,4489.22,4492.91
2026-08-20 07:02:00,4492.91,4494.87,4490.73,4493.44
2026-08-20 07:07:00,4493.49,4495.35,4491.8,4492.33
2026-08-20 07:12:00,4492.31,4498.1,4491.87,4497.98
2026-08-20 07:17:00,4497.93,4498.73,4495.06,4496.86
2026-08-20 07:22:00,4496.78,4498.18,4492.56,4492.59
2026-08-20 07:27:00,4492.1,4492.21,4487.24,4488.0
2026-08-20 07:32:00,4487.85,4495.34,4487.53,4494.25
2026-08-20 07:37:00,4494.25,4495.26,4490.13,4490.49
2026-08-20 07:42:00,4490.52,4492.97,4488.29,4488.75
2026-08-20 07:47:00,4488.75,4490.0,4487.71,4489.09
2026-08-20 07:52:00,4489.09,4492.11,4488.59,4489.3
2026-08-20 07:57:00,4489.26,4489.94,4487.74,4489.07
2026-08-20 08:02:00,4489.3,4491.24,4488.57,4490.77
2026-08-20 08:07:00,4490.77,4494.24,4490.63,4492.36
2026-08-20 08:12:00,4492.36,4493.9,4491.45,4492.82
2026-08-20 08:17:00,4492.82,4493.74,4488.4,4492.17
2026-08-20 08:22:00,4492.21,4492.21,4489.06,4489.11
2026-08-20 08:27:00,4489.05,4490.85,4487.88,4489.35
2026-08-20 08:32:00,4489.35,4490.1,4486.28,4487.7
2026-08-20 08:37:00,4487.7,4487.83,4484.56,4486.48
2026-08-20 08:42:00,4486.48,4490.38,4486.48,4487.81
2026-08-20 08:47:00,4487.81,4488.5,4484.28,4485.24
2026-08-20 08:52:00,4485.25,4485.59,4481.71,4482.59
2026-08-20 08:57:00,4482.59,4484.81,4480.77,4482.38
2026-08-20 09:02:00,4482.48,4487.06,4482.01,4486.85
2026-08-20 09:07:00,4486.82,4490.1,4486.35,4488.96
2026-08-20 09:12:00,4488.96,4491.7,4488.66,4490.53
2026-08-20 09:17:00,4490.58,4491.7,4486.97,4487.14
2026-08-20 09:22:00,4487.11,4490.92,4486.48,4490.81
2026-08-20 09:27:00,4490.8,4494.91,4490.54,4494.03
2026-08-20 09:32:00,4494.02,4494.72,4492.3,4493.29
2026-08-20 09:37:00,4493.29,4494.08,4490.13,4490.48
2026-08-20 09:42:00,4490.48,4491.25,4488.77,4488.77
2026-08-20 09:47:00,4488.75,4490.81,4488.73,4490.1
2026-08-20 09:52:00,4490.1,4490.1,4487.57,4487.99
2026-08-20 09:57:00,4488.01,4490.88,4487.64,4490.75
2026-08-20 10:02:00,4490.66,4491.27,4486.2,4486.98
2026-08-20 10:07:00,4486.98,4488.06,4485.21,4486.2
2026-08-20 10:12:00,4486.21,4487.21,4482.71,4485.39
2026-08-20 10:17:00,4485.35,4485.66,4481.17,4483.13
2026-08-20 10:22:00,4483.13,4489.83,4482.77,4487.55
2026-08-20 10:27:00,4487.55,4488.41,4483.04,4484.94
2026-08-20 10:32:00,4484.95,4486.86,4482.55,4482.55
2026-08-20 10:37:00,4482.51,4483.04,4476.9,4478.77
2026-08-20 10:42:00,4478.78,4478.94,4468.38,4468.63
2026-08-20 10:47:00,4468.65,4472.93,4465.85,4469.91
2026-08-20 10:52:00,4469.89,4471.21,4466.25,4467.86
2026-08-20 10:57:00,4467.79,4468.37,4458.98,4459.03
2026-08-20 11:02:00,4459.01,4461.31,4450.86,4451.36
2026-08-20 11:07:00,4451.16,4461.22,4450.69,4460.6
2026-08-20 11:12:00,4460.53,4466.33,4460.04,4463.46
2026-08-20 11:17:00,4463.44,4467.92,4461.87,4463.56
2026-08-20 11:22:00,4463.56,4466.74,4457.06,4458.7
2026-08-20 11:27:00,4458.69,4461.08,4454.53,4454.94
2026-08-20 11:32:00,4454.97,4456.74,4451.27,4456.74
2026-08-20 11:37:00,4456.76,4465.74,4456.76,4464.15
2026-08-20 11:42:00,4464.11,4467.62,4460.12,4467.05
2026-08-20 11:47:00,4467.01,4474.21,4466.63,4474.0
2026-08-20 11:52:00,4474.02,4475.43,4471.89,4473.91
2026-08-20 11:57:00,4473.91,4484.63,4473.27,4483.84
2026-08-20 12:02:00,4483.92,4483.92,4476.54,4477.49
2026-08-20 12:07:00,4477.55,4478.29,4472.39,4473.03
2026-08-20 12:12:00,4472.99,4475.46,4470.99,4474.83
2026-08-20 12:17:00,4474.79,4476.71,4472.99,4474.63
2026-08-20 12:22:00,4474.44,4475.33,4471.19,4473.11
2026-08-20 12:27:00,4473.12,4477.24,4469.78,4470.63
2026-08-20 12:32:00,4470.63,4485.66,4469.32,4482.69
2026-08-20 12:37:00,4482.7,4486.5,4477.89,4484.83
2026-08-20 12:42:00,4484.96,4489.32,4483.5,4484.21
2026-08-20 12:47:00,4484.06,4484.23,4480.08,4482.16
2026-08-20 12:52:00,4482.15,4486.76,4481.35,4482.34
2026-08-20 12:57:00,4482.42,4490.13,4479.47,4489.05
2026-08-20 13:02:00,4489.27,4490.68,4480.91,4483.33
2026-08-20 13:07:00,4483.33,4488.83,4481.4,4486.94
2026-08-20 13:12:00,4486.93,4489.13,4483.76,4487.57
2026-08-20 13:17:00,4487.52,4490.99,4481.74,4489.02
2026-08-20 13:22:00,4488.99,4493.98,4486.82,4489.18
2026-08-20 13:27:00,4489.19,4495.27,4486.86,4493.22
2026-08-20 13:32:00,4493.4,4500.06,4493.14,4499.52
2026-08-20 13:37:00,4499.25,4500.87,4493.77,4494.06
2026-08-20 13:42:00,4494.12,4505.86,4493.86,4504.31
2026-08-20 13:47:00,4504.3,4509.08,4503.82,4506.05
2026-08-20 13:52:00,4506.18,4512.18,4504.93,4512.12
2026-08-20 13:57:00,4512.12,4528.2,4512.05,4522.54
2026-08-20 14:02:00,4522.51,4536.61,4522.51,4524.89
2026-08-20 14:07:00,4524.76,4532.29,4521.68,4525.0
2026-08-20 14:12:00,4525.01,4537.36,4523.98,4534.91
2026-08-20 14:17:00,4534.91,4540.92,4527.88,4527.88
2026-08-20 14:22:00,4528.06,4531.21,4523.61,4530.1
2026-08-20 14:27:00,4529.98,4534.18,4526.78,4528.39
2026-08-20 14:32:00,4528.33,4529.16,4520.27,4523.15
2026-08-20 14:37:00,4523.15,4524.84,4514.2,4515.07
2026-08-20 14:42:00,4515.07,4519.58,4510.11,4518.39
2026-08-20 14:47:00,4518.4,4521.62,4517.26,4518.97
2026-08-20 14:52:00,4518.96,4521.32,4515.69,4521.32
2026-08-20 14:57:00,4521.33,4524.67,4520.24,4524.28
2026-08-20 15:02:00,4524.28,4524.81,4518.78,4521.27
2026-08-20 15:07:00,4521.26,4521.29,4516.07,4516.21
2026-08-20 15:12:00,4516.19,4516.26,4508.52,4509.5
2026-08-20 15:17:00,4509.74,4513.17,4509.16,4510.88
2026-08-20 15:22:00,4510.87,4513.02,4507.96,4508.58
2026-08-20 15:27:00,4508.53,4509.69,4505.29,4505.52
2026-08-20 15:32:00,4505.53,4512.7,4502.75,4511.57
2026-08-20 15:37:00,4511.5,4511.57,4507.11,4509.43
2026-08-20 15:42:00,4509.31,4512.36,4507.46,4512.26
2026-08-20 15:47:00,4512.06,4513.69,4510.54,4511.28
2026-08-20 15:52:00,4511.3,4511.87,4508.68,4509.46
2026-08-20 15:57:00,4509.5,4512.58,4507.87,4512.08
2026-08-20 16:02:00,4512.15,4513.84,4510.21,4510.4
2026-08-20 16:07:00,4510.43,4511.44,4507.78,4508.81
2026-08-20 16:12:00,4508.83,4510.89,4507.88,4510.8
2026-08-20 16:17:00,4510.86,4512.11,4508.37,4511.66
2026-08-20 16:22:00,4511.44,4514.15,4510.42,4512.73
2026-08-20 16:27:00,4512.73,4516.65,4509.38,4516.34
2026-08-20 16:32:00,4516.33,4518.77,4515.68,4516.98
2026-08-20 16:37:00,4516.97,4518.01,4516.13,4516.68
2026-08-20 16:42:00,4516.73,4519.58,4516.46,4519.41
2026-08-20 16:47:00,4519.42,4520.3,4518.43,4518.44
2026-08-20 16:52:00,4518.44,4519.25,4517.12,4519.09
2026-08-20 16:57:00,4519.09,4520.99,4518.22,4519.4
2026-08-20 17:02:00,4519.48,4522.43,4519.34,4519.42
2026-08-20 17:07:00,4519.41,4519.49,4512.64,4513.03
2026-08-20 17:12:00,4512.96,4513.28,4508.34,4509.21
2026-08-20 17:17:00,4509.15,4516.93,4508.95,4516.65
2026-08-20 17:22:00,4516.65,4519.26,4515.72,4518.96
2026-08-20 17:27:00,4518.96,4521.49,4518.31,4520.43
2026-08-20 17:32:00,4520.43,4522.32,4518.95,4522.13
2026-08-20 17:37:00,4522.13,4523.54,4520.34,4521.29
2026-08-20 17:42:00,4521.25,4522.05,4518.08,4518.9
2026-08-20 17:47:00,4518.91,4524.63,4518.31,4522.72
2026-08-20 17:52:00,4522.76,4525.3,4522.76,4523.98
2026-08-20 17:57:00,4524.02,4524.21,4518.25,4521.24
2026-08-20 18:02:00,4521.23,4523.24,4520.52,4523.24
2026-08-20 18:07:00,4523.12,4526.38,4523.12,4524.8
2026-08-20 18:12:00,4525.13,4529.46,4525.02,4528.76
2026-08-20 18:17:00,4528.76,4528.89,4523.82,4524.5
2026-08-20 18:22:00,4524.5,4528.11,4524.39,4525.68
2026-08-20 18:27:00,4525.75,4525.94,4522.03,4523.58
2026-08-20 18:32:00,4523.65,4526.0,4523.01,4525.4
2026-08-20 18:37:00,4525.4,4529.65,4524.92,4527.96
2026-08-20 18:42:00,4527.96,4528.6,4525.17,4526.05
2026-08-20 18:47:00,4526.06,4531.37,4524.96,4528.65
2026-08-20 18:52:00,4528.64,4532.21,4528.1,4529.01
2026-08-20 18:57:00,4529.0,4529.11,4526.52,4526.57
2026-08-20 19:02:00,4526.57,4528.41,4525.87,4526.21
2026-08-20 19:07:00,4526.18,4526.18,4522.65,4524.46
2026-08-20 19:12:00,4524.39,4525.04,4521.7,4521.71
2026-08-20 19:17:00,4521.69,4522.17,4520.97,4521.85
2026-08-20 19:22:00,4521.88,4522.35,4520.52,4520.55
2026-08-20 19:27:00,4520.54,4521.93,4519.26,4520.02
2026-08-20 19:32:00,4519.79,4519.79,4516.81,4517.54
2026-08-20 19:37:00,4517.54,4518.58,4517.36,4518.2
2026-08-20 19:42:00,4518.23,4518.98,4517.93,4518.86
2026-08-20 19:47:00,4518.86,4520.91,4517.92,4520.91
2026-08-20 19:52:00,4520.91,4521.23,4518.92,4519.14
2026-08-20 19:57:00,4519.15,4521.29,4514.89,4520.23
2026-08-20 21:03:00,4520.17,4520.96,4519.46,4520.01
2026-08-20 21:08:00,4519.89,4519.94,4517.14,4518.32
2026-08-20 21:13:00,4518.28,4520.16,4518.14,4520.04
2026-08-20 21:18:00,4520.09,4520.19,4518.19,4518.55
2026-08-20 21:23:00,4518.59,4520.12,4518.09,4520.04
2026-08-20 21:28:00,4520.04,4520.9,4518.39,4519.29
2026-08-20 21:33:00,4519.25,4521.03,4519.2,4520.91
2026-08-20 21:38:00,4520.81,4522.85,4520.61,4522.83
2026-08-20 21:43:00,4522.83,4523.65,4519.6,4520.29
2026-08-20 21:48:00,4520.31,4523.87,4519.69,4523.71
2026-08-20 21:53:00,4523.72,4524.24,4523.22,4524.02
2026-08-20 21:58:00,4524.02,4527.45,4523.52,4527.14
2026-08-20 22:03:00,4527.07,4530.27,4526.89,4528.29
2026-08-20 22:08:00,4528.29,4532.88,4524.87,4531.6
2026-08-20 22:13:00,4531.47,4532.11,4529.54,4530.65
2026-08-20 22:18:00,4530.67,4532.35,4528.24,4528.46
2026-08-20 22:23:00,4528.46,4530.49,4527.25,4529.22
2026-08-20 22:28:00,4529.22,4529.23,4522.38,4524.18
2026-08-20 22:33:00,4524.29,4524.65,4521.02,4522.89
2026-08-20 22:38:00,4522.89,4524.88,4522.89,4523.83
2026-08-20 22:43:00,4523.85,4525.57,4523.33,4525.47
2026-08-20 22:48:00,4525.47,4527.86,4525.01,4526.09
2026-08-20 22:53:00,4526.08,4528.17,4526.0,4526.48
2026-08-20 22:58:00,4526.44,4527.66,4524.64,4526.16
2026-08-20 23:03:00,4526.09,4526.51,4519.79,4522.24
2026-08-20 23:08:00,4522.3,4523.16,4519.85,4520.06
2026-08-20 23:13:00,4520.06,4520.53,4514.26,4517.65
2026-08-20 23:18:00,4517.67,4519.43,4516.63,4518.31
2026-08-20 23:23:00,4518.34,4520.76,4517.27,4518.45
2026-08-20 23:28:00,4517.87,4519.19,4513.2,4514.57
2026-08-20 23:33:00,4514.59,4515.86,4512.63,4513.71
2026-08-20 23:38:00,4513.76,4514.04,4510.92,4511.66
2026-08-20 23:43:00,4511.8,4514.39,4509.98,4510.79
2026-08-20 23:48:00,4510.79,4512.78,4510.26,4512.24
2026-08-20 23:53:00,4512.23,4512.23,4510.11,4511.61
2026-08-20 23:58:00,4511.6,4516.8,4508.81,4516.01
2026-08-21 00:03:00,4515.77,4517.36,4512.31,4515.15
2026-08-21 00:08:00,4515.14,4518.51,4512.09,4518.23
2026-08-21 00:13:00,4518.23,4526.83,4518.04,4524.25
2026-08-21 00:18:00,4524.14,4527.42,4522.79,4526.04
2026-08-21 00:23:00,4526.03,4530.63,4525.43,4530.05
2026-08-21 00:28:00,4530.04,4535.32,4528.49,4535.05
2026-08-21 00:33:00,4535.05,4543.67,4534.45,4535.15
2026-08-21 00:38:00,4535.09,4535.19,4523.84,4526.53
2026-08-21 00:43:00,4526.55,4531.34,4525.11,4531.11
2026-08-21 00:48:00,4531.02,4533.42,4525.48,4527.22
2026-08-21 00:53:00,4527.22,4530.21,4526.11,4529.89
2026-08-21 00:58:00,4529.71,4531.23,4526.75,4526.83
2026-08-21 01:03:00,4526.85,4527.51,4521.04,4522.69
2026-08-21 01:08:00,4522.69,4525.3,4518.27,4518.46
2026-08-21 01:13:00,4518.48,4522.51,4518.47,4521.43
2026-08-21 01:18:00,4521.44,4524.72,4520.31,4524.56
2026-08-21 01:23:00,4524.53,4529.48,4524.53,4528.18
2026-08-21 01:28:00,4528.15,4530.83,4525.22,4528.11
2026-08-21 01:33:00,4528.15,4528.72,4525.51,4527.92
2026-08-21 01:38:00,4527.92,4534.77,4527.33,4534.42
2026-08-21 01:43:00,4534.45,4539.48,4534.1,4536.49
2026-08-21 01:48:00,4536.61,4542.75,4535.03,4541.56
2026-08-21 01:53:00,4541.54,4541.63,4537.5,4537.58
2026-08-21 01:58:00,4537.65,4537.9,4532.57,4536.69
2026-08-21 02:03:00,4536.7,4538.24,4532.1,4533.7
2026-08-21 02:08:00,4533.7,4536.48,4532.9,4535.82
2026-08-21 02:13:00,4535.64,4535.87,4532.03,4532.96
2026-08-21 02:18:00,4532.99,4534.75,4532.41,4533.73
2026-08-21 02:23:00,4533.73,4534.8,4531.46,4532.39
2026-08-21 02:28:00,4532.36,4535.67,4529.44,4535.14
2026-08-21 02:33:00,4535.14,4535.84,4530.61,4531.62
2026-08-21 02:38:00,4531.62,4531.62,4526.73,4528.88
2026-08-21 02:43:00,4528.88,4531.29,4528.26,4530.77
2026-08-21 02:48:00,4530.76,4533.83,4530.46,4532.0
2026-08-21 02:53:00,4532.0,4533.98,4531.63,4533.23
2026-08-21 02:58:00,4533.33,4538.78,4533.2,4538.04
2026-08-21 03:03:00,4538.04,4539.74,4536.43,4536.44
2026-08-21 03:08:00,4536.43,4539.92,4536.12,4538.04
2026-08-21 03:13:00,4537.94,4541.43,4537.5,4538.63
2026-08-21 03:18:00,4538.64,4545.87,4538.05,4543.01
2026-08-21 03:23:00,4543.06,4546.77,4542.03,4546.17
2026-08-21 03:28:00,4546.08,4547.94,4544.2,4544.2
2026-08-21 03:33:00,4544.16,4545.07,4542.59,4543.15
2026-08-21 03:38:00,4543.16,4543.23,4540.8,4541.36
2026-08-21 03:43:00,4541.37,4542.58,4540.09,4541.7
2026-08-21 03:48:00,4541.7,4542.43,4540.59,4542.43
2026-08-21 03:53:00,4542.39,4542.47,4540.84,4540.87
2026-08-21 03:58:00,4540.84,4541.47,4536.76,4537.32
2026-08-21 04:03:00,4537.19,4539.57,4536.69,4536.79
2026-08-21 04:08:00,4536.81,4536.92,4534.5,4535.22
2026-08-21 04:13:00,4535.22,4538.73,4531.01,4533.54
2026-08-21 04:18:00,4533.62,4534.72,4532.23,4533.86
2026-08-21 04:23:00,4533.88,4534.58,4530.68,4530.93
2026-08-21 04:28:00,4530.94,4536.14,4529.19,4535.94
2026-08-21 04:33:00,4535.94,4540.82,4535.53,4538.16
2026-08-21 04:38:00,4538.21,4540.04,4535.4,4539.22
2026-08-21 04:43:00,4539.22,4543.52,4538.04,4543.14
2026-08-21 04:48:00,4543.06,4549.17,4542.64,4548.76
2026-08-21 04:53:00,4548.78,4553.57,4546.73,4553.23
2026-08-21 04:58:00,4553.24,4556.34,4548.26,4548.26
2026-08-21 05:03:00,4548.25,4551.61,4547.61,4547.83
2026-08-21 05:08:00,4547.78,4549.21,4545.6,4547.53
2026-08-21 05:13:00,4547.54,4556.6,4546.65,4555.15
2026-08-21 05:18:00,4555.1,4556.71,4551.95,4552.75
2026-08-21 05:23:00,4552.75,4557.36,4550.14,4557.33
2026-08-21 05:28:00,4557.2,4559.52,4554.68,4559.48
2026-08-21 05:33:00,4559.46,4565.64,4559.34,4565.5
2026-08-21 05:38:00,4565.52,4565.84,4560.54,4564.47
2026-08-21 05:43:00,4564.47,4565.34,4562.58,4563.7
2026-08-21 05:48:00,4563.75,4567.56,4563.52,4566.22
2026-08-21 05:53:00,4566.21,4567.59,4563.48,4563.48
2026-08-21 05:58:00,4563.48,4563.9,4559.52,4561.29
2026-08-21 06:03:00,4561.34,4566.08,4561.34,4563.77
2026-08-21 06:08:00,4563.77,4564.08,4558.51,4558.97
2026-08-21 06:13:00,4558.98,4564.9,4558.84,4564.56
2026-08-21 06:18:00,4564.55,4567.96,4564.55,4565.26
2026-08-21 06:23:00,4565.26,4565.36,4560.83,4561.37
2026-08-21 06:28:00,4561.41,4564.77,4560.43,4562.57
2026-08-21 06:33:00,4562.59,4563.24,4560.11,4560.64
2026-08-21 06:38:00,4560.71,4566.3,4560.71,4565.78
2026-08-21 06:43:00,4565.78,4567.31,4562.78,4567.31
2026-08-21 06:48:00,4567.33,4568.02,4562.85,4562.85
2026-08-21 06:53:00,4562.87,4565.01,4560.93,4564.22
2026-08-21 06:58:00,4564.18,4566.6,4562.16,4564.52
2026-08-21 07:03:00,4564.66,4565.12,4559.22,4559.95
2026-08-21 07:08:00,4559.85,4565.72,4559.58,4565.46
2026-08-21 07:13:00,4565.51,4570.28,4563.99,4570.2
2026-08-21 07:18:00,4570.14,4576.53,4569.06,4575.68
2026-08-21 07:23:00,4575.68,4581.22,4575.15,4580.62
2026-08-21 07:28:00,4580.62,4581.85,4577.76,4581.12
2026-08-21 07:33:00,4581.07,4582.62,4579.97,4582.49
2026-08-21 07:38:00,4582.49,4584.0,4576.46,4582.51
2026-08-21 07:43:00,4582.46,4584.21,4580.83,4583.43
2026-08-21 07:48:00,4583.29,4583.53,4580.47,4581.14
2026-08-21 07:53:00,4581.2,4583.1,4580.45,4583.01
2026-08-21 07:58:00,4582.99,4585.65,4582.36,4584.23
2026-08-21 08:03:00,4584.05,4590.17,4582.28,4589.84
2026-08-21 08:08:00,4589.68,4597.87,4589.46,4596.6
2026-08-21 08:13:00,4596.6,4601.2,4596.6,4601.08
2026-08-21 08:18:00,4601.1,4602.03,4587.95,4588.72
2026-08-21 08:23:00,4588.65,4589.1,4583.84,4583.84
2026-08-21 08:28:00,4583.84,4584.49,4581.23,4583.54
2026-08-21 08:33:00,4583.54,4584.99,4580.81,4584.99
2026-08-21 08:38:00,4585.01,4586.83,4583.6,4584.04
2026-08-21 08:43:00,4584.11,4584.85,4581.13,4583.24
2026-08-21 08:48:00,4583.3,4583.65,4580.43,4582.13
2026-08-21 08:53:00,4582.13,4585.57,4581.36,4584.45
2026-08-21 08:58:00,4584.39,4588.94,4581.18,4587.38
2026-08-21 09:03:00,4587.32,4587.66,4583.5,4584.39
2026-08-21 09:08:00,4584.39,4584.5,4580.02,4580.21
2026-08-21 09:13:00,4580.23,4584.19,4578.02,4583.8
2026-08-21 09:18:00,4583.67,4587.25,4583.23,4584.97
2026-08-21 09:23:00,4584.93,4589.33,4584.48,4586.71
2026-08-21 09:28:00,4586.71,4588.81,4585.7,4587.58
2026-08-21 09:33:00,4587.58,4592.62,4587.58,4592.24
2026-08-21 09:38:00,4592.24,4594.16,4591.21,4592.4
2026-08-21 09:43:00,4592.39,4594.09,4591.03,4591.72
2026-08-21 09:48:00,4591.75,4591.87,4588.47,4590.36
2026-08-21 09:53:00,4590.24,4592.64,4587.91,4588.41
2026-08-21 09:58:00,4588.41,4591.77,4587.23,4590.94
2026-08-21 10:03:00,4591.01,4595.46,4590.93,4593.53
2026-08-21 10:08:00,4593.33,4594.42,4588.46,4589.7
2026-08-21 10:13:00,4589.74,4594.18,4588.57,4593.85
2026-08-21 10:18:00,4593.85,4600.9,4593.75,4598.11
2026-08-21 10:23:00,4598.12,4600.39,4595.78,4596.44
2026-08-21 10:28:00,4596.44,4599.14,4593.39,4593.76
2026-08-21 10:33:00,4593.85,4604.53,4593.63,4602.88
2026-08-21 10:38:00,4602.96,4603.53,4593.43,4594.18
2026-08-21 10:43:00,4594.18,4599.25,4593.69,4598.78
2026-08-21 10:48:00,4598.8,4600.58,4596.83,4596.99
2026-08-21 10:53:00,4597.15,4598.72,4595.82,4598.26
2026-08-21 10:58:00,4598.16,4601.64,4595.93,4597.74
2026-08-21 11:03:00,4597.81,4600.16,4593.99,4596.31
2026-08-21 11:08:00,4596.31,4598.43,4589.2,4589.2
2026-08-21 11:13:00,4589.35,4595.88,4589.08,4589.08
2026-08-21 11:18:00,4589.07,4589.97,4581.97,4584.01
2026-08-21 11:23:00,4583.99,4588.26,4582.45,4585.64
2026-08-21 11:28:00,4585.62,4586.8,4576.77,4579.01
2026-08-21 11:33:00,4578.97,4579.6,4569.64,4569.64
2026-08-21 11:38:00,4569.63,4572.47,4563.57,4572.37
2026-08-21 11:43:00,4572.35,4578.28,4571.29,4577.32
2026-08-21 11:48:00,4577.34,4580.2,4577.13,4579.27
2026-08-21 11:53:00,4579.27,4580.98,4575.19,4576.27
2026-08-21 11:58:00,4576.28,4583.99,4575.02,4583.94
2026-08-21 12:03:00,4583.94,4584.53,4579.55,4581.42
2026-08-21 12:08:00,4581.41,4586.96,4579.38,4585.15
2026-08-21 12:13:00,4585.14,4587.8,4581.13,4582.01
2026-08-21 12:18:00,4582.1,4586.86,4579.33,4584.38
2026-08-21 12:23:00,4584.26,4584.37,4581.6,4582.13
2026-08-21 12:28:00,4582.14,4586.92,4581.38,4584.6
2026-08-21 12:33:00,4584.65,4587.92,4573.36,4587.66
2026-08-21 12:38:00,4587.44,4591.0,4584.49,4588.61
2026-08-21 12:43:00,4588.68,4590.73,4584.67,4590.51
2026-08-21 12:48:00,4590.46,4592.96,4581.58,4582.8
2026-08-21 12:53:00,4582.71,4585.68,4576.86,4582.27
2026-08-21 12:58:00,4582.27,4586.86,4579.94,4586.86
2026-08-21 13:03:00,4586.86,4590.77,4583.26,4583.39
2026-08-21 13:08:00,4583.52,4589.95,4583.31,4588.66
2026-08-21 13:13:00,4588.67,4590.79,4586.55,4590.71
2026-08-21 13:18:00,4590.77,4597.73,4589.47,4596.07
2026-08-21 13:23:00,4596.02,4603.07,4595.9,4602.14
2026-08-21 13:28:00,4602.15,4603.68,4595.57,4596.22
2026-08-21 13:33:00,4596.25,4596.33,4585.21,4585.74
2026-08-21 13:38:00,4585.58,4587.36,4580.61,4584.4
2026-08-21 13:43:00,4584.38,4589.72,4580.61,4586.33
2026-08-21 13:48:00,4586.4,4595.22,4586.38,4589.78
2026-08-21 13:53:00,4589.9,4591.65,4584.04,4590.91
2026-08-21 13:58:00,4590.71,4592.5,4587.37,4591.21
2026-08-21 14:03:00,4591.21,4597.23,4590.48,4597.05
2026-08-21 14:08:00,4597.05,4598.22,4593.36,4595.06
2026-08-21 14:13:00,4595.01,4599.26,4594.34,4596.86
2026-08-21 14:18:00,4596.87,4600.47,4595.34,4598.51
2026-08-21 14:23:00,4598.52,4607.44,4598.52,4601.91
2026-08-21 14:28:00,4601.9,4606.04,4599.62,4602.09
2026-08-21 14:33:00,4602.09,4608.34,4601.62,4606.29
2026-08-21 14:38:00,4606.17,4610.33,4604.98,4609.42
2026-08-21 14:43:00,4609.52,4611.14,4607.94,4609.14
2026-08-21 14:48:00,4609.1,4612.52,4607.13,4612.28
2026-08-21 14:53:00,4612.3,4615.34,4612.3,4612.63
2026-08-21 14:58:00,4612.61,4616.08,4610.99,4615.16
2026-08-21 15:03:00,4615.22,4617.76,4613.34,4615.06
2026-08-21 15:08:00,4615.09,4615.69,4609.17,4613.83
2026-08-21 15:13:00,4613.91,4616.04,4613.53,4615.18
2026-08-21 15:18:00,4615.21,4620.54,4611.44,4613.82
2026-08-21 15:23:00,4613.76,4614.41,4610.61,4612.6
2026-08-21 15:28:00,4612.8,4615.91,4612.29,4615.8
2026-08-21 15:33:00,4615.8,4617.01,4614.37,4616.81
2026-08-21 15:38:00,4616.8,4621.04,4616.6,4620.01
2026-08-21 15:43:00,4619.8,4624.3,4619.76,4624.17
2026-08-21 15:48:00,4624.16,4626.61,4623.61,4625.23
2026-08-21 15:53:00,4625.23,4627.91,4625.13,4627.47
2026-08-21 15:58:00,4627.53,4629.75,4626.95,4629.5
2026-08-21 16:03:00,4629.38,4630.93,4626.06,4629.55
2026-08-21 16:08:00,4629.56,4632.19,4625.3,4625.58
2026-08-21 16:13:00,4625.58,4625.58,4621.68,4622.89
2026-08-21 16:18:00,4622.84,4625.93,4619.25,4620.36
2026-08-21 16:23:00,4620.36,4620.54,4615.37,4619.31
2026-08-21 16:28:00,4619.3,4624.49,4619.2,4620.1
2026-08-21 16:33:00,4619.97,4624.77,4619.78,4623.98
2026-08-21 16:38:00,4623.98,4624.71,4622.36,4622.98
2026-08-21 16:43:00,4622.93,4623.23,4617.03,4617.6
2026-08-21 16:48:00,4617.6,4620.58,4617.48,4619.32
2026-08-21 16:53:00,4619.29,4622.48,4618.94,4621.49
2026-08-21 16:58:00,4621.49,4624.68,4620.14,4624.62
2026-08-21 17:03:00,4624.59,4626.29,4624.31,4625.89
2026-08-21 17:08:00,4625.93,4627.65,4623.05,4624.19
2026-08-21 17:13:00,4624.19,4625.65,4623.99,4625.26
2026-08-21 17:18:00,4625.27,4627.58,4625.12,4626.03
2026-08-21 17:23:00,4625.86,4627.54,4625.29,4625.31
2026-08-21 17:28:00,4625.25,4625.68,4619.66,4620.53
2026-08-21 17:33:00,4620.53,4623.02,4620.4,4621.88
2026-08-21 17:38:00,4621.88,4622.6,4619.53,4621.06
2026-08-21 17:43:00,4620.96,4623.73,4620.27,4623.33
2026-08-21 17:48:00,4623.34,4625.92,4623.05,4624.24
2026-08-21 17:53:00,4624.24,4625.05,4623.33,4624.57
2026-08-21 17:58:00,4624.55,4625.61,4621.85,4624.43
2026-08-21 18:03:00,4624.35,4625.18,4618.61,4622.24
2026-08-21 18:08:00,4622.24,4622.5,4620.61,4622.4
2026-08-21 18:13:00,4622.4,4623.47,4620.21,4621.65
2026-08-21 18:18:00,4621.65,4623.41,4621.13,4622.53
2026-08-21 18:23:00,4622.53,4623.33,4621.2,4621.37
2026-08-21 18:28:00,4621.38,4621.39,4617.78,4618.67
2026-08-21 18:33:00,4618.59,4619.42,4616.01,4617.48
2026-08-21 18:38:00,4617.48,4619.72,4615.81,4618.86
2026-08-21 18:43:00,4618.88,4621.06,4617.55,4621.06
2026-08-21 18:48:00,4620.81,4623.28,4620.81,4622.97
2026-08-21 18:53:00,4623.04,4623.75,4618.04,4618.68
2026-08-21 18:58:00,4618.67,4619.42,4614.99,4616.24
2026-08-21 19:03:00,4616.24,4617.69,4615.85,4616.76
2026-08-21 19:08:00,4616.76,4616.99,4615.72,4616.91
2026-08-21 19:13:00,4616.9,4617.65,4614.38,4614.6
2026-08-21 19:18:00,4614.61,4614.89,4611.41,4611.76
2026-08-21 19:23:00,4611.79,4612.5,4610.23,4610.88
2026-08-21 19:28:00,4610.88,4612.05,4610.08,4610.41
2026-08-21 19:33:00,4610.44,4611.76,4609.81,4610.12
2026-08-21 19:38:00,4610.11,4610.11,4607.63,4608.28
2026-08-21 19:43:00,4608.28,4608.88,4606.64,4607.38
2026-08-21 19:48:00,4607.49,4607.62,4603.35,4604.59
2026-08-21 19:53:00,4604.74,4604.96,4602.7,4604.13
2026-08-21 19:58:00,4604.13,4624.19,4603.11,4610.35
2026-08-23 21:05:00,4610.43,4617.61,4608.63,4617.11
2026-08-23 21:10:00,4617.11,4620.49,4615.72,4617.45
2026-08-23 21:15:00,4617.48,4618.34,4612.95,4618.34
2026-08-23 21:20:00,4618.28,4620.94,4615.74,4617.32
2026-08-23 21:25:00,4617.31,4617.42,4612.99,4614.24
2026-08-23 21:30:00,4613.88,4617.03,4613.88,4614.73
2026-08-23 21:35:00,4614.73,4616.81,4611.73,4611.73
2026-08-23 21:40:00,4611.73,4612.44,4607.12,4611.01
2026-08-23 21:45:00,4611.07,4611.09,4607.36,4608.62
2026-08-23 21:50:00,4608.62,4609.13,4607.24,4607.59
2026-08-23 21:55:00,4607.7,4607.94,4606.15,4606.26
2026-08-23 22:00:00,4606.31,4609.16,4605.23,4607.52
2026-08-23 22:05:00,4607.52,4607.96,4604.74,4607.79
2026-08-23 22:10:00,4607.79,4609.42,4607.44,4607.6
2026-08-23 22:15:00,4607.59,4608.25,4606.89,4607.57
2026-08-23 22:20:00,4607.56,4613.22,4607.46,4612.97
2026-08-23 22:25:00,4612.96,4615.93,4612.2,4615.21
2026-08-23 22:30:00,4615.21,4618.52,4614.07,4618.22
2026-08-23 22:35:00,4618.24,4619.29,4613.45,4613.46
2026-08-23 22:40:00,4613.46,4614.43,4607.66,4608.41
2026-08-23 22:45:00,4608.42,4615.11,4608.26,4615.07
2026-08-23 22:50:00,4615.02,4622.59,4615.02,4622.59
2026-08-23 22:55:00,4622.59,4624.65,4622.27,4624.18
2026-08-23 23:00:00,4624.16,4627.87,4620.32,4627.03
2026-08-23 23:05:00,4627.23,4639.14,4627.22,4635.11
2026-08-23 23:10:00,4635.09,4640.83,4633.78,4637.41
2026-08-23 23:15:00,4637.37,4640.47,4628.52,4629.31
2026-08-23 23:20:00,4629.3,4630.02,4611.73,4612.42
2026-08-23 23:25:00,4612.4,4612.76,4594.82,4604.87
2026-08-23 23:30:00,4604.88,4608.87,4602.84,4602.84
2026-08-23 23:35:00,4602.75,4608.66,4601.29,4601.44
2026-08-23 23:40:00,4601.44,4607.73,4601.27,4607.12
2026-08-23 23:45:00,4607.12,4615.51,4603.99,4614.4
2026-08-23 23:50:00,4614.37,4617.43,4611.66,4617.15
2026-08-23 23:55:00,4617.16,4623.21,4616.04,4621.87
2026-08-24 00:00:00,4621.83,4635.21,4618.93,4622.5
2026-08-24 00:05:00,4622.72,4630.01,4620.17,4623.1
2026-08-24 00:10:00,4623.13,4627.97,4621.98,4622.18
2026-08-24 00:15:00,4622.18,4625.81,4617.03,4621.48
2026-08-24 00:20:00,4621.36,4622.28,4611.2,4614.82
2026-08-24 00:25:00,4615.05,4618.06,4612.15,4614.55
2026-08-24 00:30:00,4614.56,4614.96,4608.1,4614.56
2026-08-24 00:35:00,4614.7,4621.12,4612.62,4614.26
2026-08-24 00:40:00,4614.23,4618.38,4608.45,4618.18
2026-08-24 00:45:00,4618.17,4618.98,4615.16,4618.85
2026-08-24 00:50:00,4618.85,4630.04,4618.85,4628.81
2026-08-24 00:55:00,4628.73,4637.65,4626.71,4632.27
2026-08-24 01:00:00,4632.23,4638.68,4627.9,4637.12
2026-08-24 01:05:00,4636.98,4642.97,4634.25,4642.73
2026-08-24 01:10:00,4642.73,4652.31,4642.57,4650.48
2026-08-24 01:15:00,4650.53,4655.35,4649.39,4654.46
2026-08-24 01:20:00,4654.46,4655.04,4649.44,4654.26
2026-08-24 01:25:00,4654.27,4655.43,4649.68,4655.25
2026-08-24 01:30:00,4655.32,4656.73,4649.93,4651.98
2026-08-24 01:35:00,4652.11,4653.82,4645.14,4645.3
2026-08-24 01:40:00,4645.25,4645.72,4637.55,4637.7
2026-08-24 01:45:00,4637.7,4637.83,4627.59,4628.6
2026-08-24 01:50:00,4628.61,4638.35,4627.89,4638.16
2026-08-24 01:55:00,4638.17,4644.8,4637.52,4643.75
2026-08-24 02:00:00,4643.82,4644.14,4637.89,4640.51
2026-08-24 02:05:00,4640.49,4640.49,4634.81,4637.72
2026-08-24 02:10:00,4637.72,4639.62,4633.44,4637.3
2026-08-24 02:15:00,4637.32,4641.53,4637.0,4638.85
2026-08-24 02:20:00,4638.77,4643.82,4635.56,4642.38
2026-08-24 02:25:00,4642.42,4648.38,4642.42,4643.88
2026-08-24 02:30:00,4643.89,4648.31,4643.78,4648.12
2026-08-24 02:35:00,4648.12,4650.19,4646.99,4647.72
2026-08-24 02:40:00,4647.73,4648.24,4642.87,4643.07
2026-08-24 02:45:00,4642.92,4644.8,4642.44,4642.76
2026-08-24 02:50:00,4642.73,4644.84,4641.34,4641.4
2026-08-24 02:55:00,4641.38,4643.67,4640.16,4641.63
2026-08-24 03:00:00,4641.65,4642.6,4637.8,4639.8
2026-08-24 03:05:00,4639.76,4639.76,4632.52,4633.82
2026-08-24 03:10:00,4633.83,4638.8,4632.96,4638.48
2026-08-24 03:15:00,4638.48,4640.9,4634.6,4640.16
2026-08-24 03:20:00,4640.28,4640.37,4637.46,4637.9
2026-08-24 03:25:00,4637.9,4641.96,4637.75,4640.46
2026-08-24 03:30:00,4640.51,4640.78,4633.13,4635.66
2026-08-24 03:35:00,4635.57,4637.62,4634.86,4636.73
2026-08-24 03:40:00,4636.77,4638.55,4635.12,4638.24
2026-08-24 03:45:00,4638.27,4639.09,4635.96,4636.61
2026-08-24 03:50:00,4636.62,4640.45,4636.01,4640.02
2026-08-24 03:55:00,4640.03,4640.34,4637.29,4638.98
2026-08-24 04:00:00,4639.24,4641.74,4638.7,4639.55
2026-08-24 04:05:00,4639.54,4642.89,4639.12,4639.99
2026-08-24 04:10:00,4639.99,4643.58,4639.18,4643.58
2026-08-24 04:15:00,4643.49,4646.54,4641.56,4643.35
2026-08-24 04:20:00,4643.34,4643.34,4638.03,4638.59
2026-08-24 04:25:00,4638.61,4642.29,4636.15,4636.16
2026-08-24 04:30:00,4635.18,4639.69,4629.47,4632.65
2026-08-24 04:35:00,4632.81,4639.01,4630.66,4633.19
2026-08-24 04:40:00,4633.13,4635.72,4631.51,4633.49
2026-08-24 04:45:00,4633.43,4638.84,4630.36,4638.78
2026-08-24 04:50:00,4638.78,4643.09,4636.53,4638.64
2026-08-24 04:55:00,4638.65,4641.58,4637.67,4640.98
2026-08-24 05:00:00,4641.0,4645.93,4639.44,4645.01
2026-08-24 05:05:00,4644.97,4651.72,4643.29,4649.02
2026-08-24 05:10:00,4649.26,4652.5,4647.11,4652.38
2026-08-24 05:15:00,4651.95,4659.92,4651.95,4656.37
2026-08-24 05:20:00,4656.34,4658.25,4646.5,4650.17
2026-08-24 05:25:00,4649.71,4650.0,4640.76,4642.58
2026-08-24 05:30:00,4642.69,4652.48,4642.24,4650.72
2026-08-24 05:35:00,4650.72,4653.77,4650.34,4651.32
2026-08-24 05:40:00,4651.28,4651.93,4642.04,4642.99
2026-08-24 05:45:00,4643.0,4650.54,4642.87,4650.09
2026-08-24 05:50:00,4650.1,4654.01,4646.11,4651.54
2026-08-24 05:55:00,4651.54,4651.56,4649.04,4650.09
2026-08-24 06:00:00,4649.86,4654.62,4647.48,4649.02
2026-08-24 06:05:00,4648.86,4650.24,4644.41,4646.7
2026-08-24 06:10:00,4646.7,4649.45,4644.56,4648.39
2026-08-24 06:15:00,4648.34,4650.14,4642.69,4645.93
2026-08-24 06:20:00,4645.95,4647.86,4642.38,4643.42
2026-08-24 06:25:00,4643.52,4647.51,4642.37,4642.82
2026-08-24 06:30:00,4642.76,4646.6,4641.4,4646.55
2026-08-24 06:35:00,4646.56,4647.95,4643.3,4644.51
2026-08-24 06:40:00,4644.55,4645.02,4634.89,4634.89
2026-08-24 06:45:00,4634.94,4635.52,4630.26,4631.49
2026-08-24 06:50:00,4631.53,4637.13,4630.2,4636.0
2026-08-24 06:55:00,4636.05,4643.93,4635.89,4641.68
2026-08-24 07:00:00,4642.26,4643.76,4636.71,4640.92
2026-08-24 07:05:00,4640.91,4645.71,4636.53,4638.45
2026-08-24 07:10:00,4638.48,4640.41,4635.89,4637.59
2026-08-24 07:15:00,4637.74,4637.74,4631.66,4636.05
2026-08-24 07:20:00,4636.08,4638.82,4635.0,4636.0
2026-08-24 07:25:00,4636.03,4639.81,4629.43,4629.43
2026-08-24 07:30:00,4629.45,4634.68,4628.87,4634.31
2026-08-24 07:35:00,4634.34,4637.47,4633.69,4637.39
2026-08-24 07:40:00,4637.39,4646.16,4636.28,4645.44
2026-08-24 07:45:00,4645.62,4646.11,4642.26,4643.74
2026-08-24 07:50:00,4643.74,4644.68,4640.28,4641.59
2026-08-24 07:55:00,4641.58,4642.37,4636.07,4637.95
2026-08-24 08:00:00,4637.95,4643.11,4637.26,4642.48
2026-08-24 08:05:00,4642.56,4644.8,4640.22,4642.2
2026-08-24 08:10:00,4642.21,4643.72,4639.72,4641.96
2026-08-24 08:15:00,4641.92,4642.02,4634.93,4636.78
2026-08-24 08:20:00,4636.76,4639.23,4636.39,4637.06
2026-08-24 08:25:00,4637.07,4638.57,4635.5,4635.94
2026-08-24 08:30:00,4635.97,4640.69,4634.55,4635.42
2026-08-24 08:35:00,4635.43,4637.31,4632.93,4637.04
2026-08-24 08:40:00,4637.07,4639.89,4636.43,4639.25
2026-08-24 08:45:00,4639.12,4645.04,4638.95,4644.06
2026-08-24 08:50:00,4644.09,4645.4,4641.79,4644.27
2026-08-24 08:55:00,4644.4,4646.17,4643.4,4645.99
2026-08-24 09:00:00,4646.01,4649.87,4645.8,4648.93
2026-08-24 09:05:00,4648.98,4650.22,4645.9,4647.06
2026-08-24 09:10:00,4647.06,4650.07,4645.5,4648.17
2026-08-24 09:15:00,4648.28,4648.6,4646.28,4646.84
2026-08-24 09:20:00,4646.81,4647.47,4642.71,4644.93
2026-08-24 09:25:00,4644.86,4646.02,4642.43,4643.24
2026-08-24 09:30:00,4643.22,4645.5,4642.77,4645.33
2026-08-24 09:35:00,4645.33,4649.13,4642.93,4648.08
2026-08-24 09:40:00,4648.08,4648.21,4643.93,4644.34
2026-08-24 09:45:00,4644.18,4645.87,4641.76,4645.81
2026-08-24 09:50:00,4645.81,4647.14,4644.45,4645.8
2026-08-24 09:55:00,4645.8,4646.81,4642.45,4643.36
2026-08-24 10:00:00,4643.33,4646.82,4640.03,4645.93
2026-08-24 10:05:00,4646.01,4646.64,4639.65,4640.55
2026-08-24 10:10:00,4640.52,4644.77,4639.12,4642.34
2026-08-24 10:15:00,4642.33,4645.6,4641.77,4644.7
2026-08-24 10:20:00,4644.81,4645.89,4640.44,4641.49
2026-08-24 10:25:00,4641.36,4647.52,4640.8,4646.55
2026-08-24 10:30:00,4646.73,4652.13,4643.51,4652.11
2026-08-24 10:35:00,4651.96,4670.05,4650.8,4660.53
2026-08-24 10:40:00,4660.53,4666.5,4654.01,4658.74
2026-08-24 10:45:00,4659.06,4661.44,4648.29,4649.02
2026-08-24 10:50:00,4649.03,4659.68,4648.46,4659.63
2026-08-24 10:55:00,4659.57,4659.91,4655.65,4657.9
2026-08-24 11:00:00,4657.9,4658.66,4650.35,4652.17
2026-08-24 11:05:00,4652.25,4656.49,4650.1,4654.88
2026-08-24 11:10:00,4655.16,4660.19,4653.99,4657.38
2026-08-24 11:15:00,4657.36,4657.38,4652.02,4653.17
2026-08-24 11:20:00,4652.75,4659.5,4651.77,4657.53
2026-08-24 11:25:00,4657.5,4662.75,4655.0,4661.87
2026-08-24 11:30:00,4661.86,4661.86,4645.27,4654.67
2026-08-24 11:35:00,4654.63,4663.97,4654.43,4662.89
2026-08-24 11:40:00,4662.89,4668.81,4655.17,4657.51
2026-08-24 11:45:00,4657.5,4662.01,4654.49,4661.92
2026-08-24 11:50:00,4661.93,4667.01,4661.5,4667.01
2026-08-24 11:55:00,4667.04,4667.39,4661.63,4662.87
2026-08-24 12:00:00,4663.0,4671.15,4661.58,4667.13
2026-08-24 12:05:00,4667.14,4674.14,4667.12,4673.55
2026-08-24 12:10:00,4673.54,4677.84,4673.3,4677.16
2026-08-24 12:15:00,4677.21,4677.94,4671.52,4672.36
2026-08-24 12:20:00,4672.36,4672.67,4667.8,4670.67
2026-08-24 12:25:00,4670.7,4674.66,4668.32,4672.43
2026-08-24 12:30:00,4672.26,4680.16,4670.01,4679.91
2026-08-24 12:35:00,4679.84,4680.96,4667.17,4667.36
2026-08-24 12:40:00,4667.21,4674.38,4658.55,4658.73
2026-08-24 12:45:00,4658.53,4678.26,4656.25,4673.83
2026-08-24 12:50:00,4673.81,4676.01,4658.18,4666.99
2026-08-24 12:55:00,4666.96,4668.85,4659.42,4664.78
2026-08-24 13:00:00,4664.67,4667.82,4659.93,4662.91
2026-08-24 13:05:00,4663.07,4670.63,4662.45,4670.63
2026-08-24 13:10:00,4670.58,4672.17,4662.19,4665.85
2026-08-24 13:15:00,4665.75,4666.3,4655.51,4665.42
2026-08-24 13:20:00,4665.64,4670.1,4664.83,4666.39
2026-08-24 13:25:00,4666.45,4675.12,4665.92,4671.92
2026-08-24 13:30:00,4672.11,4677.25,4670.82,4676.79
2026-08-24 13:35:00,4676.8,4678.86,4674.69,4675.72
2026-08-24 13:40:00,4675.72,4677.94,4669.94,4672.04
2026-08-24 13:45:00,4672.05,4673.31,4664.95,4665.81
2026-08-24 13:50:00,4665.97,4668.44,4656.96,4668.44
2026-08-24 13:55:00,4668.5,4675.88,4667.21,4670.42
2026-08-24 14:00:00,4670.52,4676.72,4665.47,4675.63
2026-08-24 14:05:00,4675.65,4676.52,4673.02,4673.56
2026-08-24 14:10:00,4673.53,4675.1,4671.13,4672.98
2026-08-24 14:15:00,4673.0,4673.72,4669.77,4673.26
2026-08-24 14:20:00,4673.25,4673.47,4668.25,4670.25
2026-08-24 14:25:00,4670.55,4679.58,4669.31,4675.93
2026-08-24 14:30:00,4675.9,4677.52,4670.07,4672.58
2026-08-24 14:35:00,4672.58,4674.67,4667.49,4668.56
2026-08-24 14:40:00,4668.51,4668.55,4659.6,4660.71
2026-08-24 14:45:00,4660.69,4663.22,4645.02,4646.85
2026-08-24 14:50:00,4646.82,4655.64,4646.8,4653.42
2026-08-24 14:55:00,4653.37,4653.37,4640.06,4649.11
2026-08-24 15:00:00,4649.16,4661.51,4646.64,4658.99
2026-08-24 15:05:00,4659.04,4661.97,4654.19,4654.46
2026-08-24 15:10:00,4654.49,4658.08,4653.81,4657.57
2026-08-24 15:15:00,4657.58,4660.5,4656.13,4658.87
2026-08-24 15:20:00,4658.85,4659.33,4656.23,4656.5
2026-08-24 15:25:00,4656.5,4659.35,4656.15,4658.93
2026-08-24 15:30:00,4658.93,4661.45,4658.87,4660.66
2026-08-24 15:35:00,4660.65,4662.29,4659.32,4659.73
2026-08-24 15:40:00,4659.71,4661.46,4658.48,4659.71
2026-08-24 15:45:00,4659.68,4660.07,4655.31,4657.55
2026-08-24 15:50:00,4657.56,4657.87,4651.24,4652.46
2026-08-24 15:55:00,4652.47,4652.47,4641.75,4644.85
2026-08-24 16:00:00,4644.86,4647.71,4641.81,4645.97
2026-08-24 16:05:00,4645.97,4655.26,4644.14,4652.47
2026-08-24 16:10:00,4652.13,4654.69,4649.66,4651.85
2026-08-24 16:15:00,4651.78,4654.19,4647.72,4648.35
2026-08-24 16:20:00,4648.35,4648.35,4630.52,4636.72
2026-08-24 16:25:00,4636.71,4645.1,4633.04,4638.52
2026-08-24 16:30:00,4638.43,4641.02,4635.66,4637.59
2026-08-24 16:35:00,4637.49,4643.0,4636.85,4641.24
2026-08-24 16:40:00,4641.27,4642.28,4638.61,4638.8
2026-08-24 16:45:00,4638.78,4639.13,4634.01,4634.01
2026-08-24 16:50:00,4633.9,4638.73,4632.84,4634.21
2026-08-24 16:55:00,4634.21,4637.62,4633.12,4636.68
2026-08-24 17:00:00,4636.65,4640.78,4635.27,4640.19
2026-08-24 17:05:00,4640.19,4640.22,4625.24,4632.2
2026-08-24 17:10:00,4632.2,4635.01,4630.15,4632.1
2026-08-24 17:15:00,4632.1,4634.42,4627.66,4628.38
2026-08-24 17:20:00,4628.34,4636.76,4627.31,4636.52
2026-08-24 17:25:00,4636.38,4642.28,4636.33,4640.5
2026-08-24 17:30:00,4640.49,4641.9,4631.83,4632.36
2026-08-24 17:35:00,4632.28,4633.19,4625.28,4630.24
2026-08-24 17:40:00,4630.26,4635.84,4630.2,4634.9
2026-08-24 17:45:00,4634.9,4635.55,4631.64,4633.32
2026-08-24 17:50:00,4633.47,4635.41,4633.06,4633.81
2026-08-24 17:55:00,4633.92,4637.73,4633.92,4636.68
2026-08-24 18:00:00,4636.63,4640.8,4636.38,4639.18
2026-08-24 18:05:00,4639.15,4640.58,4636.43,4638.75
2026-08-24 18:10:00,4638.74,4638.97,4635.85,4636.38
2026-08-24 18:15:00,4636.36,4642.98,4636.02,4642.98
2026-08-24 18:20:00,4642.89,4645.04,4641.88,4642.51
2026-08-24 18:25:00,4642.62,4643.09,4640.16,4641.46
2026-08-24 18:30:00,4641.48,4642.5,4640.27,4640.97
2026-08-24 18:35:00,4640.94,4646.28,4640.79,4644.88
2026-08-24 18:40:00,4644.87,4650.78,4644.76,4650.05
2026-08-24 18:45:00,4650.08,4655.13,4649.93,4655.0
2026-08-24 18:50:00,4655.09,4655.99,4651.32,4653.16
2026-08-24 18:55:00,4652.97,4654.06,4650.23,4651.47
2026-08-24 19:00:00,4651.8,4655.08,4650.69,4654.33
2026-08-24 19:05:00,4654.29,4654.81,4653.56,4653.98
2026-08-24 19:10:00,4653.95,4655.26,4650.38,4650.53
2026-08-24 19:15:00,4650.56,4653.74,4650.5,4651.79
2026-08-24 19:20:00,4651.73,4652.58,4650.6,4650.62
2026-08-24 19:25:00,4650.61,4650.68,4649.03,4649.41
2026-08-24 19:30:00,4649.34,4650.07,4648.55,4648.82
2026-08-24 19:35:00,4648.77,4649.23,4648.17,4648.7
2026-08-24 19:40:00,4648.58,4648.64,4647.34,4647.76
2026-08-24 19:45:00,4647.81,4650.83,4647.26,4650.24
2026-08-24 19:50:00,4650.24,4651.42,4649.03,4651.01
2026-08-24 19:55:00,4651.11,4655.77,4645.98,4655.39
2026-08-24 21:01:00,4655.45,4657.44,4652.65,4656.83
2026-08-24 21:06:00,4656.84,4660.72,4656.84,4658.51
2026-08-24 21:11:00,4658.57,4659.55,4657.9,4659.32
2026-08-24 21:16:00,4659.33,4659.61,4657.53,4658.71
2026-08-24 21:21:00,4658.71,4658.98,4657.9,4658.22
2026-08-24 21:26:00,4658.22,4659.02,4656.86,4657.94
2026-08-24 21:31:00,4657.93,4660.86,4657.36,4660.71
2026-08-24 21:36:00,4660.65,4661.25,4660.4,4660.65
2026-08-24 21:41:00,4660.6,4661.62,4660.39,4661.3
2026-08-24 21:46:00,4661.3,4663.09,4660.48,4662.65
2026-08-24 21:51:00,4662.65,4665.06,4662.43,4664.35
2026-08-24 21:56:00,4664.74,4669.52,4664.74,4669.45
2026-08-24 22:01:00,4669.45,4669.45,4668.06,4668.65
2026-08-24 22:06:00,4668.65,4671.6,4666.9,4671.3
2026-08-24 22:11:00,4671.28,4675.86,4670.22,4675.62
2026-08-24 22:16:00,4675.62,4676.95,4674.68,4674.94
2026-08-24 22:21:00,4674.94,4675.42,4673.63,4673.85
2026-08-24 22:26:00,4673.86,4673.86,4667.65,4669.98
2026-08-24 22:31:00,4669.98,4673.11,4668.46,4671.9
2026-08-24 22:36:00,4671.9,4677.03,4671.89,4676.13
2026-08-24 22:41:00,4676.12,4677.19,4675.59,4676.35
2026-08-24 22:46:00,4676.4,4682.56,4675.11,4681.7
2026-08-24 22:51:00,4681.71,4682.38,4677.0,4678.24
2026-08-24 22:56:00,4678.15,4689.19,4677.94,4688.59
2026-08-24 23:01:00,4688.52,4688.94,4675.34,4678.97
2026-08-24 23:06:00,4679.09,4687.46,4678.65,4683.06
2026-08-24 23:11:00,4683.06,4691.9,4680.01,4685.15
2026-08-24 23:16:00,4685.21,4686.49,4679.45,4681.98
2026-08-24 23:21:00,4682.01,4682.82,4677.14,4677.57
2026-08-24 23:26:00,4677.59,4686.19,4676.7,4685.9
2026-08-24 23:31:00,4685.88,4692.96,4684.6,4689.56
2026-08-24 23:36:00,4689.56,4696.08,4689.04,4694.5
2026-08-24 23:41:00,4694.56,4696.78,4692.73,4694.64
2026-08-24 23:46:00,4694.63,4694.63,4687.75,4693.5
2026-08-24 23:51:00,4693.48,4693.72,4686.57,4686.96
2026-08-24 23:56:00,4686.94,4689.66,4674.99,4675.27
2026-08-25 00:01:00,4675.25,4678.44,4671.07,4672.58
2026-08-25 00:06:00,4672.56,4680.6,4671.67,4676.71
2026-08-25 00:11:00,4676.7,4679.6,4673.46,4673.5
2026-08-25 00:16:00,4673.54,4680.16,4673.3,4674.76
2026-08-25 00:21:00,4674.87,4676.69,4665.69,4666.86
2026-08-25 00:26:00,4666.85,4672.7,4664.27,4670.58
2026-08-25 00:31:00,4670.7,4674.63,4666.81,4669.34
2026-08-25 00:36:00,4669.38,4674.56,4667.61,4669.11
2026-08-25 00:41:00,4669.11,4673.41,4669.11,4671.08
2026-08-25 00:46:00,4671.06,4675.72,4665.16,4668.31
2026-08-25 00:51:00,4667.69,4671.23,4661.18,4662.81
2026-08-25 00:56:00,4662.83,4663.96,4656.36,4658.69
2026-08-25 01:01:00,4658.72,4661.46,4641.24,4641.79
2026-08-25 01:06:00,4642.42,4645.76,4639.66,4644.85
2026-08-25 01:11:00,4644.83,4645.81,4638.51,4642.21
2026-08-25 01:16:00,4642.19,4652.53,4641.59,4652.27
2026-08-25 01:21:00,4652.26,4655.83,4652.19,4654.86
2026-08-25 01:26:00,4654.98,4656.88,4650.26,4651.56
2026-08-25 01:31:00,4651.6,4655.13,4642.78,4644.29
2026-08-25 01:36:00,4644.29,4645.64,4639.8,4641.87
2026-08-25 01:41:00,4641.87,4647.43,4630.3,4633.06
2026-08-25 01:46:00,4633.06,4637.45,4631.05,4631.55
2026-08-25 01:51:00,4631.39,4631.81,4615.85,4627.68
2026-08-25 01:56:00,4627.45,4631.52,4621.05,4629.75
2026-08-25 02:01:00,4629.78,4631.38,4622.34,4629.05
2026-08-25 02:06:00,4629.05,4638.02,4627.78,4636.98
2026-08-25 02:11:00,4636.98,4638.1,4631.98,4634.2
2026-08-25 02:16:00,4634.07,4637.16,4633.14,4634.89
2026-08-25 02:21:00,4635.02,4637.74,4632.68,4637.56
2026-08-25 02:26:00,4637.52,4638.49,4635.95,4638.19
2026-08-25 02:31:00,4638.13,4641.26,4637.02,4640.01
2026-08-25 02:36:00,4640.01,4641.35,4634.12,4634.63
2026-08-25 02:41:00,4634.64,4637.37,4633.36,4633.86
2026-08-25 02:46:00,4633.92,4635.29,4631.72,4633.02
2026-08-25 02:51:00,4633.04,4634.81,4631.82,4633.12
2026-08-25 02:56:00,4633.13,4635.92,4631.06,4631.46
2026-08-25 03:01:00,4631.41,4635.76,4631.1,4634.97
2026-08-25 03:06:00,4634.97,4636.73,4634.97,4635.83
2026-08-25 03:11:00,4635.83,4637.79,4635.16,4635.66
2026-08-25 03:16:00,4635.67,4637.19,4633.51,4635.25
2026-08-25 03:21:00,4635.26,4635.26,4630.84,4630.94
2026-08-25 03:26:00,4630.92,4631.25,4628.98,4630.63
2026-08-25 03:31:00,4630.62,4632.74,4626.29,4630.71
2026-08-25 03:36:00,4630.69,4630.98,4626.51,4626.69
2026-08-25 03:41:00,4626.71,4627.17,4623.9,4625.71
2026-08-25 03:46:00,4625.74,4626.84,4624.25,4624.55
2026-08-25 03:51:00,4624.55,4628.93,4624.55,4626.96
2026-08-25 03:56:00,4626.91,4627.42,4624.97,4625.39
2026-08-25 04:01:00,4625.39,4634.13,4624.16,4633.25
2026-08-25 04:06:00,4633.21,4639.06,4633.21,4636.88
2026-08-25 04:11:00,4636.75,4640.48,4636.5,4640.46
2026-08-25 04:16:00,4640.44,4646.3,4639.57,4646.21
2026-08-25 04:21:00,4646.22,4646.26,4642.93,4644.6
2026-08-25 04:26:00,4644.59,4647.98,4641.34,4641.66
2026-08-25 04:31:00,4641.77,4646.27,4639.41,4646.27
2026-08-25 04:36:00,4646.25,4646.53,4641.77,4642.27
2026-08-25 04:41:00,4642.31,4643.38,4638.11,4640.64
2026-08-25 04:46:00,4640.83,4642.42,4635.92,4637.52
2026-08-25 04:51:00,4637.52,4645.62,4637.06,4643.42
2026-08-25 04:56:00,4643.36,4646.13,4641.42,4643.87
2026-08-25 05:01:00,4643.87,4646.31,4642.57,4644.72
2026-08-25 05:06:00,4644.72,4650.22,4644.72,4649.76
2026-08-25 05:11:00,4649.73,4650.49,4646.97,4647.79
2026-08-25 05:16:00,4647.79,4648.53,4646.66,4646.8
2026-08-25 05:21:00,4646.81,4652.89,4645.57,4652.85
2026-08-25 05:26:00,4652.85,4653.43,4649.02,4649.49
2026-08-25 05:31:00,4649.5,4653.47,4649.14,4651.88
2026-08-25 05:36:00,4651.88,4652.36,4648.07,4649.71
2026-08-25 05:41:00,4649.73,4652.67,4646.56,4647.53
2026-08-25 05:46:00,4647.53,4649.32,4647.12,4647.5
2026-08-25 05:51:00,4647.48,4647.53,4640.9,4640.96
2026-08-25 05:56:00,4640.96,4641.34,4636.85,4637.65
2026-08-25 06:01:00,4637.64,4641.83,4637.49,4641.44
2026-08-25 06:06:00,4641.45,4642.11,4636.59,4638.26
2026-08-25 06:11:00,4638.29,4641.82,4637.86,4639.87
2026-08-25 06:16:00,4639.85,4642.92,4639.17,4641.14
2026-08-25 06:21:00,4641.14,4643.81,4639.73,4639.88
2026-08-25 06:26:00,4639.78,4640.15,4634.26,4637.86
2026-08-25 06:31:00,4637.86,4639.01,4634.22,4635.26
2026-08-25 06:36:00,4635.26,4637.35,4634.0,4636.83
2026-08-25 06:41:00,4636.83,4640.68,4635.32,4639.39
2026-08-25 06:46:00,4639.31,4640.33,4634.47,4635.88
2026-08-25 06:51:00,4635.87,4636.96,4630.5,4630.61
2026-08-25 06:56:00,4630.64,4631.59,4628.17,4628.92
2026-08-25 07:01:00,4629.0,4631.0,4625.42,4627.85
2026-08-25 07:06:00,4627.99,4629.19,4620.33,4623.53
2026-08-25 07:11:00,4623.61,4628.52,4623.14,4627.14
2026-08-25 07:16:00,4627.12,4630.33,4626.12,4628.89
2026-08-25 07:21:00,4628.89,4645.32,4628.69,4638.81
2026-08-25 07:26:00,4638.81,4639.72,4631.92,4633.7
2026-08-25 07:31:00,4633.6,4635.29,4631.8,4633.33
2026-08-25 07:36:00,4633.31,4634.13,4627.72,4627.81
2026-08-25 07:41:00,4627.85,4633.73,4625.88,4633.05
2026-08-25 07:46:00,4633.22,4633.55,4627.04,4627.73
2026-08-25 07:51:00,4627.71,4628.1,4625.13,4626.83
2026-08-25 07:56:00,4626.83,4630.6,4625.89,4626.53
2026-08-25 08:01:00,4626.6,4628.62,4624.85,4626.45
2026-08-25 08:06:00,4626.42,4633.3,4626.24,4630.75
2026-08-25 08:11:00,4630.73,4632.11,4629.31,4630.75
2026-08-25 08:16:00,4630.71,4633.46,4629.95,4631.08
2026-08-25 08:21:00,4631.08,4632.35,4628.24,4628.45
2026-08-25 08:26:00,4628.49,4628.96,4623.94,4624.14
2026-08-25 08:31:00,4624.14,4639.49,4623.91,4634.85
2026-08-25 08:36:00,4635.16,4635.73,4629.65,4633.65
2026-08-25 08:41:00,4633.65,4639.25,4633.65,4639.15
2026-08-25 08:46:00,4639.07,4642.48,4636.58,4640.59
2026-08-25 08:51:00,4640.6,4641.98,4636.91,4637.22
2026-08-25 08:56:00,4637.15,4640.49,4635.09,4636.1
2026-08-25 09:01:00,4636.1,4637.17,4633.25,4635.11
2026-08-25 09:06:00,4635.15,4636.74,4633.56,4634.92
2026-08-25 09:11:00,4634.88,4638.54,4634.49,4636.38
2026-08-25 09:16:00,4636.36,4638.99,4636.1,4636.54
2026-08-25 09:21:00,4636.63,4638.44,4635.3,4635.41
2026-08-25 09:26:00,4635.42,4637.65,4632.9,4634.7
2026-08-25 09:31:00,4634.69,4636.99,4633.77,4634.79
2026-08-25 09:36:00,4634.82,4639.08,4634.16,4638.28
2026-08-25 09:41:00,4638.11,4640.98,4637.21,4637.71
2026-08-25 09:46:00,4637.69,4641.02,4637.57,4638.57
2026-08-25 09:51:00,4638.56,4642.12,4637.06,4640.85
2026-08-25 09:56:00,4640.82,4642.41,4637.58,4638.22
2026-08-25 10:01:00,4638.22,4640.76,4638.02,4638.93
2026-08-25 10:06:00,4638.91,4643.31,4636.63,4641.47
2026-08-25 10:11:00,4641.45,4643.37,4640.23,4642.8
2026-08-25 10:16:00,4642.82,4645.15,4641.32,4644.19
2026-08-25 10:21:00,4644.16,4644.22,4640.73,4640.86
2026-08-25 10:26:00,4640.86,4642.9,4639.07,4641.82
2026-08-25 10:31:00,4641.82,4644.63,4641.73,4643.02
2026-08-25 10:36:00,4643.01,4645.26,4642.27,4644.26
2026-08-25 10:41:00,4644.21,4644.26,4640.38,4642.79
2026-08-25 10:46:00,4642.79,4647.45,4642.02,4646.49
2026-08-25 10:51:00,4646.44,4646.57,4641.64,4644.48
2026-08-25 10:56:00,4644.47,4645.02,4640.21,4640.23
2026-08-25 11:01:00,4640.22,4640.99,4635.09,4636.84
2026-08-25 11:06:00,4636.82,4638.45,4635.51,4636.35
2026-08-25 11:11:00,4636.36,4642.08,4636.28,4637.82
2026-08-25 11:16:00,4637.81,4639.43,4633.14,4635.63
2026-08-25 11:21:00,4635.63,4637.61,4632.06,4635.81
2026-08-25 11:26:00,4635.8,4637.62,4633.73,4635.96
2026-08-25 11:31:00,4636.46,4637.79,4632.82,4633.86
2026-08-25 11:36:00,4633.82,4634.88,4630.19,4634.07
2026-08-25 11:41:00,4633.94,4640.74,4633.6,4637.57
2026-08-25 11:46:00,4637.56,4642.67,4637.42,4640.61
2026-08-25 11:51:00,4640.58,4644.28,4639.62,4639.91
2026-08-25 11:56:00,4639.91,4641.4,4631.24,4633.25
2026-08-25 12:01:00,4633.1,4636.35,4630.1,4632.76
2026-08-25 12:06:00,4632.49,4632.72,4628.25,4632.4
2026-08-25 12:11:00,4632.4,4633.86,4621.29,4621.86
2026-08-25 12:16:00,4621.8,4628.05,4620.57,4623.82
2026-08-25 12:21:00,4623.76,4625.31,4608.8,4610.05
2026-08-25 12:26:00,4609.8,4618.26,4609.31,4614.84
2026-08-25 12:31:00,4615.01,4623.59,4614.97,4619.03
2026-08-25 12:36:00,4619.01,4621.41,4609.66,4619.67
2026-08-25 12:41:00,4619.58,4619.91,4611.01,4611.95
2026-08-25 12:46:00,4611.93,4614.87,4605.41,4608.25
2026-08-25 12:51:00,4608.24,4612.29,4605.85,4610.5
2026-08-25 12:56:00,4610.45,4620.74,4608.17,4617.34
2026-08-25 13:01:00,4617.42,4622.03,4613.27,4620.93
2026-08-25 13:06:00,4620.92,4626.24,4619.54,4624.83
2026-08-25 13:11:00,4624.79,4626.56,4619.61,4622.63
2026-08-25 13:16:00,4622.63,4624.94,4619.22,4623.8
2026-08-25 13:21:00,4623.82,4628.2,4618.53,4626.65
2026-08-25 13:26:00,4626.71,4628.43,4611.76,4620.83
2026-08-25 13:31:00,4620.8,4632.71,4620.7,4632.29
2026-08-25 13:36:00,4632.29,4638.14,4629.89,4636.17
2026-08-25 13:41:00,4636.17,4640.06,4631.24,4636.45
2026-08-25 13:46:00,4636.53,4638.24,4635.07,4635.07
2026-08-25 13:51:00,4635.34,4637.32,4632.74,4635.62
2026-08-25 13:56:00,4635.62,4637.0,4633.25,4634.77
2026-08-25 14:01:00,4634.76,4637.23,4630.58,4631.77
2026-08-25 14:06:00,4631.73,4633.95,4630.66,4631.85
2026-08-25 14:11:00,4631.86,4635.31,4629.65,4631.46
2026-08-25 14:16:00,4631.45,4641.18,4630.42,4641.18
2026-08-25 14:21:00,4641.12,4644.75,4639.91,4640.01
2026-08-25 14:26:00,4640.07,4643.8,4637.1,4643.76
2026-08-25 14:31:00,4643.76,4654.57,4642.71,4654.57
2026-08-25 14:36:00,4654.47,4658.5,4653.77,4657.52
2026-08-25 14:41:00,4657.59,4659.45,4654.57,4656.0
2026-08-25 14:46:00,4656.06,4656.98,4649.09,4649.85
2026-08-25 14:51:00,4649.84,4652.09,4649.0,4650.89
2026-08-25 14:56:00,4650.88,4654.02,4650.47,4651.66
2026-08-25 15:01:00,4651.58,4653.38,4646.44,4647.77
2026-08-25 15:06:00,4647.78,4649.3,4643.5,4643.79
2026-08-25 15:11:00,4643.78,4646.07,4641.83,4643.68
2026-08-25 15:16:00,4643.69,4647.32,4640.57,4641.39
2026-08-25 15:21:00,4641.44,4641.84,4638.0,4641.44
2026-08-25 15:26:00,4641.56,4642.58,4638.57,4640.47
2026-08-25 15:31:00,4640.48,4642.27,4637.11,4639.29
2026-08-25 15:36:00,4639.29,4645.44,4639.29,4643.79
2026-08-25 15:41:00,4643.86,4645.11,4641.83,4642.17
2026-08-25 15:46:00,4642.2,4646.22,4642.2,4644.52
2026-08-25 15:51:00,4644.53,4646.55,4643.26,4644.09
2026-08-25 15:56:00,4644.08,4645.0,4640.52,4641.41
2026-08-25 16:01:00,4641.4,4641.98,4638.57,4639.09
2026-08-25 16:06:00,4639.19,4639.74,4635.12,4636.08
2026-08-25 16:11:00,4636.1,4639.91,4634.21,4636.29
2026-08-25 16:16:00,4636.31,4645.07,4636.31,4644.26
2026-08-25 16:21:00,4644.28,4644.33,4638.01,4638.81
2026-08-25 16:26:00,4638.8,4641.12,4636.1,4638.89
2026-08-25 16:31:00,4638.89,4642.1,4637.66,4641.9
2026-08-25 16:36:00,4641.94,4643.32,4641.3,4641.46
2026-08-25 16:41:00,4641.46,4644.65,4641.46,4643.64
2026-08-25 16:46:00,4643.64,4646.78,4642.79,4642.87
2026-08-25 16:51:00,4642.94,4646.39,4642.75,4646.3
2026-08-25 16:56:00,4646.33,4648.56,4645.63,4646.71
2026-08-25 17:01:00,4646.75,4646.96,4644.29,4645.13
2026-08-25 17:06:00,4645.14,4647.86,4645.1,4646.65
2026-08-25 17:11:00,4646.68,4650.39,4646.49,4647.48
2026-08-25 17:16:00,4647.48,4649.14,4646.33,4649.13
2026-08-25 17:21:00,4649.14,4650.51,4648.29,4649.73
2026-08-25 17:26:00,4649.77,4650.11,4648.86,4649.1
2026-08-25 17:31:00,4649.09,4649.31,4646.46,4647.77
2026-08-25 17:36:00,4647.77,4648.74,4645.95,4648.24
2026-08-25 17:41:00,4648.24,4650.43,4648.24,4649.6
2026-08-25 17:46:00,4649.6,4652.06,4649.59,4650.65
2026-08-25 17:51:00,4650.65,4651.39,4649.87,4651.37
2026-08-25 17:56:00,4651.37,4657.92,4651.0,4657.12
2026-08-25 18:01:00,4657.18,4657.63,4653.48,4657.4
2026-08-25 18:06:00,4657.4,4662.62,4655.89,4662.47
2026-08-25 18:11:00,4662.46,4663.83,4659.87,4663.29
2026-08-25 18:16:00,4663.33,4668.15,4663.19,4665.38
2026-08-25 18:21:00,4665.39,4666.61,4662.26,4662.32
2026-08-25 18:26:00,4662.34,4662.43,4660.03,4660.62
2026-08-25 18:31:00,4660.52,4661.85,4658.45,4659.14
2026-08-25 18:36:00,4659.2,4660.61,4657.97,4659.69
2026-08-25 18:41:00,4659.5,4664.52,4659.41,4661.74
2026-08-25 18:46:00,4661.6,4665.09,4660.45,4664.22
2026-08-25 18:51:00,4664.22,4667.56,4661.07,4661.32
2026-08-25 18:56:00,4661.53,4667.6,4661.41,4666.69
2026-08-25 19:01:00,4666.68,4666.85,4664.54,4665.49
2026-08-25 19:06:00,4665.49,4669.08,4662.87,4668.75
2026-08-25 19:11:00,4668.75,4668.77,4665.49,4666.07
2026-08-25 19:16:00,4666.03,4666.85,4665.47,4666.85
2026-08-25 19:21:00,4666.85,4667.76,4663.92,4663.92
2026-08-25 19:26:00,4663.89,4664.82,4661.47,4661.48
2026-08-25 19:31:00,4661.48,4664.17,4661.48,4661.99
2026-08-25 19:36:00,4662.02,4662.02,4661.35,4661.75
2026-08-25 19:41:00,4661.75,4662.15,4660.24,4662.0
2026-08-25 19:46:00,4661.98,4662.23,4660.15,4660.18
2026-08-25 19:51:00,4660.18,4660.75,4658.06,4658.06
2026-08-25 19:56:00,4658.02,4661.64,4652.56,4661.41
2026-08-25 21:02:00,4661.23,4661.69,4659.57,4660.94
2026-08-25 21:07:00,4660.73,4662.06,4660.5,4661.93
2026-08-25 21:12:00,4661.91,4666.82,4661.46,4665.69
2026-08-25 21:17:00,4665.75,4666.91,4665.4,4665.6
2026-08-25 21:22:00,4665.6,4666.74,4665.11,4666.02
2026-08-25 21:27:00,4666.05,4668.74,4665.9,4668.5
2026-08-25 21:32:00,4668.5,4670.33,4666.9,4669.76
2026-08-25 21:37:00,4669.8,4670.84,4669.36,4669.6
2026-08-25 21:42:00,4669.6,4671.68,4668.97,4671.28
2026-08-25 21:47:00,4671.27,4673.75,4670.8,4673.63
2026-08-25 21:52:00,4673.56,4673.61,4672.22,4673.2
2026-08-25 21:57:00,4673.2,4673.53,4671.19,4671.21
2026-08-25 22:02:00,4671.14,4672.57,4670.46,4671.15
2026-08-25 22:07:00,4671.16,4671.31,4667.33,4667.36
2026-08-25 22:12:00,4667.36,4668.45,4666.52,4667.07
2026-08-25 22:17:00,4667.07,4668.16,4664.7,4664.93
2026-08-25 22:22:00,4664.96,4665.23,4660.49,4660.76
2026-08-25 22:27:00,4660.76,4661.52,4658.56,4659.91
2026-08-25 22:32:00,4659.93,4661.23,4659.43,4660.33
2026-08-25 22:37:00,4660.34,4660.47,4656.96,4656.98
2026-08-25 22:42:00,4657.02,4658.01,4655.72,4657.96
2026-08-25 22:47:00,4657.98,4658.78,4654.08,4655.69
2026-08-25 22:52:00,4655.69,4656.98,4654.27,4655.04
2026-08-25 22:57:00,4654.97,4657.89,4652.51,4653.92
2026-08-25 23:02:00,4653.94,4656.67,4651.72,4652.29
2026-08-25 23:07:00,4652.32,4654.67,4651.62,4653.77
2026-08-25 23:12:00,4653.77,4654.76,4650.43,4652.11
2026-08-25 23:17:00,4652.14,4655.02,4647.64,4647.86
2026-08-25 23:22:00,4647.86,4648.12,4643.07,4644.51
2026-08-25 23:27:00,4644.53,4648.33,4643.96,4646.99
2026-08-25 23:32:00,4646.99,4650.06,4639.19,4642.27
2026-08-25 23:37:00,4642.38,4642.83,4637.18,4637.25
2026-08-25 23:42:00,4637.27,4639.07,4636.12,4637.41
2026-08-25 23:47:00,4637.44,4639.02,4635.86,4635.87
2026-08-25 23:52:00,4635.88,4638.84,4634.49,4637.77
2026-08-25 23:57:00,4637.78,4641.24,4629.99,4637.68
2026-08-26 00:02:00,4637.68,4647.83,4637.68,4646.51
2026-08-26 00:07:00,4646.51,4646.54,4640.71,4645.82
2026-08-26 00:12:00,4645.82,4650.22,4642.36,4649.87
2026-08-26 00:17:00,4649.87,4650.41,4644.97,4647.76
2026-08-26 00:22:00,4647.89,4649.06,4643.48,4646.45
2026-08-26 00:27:00,4646.35,4647.13,4641.39,4641.66
2026-08-26 00:32:00,4641.63,4645.71,4639.01,4645.06
2026-08-26 00:37:00,4645.08,4647.12,4639.91,4640.94
2026-08-26 00:42:00,4640.96,4646.33,4640.96,4643.65
2026-08-26 00:47:00,4643.64,4653.07,4643.4,4653.03
2026-08-26 00:52:00,4652.94,4655.22,4650.78,4655.04
2026-08-26 00:57:00,4655.04,4660.89,4654.99,4656.81
2026-08-26 01:02:00,4656.81,4660.48,4656.03,4659.52
2026-08-26 01:07:00,4659.66,4661.78,4658.14,4658.14
2026-08-26 01:12:00,4658.14,4661.5,4657.96,4660.49
2026-08-26 01:17:00,4660.47,4661.74,4659.33,4659.68
2026-08-26 01:22:00,4659.68,4661.01,4658.24,4658.24
2026-08-26 01:27:00,4658.24,4662.52,4656.23,4660.15
2026-08-26 01:32:00,4660.17,4665.71,4659.37,4662.48
2026-08-26 01:37:00,4662.44,4667.93,4659.55,4667.88
2026-08-26 01:42:00,4667.9,4670.78,4666.83,4667.79
2026-08-26 01:47:00,4667.82,4668.14,4664.39,4664.54
2026-08-26 01:52:00,4664.62,4664.7,4659.35,4659.35
2026-08-26 01:57:00,4659.34,4659.71,4653.44,4656.02
2026-08-26 02:02:00,4656.02,4658.32,4653.1,4653.43
2026-08-26 02:07:00,4653.42,4653.55,4647.32,4648.36
2026-08-26 02:12:00,4648.36,4649.34,4646.51,4646.87
2026-08-26 02:17:00,4646.87,4650.35,4645.96,4650.27
2026-08-26 02:22:00,4650.49,4650.77,4648.15,4648.64
2026-08-26 02:27:00,4648.48,4651.26,4647.75,4650.29
2026-08-26 02:32:00,4650.35,4651.29,4648.44,4648.94
2026-08-26 02:37:00,4648.92,4651.29,4646.53,4646.85
2026-08-26 02:42:00,4647.13,4647.2,4642.55,4644.27
2026-08-26 02:47:00,4644.27,4645.35,4643.3,4644.61
2026-08-26 02:52:00,4644.61,4645.5,4643.47,4643.54
2026-08-26 02:57:00,4643.57,4644.41,4642.59,4642.88
2026-08-26 03:02:00,4642.9,4644.36,4642.13,4642.54
2026-08-26 03:07:00,4642.55,4644.0,4641.93,4643.62
2026-08-26 03:12:00,4643.62,4643.67,4641.47,4641.96
2026-08-26 03:17:00,4641.96,4643.36,4641.53,4642.8
2026-08-26 03:22:00,4642.8,4643.02,4641.42,4641.7
2026-08-26 03:27:00,4641.68,4643.29,4641.19,4643.16
2026-08-26 03:32:00,4643.17,4643.26,4640.6,4641.75
2026-08-26 03:37:00,4641.66,4642.27,4639.83,4641.04
2026-08-26 03:42:00,4641.04,4642.24,4640.19,4640.77
2026-08-26 03:47:00,4640.77,4640.92,4638.9,4639.91
2026-08-26 03:52:00,4639.92,4641.87,4639.64,4641.05
2026-08-26 03:57:00,4640.98,4642.1,4639.52,4641.79
2026-08-26 04:02:00,4641.77,4643.83,4641.44,4642.65
2026-08-26 04:07:00,4642.63,4645.91,4641.87,4643.95
2026-08-26 04:12:00,4643.91,4643.91,4641.25,4642.86
2026-08-26 04:17:00,4642.86,4644.76,4642.22,4642.22
2026-08-26 04:22:00,4642.22,4644.51,4641.93,4643.08
2026-08-26 04:27:00,4643.08,4649.53,4641.32,4647.12
2026-08-26 04:32:00,4647.11,4647.35,4642.07,4642.08
2026-08-26 04:37:00,4641.99,4644.48,4638.3,4644.41
2026-08-26 04:42:00,4644.47,4644.53,4635.52,4636.9
2026-08-26 04:47:00,4636.9,4640.59,4636.64,4638.39
2026-08-26 04:52:00,4638.41,4640.31,4637.01,4637.93
2026-08-26 04:57:00,4637.98,4639.8,4636.89,4637.71
2026-08-26 05:02:00,4637.68,4641.47,4636.23,4638.4
2026-08-26 05:07:00,4638.38,4639.69,4636.17,4637.55
2026-08-26 05:12:00,4637.53,4639.16,4632.96,4633.15
2026-08-26 05:17:00,4633.04,4634.63,4630.61,4630.93
2026-08-26 05:22:00,4631.0,4631.33,4624.7,4628.44
2026-08-26 05:27:00,4628.46,4630.02,4624.74,4629.78
2026-08-26 05:32:00,4629.76,4631.24,4627.62,4627.94
2026-08-26 05:37:00,4627.95,4632.75,4627.25,4632.04
2026-08-26 05:42:00,4632.04,4634.99,4631.19,4634.93
2026-08-26 05:47:00,4634.93,4636.81,4633.41,4634.39
2026-08-26 05:52:00,4634.39,4634.93,4630.47,4632.47
2026-08-26 05:57:00,4632.47,4637.11,4632.14,4636.96
2026-08-26 06:02:00,4636.94,4639.33,4636.07,4637.43
2026-08-26 06:07:00,4637.48,4637.48,4633.18,4634.59
2026-08-26 06:12:00,4634.59,4637.05,4634.1,4636.48
2026-08-26 06:17:00,4636.46,4637.71,4631.69,4634.29
2026-08-26 06:22:00,4634.29,4635.96,4633.17,4634.33
2026-08-26 06:27:00,4634.31,4634.31,4630.82,4632.86
2026-08-26 06:32:00,4633.28,4636.4,4632.51,4633.71
2026-08-26 06:37:00,4633.71,4633.95,4628.78,4629.61
2026-08-26 06:42:00,4629.61,4632.16,4628.95,4631.94
2026-08-26 06:47:00,4631.81,4634.87,4627.78,4627.98
2026-08-26 06:52:00,4627.99,4629.51,4626.58,4627.21
2026-08-26 06:57:00,4627.14,4629.97,4626.1,4627.72
2026-08-26 07:02:00,4627.75,4630.33,4627.12,4627.7
2026-08-26 07:07:00,4627.65,4629.66,4625.58,4626.32
2026-08-26 07:12:00,4626.45,4628.49,4622.88,4627.95
2026-08-26 07:17:00,4627.95,4627.95,4623.96,4624.57
2026-08-26 07:22:00,4624.59,4627.48,4622.26,4627.18
2026-08-26 07:27:00,4627.17,4629.73,4625.12,4627.62
2026-08-26 07:32:00,4627.6,4630.75,4626.41,4629.75
2026-08-26 07:37:00,4629.72,4630.47,4628.02,4628.79
2026-08-26 07:42:00,4628.78,4629.97,4628.16,4629.3
2026-08-26 07:47:00,4629.3,4629.3,4627.0,4627.66
2026-08-26 07:52:00,4627.66,4628.55,4626.07,4626.79
2026-08-26 07:57:00,4626.79,4630.61,4626.21,4629.83
2026-08-26 08:02:00,4629.81,4630.94,4625.79,4626.92
2026-08-26 08:07:00,4626.92,4627.59,4624.01,4626.64
2026-08-26 08:12:00,4626.66,4627.82,4621.91,4622.58
2026-08-26 08:17:00,4622.55,4623.6,4618.53,4620.91
2026-08-26 08:22:00,4620.88,4621.42,4616.29,4617.72
2026-08-26 08:27:00,4617.72,4620.96,4616.41,4620.96
2026-08-26 08:32:00,4620.96,4622.31,4620.09,4620.79
2026-08-26 08:37:00,4620.79,4621.39,4619.48,4620.54
2026-08-26 08:42:00,4620.54,4624.11,4619.89,4623.61
2026-08-26 08:47:00,4623.6,4625.67,4622.9,4624.74
2026-08-26 08:52:00,4624.74,4625.18,4622.85,4623.79
2026-08-26 08:57:00,4623.75,4624.61,4621.58,4621.9
2026-08-26 09:02:00,4621.92,4623.98,4620.37,4622.4
2026-08-26 09:07:00,4622.41,4622.81,4619.34,4619.62
2026-08-26 09:12:00,4619.61,4620.36,4617.8,4619.93
2026-08-26 09:17:00,4619.94,4620.46,4616.26,4616.66
2026-08-26 09:22:00,4616.54,4620.0,4614.05,4614.45
2026-08-26 09:27:00,4614.45,4617.64,4613.46,4617.64
2026-08-26 09:32:00,4617.68,4620.19,4617.55,4619.84
2026-08-26 09:37:00,4619.85,4624.16,4619.61,4623.78
2026-08-26 09:42:00,4623.8,4623.87,4620.97,4622.89
2026-08-26 09:47:00,4622.91,4624.03,4622.1,4623.82
2026-08-26 09:52:00,4623.82,4623.82,4620.66,4620.88
2026-08-26 09:57:00,4620.88,4621.15,4618.93,4620.27
2026-08-26 10:02:00,4620.26,4621.87,4618.84,4619.22
2026-08-26 10:07:00,4619.24,4619.24,4616.94,4618.12
2026-08-26 10:12:00,4618.12,4621.3,4616.66,4620.25
2026-08-26 10:17:00,4620.25,4623.03,4618.83,4619.04
2026-08-26 10:22:00,4619.04,4619.04,4616.61,4618.2
2026-08-26 10:27:00,4618.36,4622.87,4618.12,4622.65
2026-08-26 10:32:00,4622.58,4622.88,4617.43,4619.08
2026-08-26 10:37:00,4619.12,4619.47,4617.29,4618.71
2026-08-26 10:42:00,4618.78,4619.52,4617.43,4618.65
2026-08-26 10:47:00,4618.66,4620.12,4617.01,4618.27
2026-08-26 10:52:00,4618.26,4621.69,4617.89,4621.68
2026-08-26 10:57:00,4621.68,4627.89,4621.5,4627.12
2026-08-26 11:02:00,4627.18,4629.78,4625.37,4628.8
2026-08-26 11:07:00,4628.83,4629.12,4625.25,4626.11
2026-08-26 11:12:00,4626.12,4627.77,4624.6,4625.12
2026-08-26 11:17:00,4625.1,4630.13,4625.06,4627.49
2026-08-26 11:22:00,4627.49,4629.25,4625.17,4628.91
2026-08-26 11:27:00,4628.86,4633.65,4612.43,4615.14
2026-08-26 11:32:00,4615.12,4626.24,4614.65,4621.39
2026-08-26 11:37:00,4621.29,4625.94,4616.89,4618.6
2026-08-26 11:42:00,4618.6,4625.35,4614.67,4619.51
2026-08-26 11:47:00,4619.51,4626.35,4618.59,4624.09
2026-08-26 11:52:00,4624.09,4624.09,4611.1,4616.78
2026-08-26 11:57:00,4616.53,4619.04,4609.2,4618.3
2026-08-26 12:02:00,4618.29,4621.49,4609.36,4614.25
2026-08-26 12:07:00,4614.26,4614.34,4608.48,4610.34
2026-08-26 12:12:00,4610.34,4613.86,4597.47,4605.49
2026-08-26 12:17:00,4605.37,4614.23,4603.4,4605.59
2026-08-26 12:22:00,4605.58,4612.31,4604.45,4607.64
2026-08-26 12:27:00,4607.64,4616.84,4606.11,4615.01
2026-08-26 12:32:00,4614.86,4618.93,4610.41,4616.51
2026-08-26 12:37:00,4616.45,4618.63,4612.01,4618.39
2026-08-26 12:42:00,4618.39,4623.63,4616.86,4621.82
2026-08-26 12:47:00,4621.81,4626.95,4620.28,4626.8
2026-08-26 12:52:00,4626.82,4629.03,4623.0,4628.4
2026-08-26 12:57:00,4628.39,4633.43,4625.1,4625.16
2026-08-26 13:02:00,4625.08,4629.22,4622.32,4625.37
2026-08-26 13:07:00,4625.33,4627.07,4620.74,4622.37
2026-08-26 13:12:00,4621.88,4624.3,4619.43,4621.87
2026-08-26 13:17:00,4621.98,4625.48,4620.38,4624.19
2026-08-26 13:22:00,4624.19,4626.76,4616.35,4619.01
2026-08-26 13:27:00,4619.11,4619.66,4615.49,4617.34
2026-08-26 13:32:00,4617.28,4619.56,4614.55,4615.6
2026-08-26 13:37:00,4615.64,4622.05,4612.67,4621.82
2026-08-26 13:42:00,4621.82,4622.89,4616.16,4617.86
2026-08-26 13:47:00,4617.75,4617.75,4611.67,4611.87
2026-08-26 13:52:00,4611.87,4612.99,4606.15,4606.58
2026-08-26 13:57:00,4606.57,4608.69,4599.77,4602.02
2026-08-26 14:02:00,4602.02,4602.62,4588.12,4590.84
2026-08-26 14:07:00,4590.84,4599.97,4588.72,4594.51
2026-08-26 14:12:00,4594.46,4597.2,4583.09,4583.65
2026-08-26 14:17:00,4583.64,4594.22,4583.43,4593.79
2026-08-26 14:22:00,4593.63,4594.05,4589.71,4592.16
2026-08-26 14:27:00,4592.15,4598.21,4591.62,4596.61
2026-08-26 14:32:00,4596.63,4600.28,4595.32,4599.19
2026-08-26 14:37:00,4599.2,4603.04,4597.38,4602.56
2026-08-26 14:42:00,4602.53,4606.94,4601.91,4606.33
2026-08-26 14:47:00,4606.28,4609.31,4601.84,4601.84
2026-08-26 14:52:00,4602.2,4603.53,4598.44,4603.52
2026-08-26 14:57:00,4603.55,4604.03,4590.67,4594.68
2026-08-26 15:02:00,4594.69,4601.51,4594.06,4600.03
2026-08-26 15:07:00,4600.05,4601.22,4597.21,4598.65
2026-08-26 15:12:00,4598.63,4600.91,4597.23,4597.97
2026-08-26 15:17:00,4597.97,4599.8,4597.12,4598.9
2026-08-26 15:22:00,4598.92,4599.1,4594.2,4596.19
2026-08-26 15:27:00,4596.2,4597.3,4593.52,4593.75
2026-08-26 15:32:00,4593.74,4594.92,4592.2,4594.11
2026-08-26 15:37:00,4594.18,4595.35,4585.73,4590.48
2026-08-26 15:42:00,4590.54,4591.48,4587.49,4591.01
2026-08-26 15:47:00,4591.01,4596.79,4590.85,4592.28
2026-08-26 15:52:00,4592.28,4592.3,4588.57,4589.96
2026-08-26 15:57:00,4589.95,4593.53,4589.19,4592.51
2026-08-26 16:02:00,4592.58,4593.86,4590.72,4592.28
2026-08-26 16:07:00,4592.28,4596.14,4592.18,4593.35
2026-08-26 16:12:00,4593.56,4595.65,4593.39,4595.36
2026-08-26 16:17:00,4595.37,4598.86,4593.54,4598.07
2026-08-26 16:22:00,4598.07,4598.28,4594.15,4596.13
2026-08-26 16:27:00,4596.13,4599.68,4595.14,4598.35
2026-08-26 16:32:00,4598.37,4602.27,4596.15,4596.33
2026-08-26 16:37:00,4596.3,4599.35,4596.3,4598.66
2026-08-26 16:42:00,4598.67,4599.24,4595.78,4597.18
2026-08-26 16:47:00,4597.18,4598.81,4596.28,4598.52
2026-08-26 16:52:00,4598.52,4599.27,4594.32,4595.39
2026-08-26 16:57:00,4595.39,4600.05,4595.27,4599.17
2026-08-26 17:02:00,4599.33,4604.66,4598.9,4602.36
2026-08-26 17:07:00,4602.36,4603.71,4600.62,4603.17
2026-08-26 17:12:00,4603.17,4603.42,4597.86,4598.21
2026-08-26 17:17:00,4598.28,4599.1,4593.72,4593.72
2026-08-26 17:22:00,4593.71,4595.31,4592.8,4594.14
2026-08-26 17:27:00,4594.14,4595.35,4593.3,4594.58
2026-08-26 17:32:00,4594.56,4595.87,4592.49,4594.0
2026-08-26 17:37:00,4594.0,4596.47,4593.08,4595.46
2026-08-26 17:42:00,4595.51,4597.46,4595.49,4596.3
2026-08-26 17:47:00,4596.38,4597.74,4595.97,4596.75
2026-08-26 17:52:00,4596.75,4597.76,4593.4,4595.09
2026-08-26 17:57:00,4595.08,4595.56,4593.52,4594.29
2026-08-26 18:02:00,4594.27,4594.96,4591.04,4592.38
2026-08-26 18:07:00,4592.39,4595.66,4591.99,4595.06
2026-08-26 18:12:00,4595.05,4595.64,4592.02,4592.87
2026-08-26 18:17:00,4592.91,4593.64,4591.33,4592.3
2026-08-26 18:22:00,4592.31,4598.98,4592.24,4598.87
2026-08-26 18:27:00,4598.87,4601.63,4597.25,4599.25
2026-08-26 18:32:00,4599.25,4600.35,4596.85,4597.82
2026-08-26 18:37:00,4597.82,4597.91,4595.44,4596.86
2026-08-26 18:42:00,4596.86,4596.86,4594.31,4596.02
2026-08-26 18:47:00,4596.01,4596.51,4592.46,4594.29
2026-08-26 18:52:00,4594.4,4595.4,4592.72,4594.01
2026-08-26 18:57:00,4594.0,4594.58,4592.4,4592.94
2026-08-26 19:02:00,4592.94,4596.75,4592.92,4596.31
2026-08-26 19:07:00,4596.34,4596.36,4593.24,4593.24
2026-08-26 19:12:00,4593.23,4593.51,4589.68,4590.08
2026-08-26 19:17:00,4590.04,4590.49,4584.15,4585.32
2026-08-26 19:22:00,4585.38,4591.28,4584.51,4590.92
2026-08-26 19:27:00,4590.92,4592.09,4590.28,4591.01
2026-08-26 19:32:00,4590.98,4592.68,4590.69,4592.4
2026-08-26 19:37:00,4592.48,4593.52,4591.83,4592.49
2026-08-26 19:42:00,4592.49,4592.81,4591.22,4591.7
2026-08-26 19:47:00,4591.64,4593.82,4591.47,4592.9
2026-08-26 19:52:00,4592.98,4593.75,4592.19,4593.62
2026-08-26 19:57:00,4593.65,4606.89,4593.58,4603.67
2026-08-26 21:03:00,4603.82,4606.08,4603.29,4604.27
2026-08-26 21:08:00,4604.29,4605.44,4602.48,4603.04
2026-08-26 21:13:00,4603.04,4611.13,4602.02,4610.9
2026-08-26 21:18:00,4610.99,4613.5,4608.32,4609.1
2026-08-26 21:23:00,4608.73,4609.19,4605.55,4606.66
2026-08-26 21:28:00,4606.58,4611.66,4606.41,4610.53
2026-08-26 21:33:00,4610.58,4611.31,4608.19,4608.94
2026-08-26 21:38:00,4608.94,4610.75,4608.94,4610.16
2026-08-26 21:43:00,4610.03,4612.09,4609.12,4610.08
2026-08-26 21:48:00,4610.08,4610.36,4607.05,4607.75
2026-08-26 21:53:00,4607.77,4609.78,4606.93,4609.41
2026-08-26 21:58:00,4609.33,4612.03,4607.05,4609.35
2026-08-26 22:03:00,4609.5,4612.33,4608.22,4611.62
2026-08-26 22:08:00,4611.63,4613.36,4609.89,4611.7
2026-08-26 22:13:00,4611.7,4618.13,4611.7,4617.91
2026-08-26 22:18:00,4617.9,4622.3,4617.32,4622.3
2026-08-26 22:23:00,4622.24,4622.4,4620.85,4621.63
2026-08-26 22:28:00,4621.63,4622.09,4618.57,4618.65
2026-08-26 22:33:00,4618.71,4622.03,4618.37,4620.16
2026-08-26 22:38:00,4620.17,4624.87,4619.21,4622.7
2026-08-26 22:43:00,4622.71,4623.42,4621.07,4622.23
2026-08-26 22:48:00,4622.23,4624.93,4621.94,4622.47
2026-08-26 22:53:00,4622.8,4624.31,4620.93,4623.99
2026-08-26 22:58:00,4624.02,4625.42,4622.68,4624.49
2026-08-26 23:03:00,4624.49,4627.12,4618.17,4618.84
2026-08-26 23:08:00,4618.9,4620.18,4616.77,4617.52
2026-08-26 23:13:00,4617.86,4619.38,4613.41,4614.2
2026-08-26 23:18:00,4614.19,4621.38,4613.71,4621.08
2026-08-26 23:23:00,4621.07,4621.6,4617.38,4617.76
2026-08-26 23:28:00,4618.48,4620.53,4614.22,4614.27
2026-08-26 23:33:00,4614.31,4614.85,4610.2,4613.42
2026-08-26 23:38:00,4613.29,4615.22,4609.38,4611.27
2026-08-26 23:43:00,4611.27,4611.45,4605.37,4608.38
2026-08-26 23:48:00,4608.33,4610.41,4602.64,4602.66
2026-08-26 23:53:00,4602.66,4604.64,4600.6,4603.92
2026-08-26 23:58:00,4603.92,4610.83,4602.45,4608.75
2026-08-27 00:03:00,4608.75,4617.87,4608.42,4617.63
2026-08-27 00:08:00,4617.63,4622.8,4615.19,4620.31
2026-08-27 00:13:00,4620.29,4625.12,4617.45,4617.78
2026-08-27 00:18:00,4617.71,4622.95,4617.04,4622.72
2026-08-27 00:23:00,4622.73,4625.14,4620.42,4620.53
2026-08-27 00:28:00,4620.53,4621.49,4618.07,4621.28
2026-08-27 00:33:00,4621.19,4627.37,4619.05,4626.85
2026-08-27 00:38:00,4626.82,4631.46,4625.34,4625.48
2026-08-27 00:43:00,4625.47,4631.5,4622.03,4629.78
2026-08-27 00:48:00,4629.83,4632.25,4629.13,4631.91
2026-08-27 00:53:00,4631.88,4639.19,4631.44,4638.34
2026-08-27 00:58:00,4638.34,4643.09,4637.71,4641.95
2026-08-27 01:03:00,4641.94,4642.46,4638.22,4640.39
2026-08-27 01:08:00,4640.37,4642.57,4639.14,4639.48
2026-08-27 01:13:00,4639.54,4641.01,4638.85,4639.58
2026-08-27 01:18:00,4639.65,4640.61,4637.92,4639.99
2026-08-27 01:23:00,4639.99,4639.99,4636.09,4636.35
2026-08-27 01:28:00,4636.36,4636.48,4629.52,4629.52
2026-08-27 01:33:00,4629.52,4630.66,4624.74,4625.4
2026-08-27 01:38:00,4625.34,4628.72,4624.66,4624.69
2026-08-27 01:43:00,4624.64,4628.07,4623.65,4626.03
2026-08-27 01:48:00,4626.01,4631.38,4625.84,4629.4
2026-08-27 01:53:00,4629.44,4631.01,4628.58,4628.66
2026-08-27 01:58:00,4628.67,4631.01,4628.37,4629.44
2026-08-27 02:03:00,4629.26,4635.19,4629.26,4632.36
2026-08-27 02:08:00,4632.31,4632.91,4629.38,4632.51
2026-08-27 02:13:00,4632.54,4635.46,4632.54,4633.61
2026-08-27 02:18:00,4633.64,4637.14,4633.02,4636.85
2026-08-27 02:23:00,4636.85,4638.67,4636.01,4637.02
2026-08-27 02:28:00,4637.03,4637.17,4633.45,4634.14
2026-08-27 02:33:00,4634.14,4635.24,4632.95,4632.95
2026-08-27 02:38:00,4633.0,4633.1,4629.74,4630.14
2026-08-27 02:43:00,4630.16,4630.42,4627.8,4628.52
2026-08-27 02:48:00,4628.52,4628.87,4626.14,4626.2
2026-08-27 02:53:00,4626.21,4627.17,4625.28,4625.28
2026-08-27 02:58:00,4625.28,4627.03,4624.43,4627.01
2026-08-27 03:03:00,4627.02,4627.3,4624.59,4625.5
2026-08-27 03:08:00,4625.5,4626.2,4624.43,4625.13
2026-08-27 03:13:00,4625.15,4627.02,4624.93,4626.31
2026-08-27 03:18:00,4626.28,4626.4,4622.89,4623.2
2026-08-27 03:23:00,4623.2,4624.22,4621.62,4622.09
2026-08-27 03:28:00,4621.8,4621.91,4619.48,4620.35
2026-08-27 03:33:00,4620.47,4620.9,4618.32,4618.81
2026-08-27 03:38:00,4618.84,4619.9,4617.27,4619.51
2026-08-27 03:43:00,4619.51,4620.05,4617.6,4618.43
2026-08-27 03:48:00,4618.51,4620.66,4618.35,4620.06
2026-08-27 03:53:00,4620.06,4620.58,4617.91,4618.44
2026-08-27 03:58:00,4618.45,4619.34,4616.22,4616.58
2026-08-27 04:03:00,4616.56,4620.84,4616.52,4619.07
2026-08-27 04:08:00,4619.05,4621.41,4618.82,4620.99
2026-08-27 04:13:00,4620.99,4621.55,4618.38,4619.16
2026-08-27 04:18:00,4619.16,4620.89,4618.87,4619.8
2026-08-27 04:23:00,4619.8,4621.52,4618.41,4620.45
2026-08-27 04:28:00,4620.46,4620.51,4609.26,4611.32
2026-08-27 04:33:00,4611.31,4614.02,4608.27,4612.23
2026-08-27 04:38:00,4612.25,4612.85,4607.78,4609.12
2026-08-27 04:43:00,4609.21,4610.49,4604.65,4608.57
2026-08-27 04:48:00,4608.72,4609.29,4600.94,4602.95
2026-08-27 04:53:00,4602.95,4605.13,4601.82,4604.54
2026-08-27 04:58:00,4604.47,4607.83,4599.44,4603.62
2026-08-27 05:03:00,4603.62,4605.94,4601.27,4602.65
2026-08-27 05:08:00,4602.66,4605.15,4600.39,4601.9
2026-08-27 05:13:00,4601.92,4607.06,4601.92,4606.24
2026-08-27 05:18:00,4606.28,4610.0,4604.5,4607.67
2026-08-27 05:23:00,4607.65,4610.31,4607.1,4609.51
2026-08-27 05:28:00,4609.51,4611.9,4608.68,4608.99
2026-08-27 05:33:00,4609.04,4610.2,4604.71,4605.91
2026-08-27 05:38:00,4606.01,4609.03,4606.01,4608.47
2026-08-27 05:43:00,4608.44,4609.72,4605.67,4606.21
2026-08-27 05:48:00,4606.21,4606.29,4601.54,4604.4
2026-08-27 05:53:00,4604.41,4605.53,4599.2,4599.45
2026-08-27 05:58:00,4599.45,4603.06,4597.64,4600.92
2026-08-27 06:03:00,4600.89,4605.85,4599.93,4604.71
2026-08-27 06:08:00,4604.7,4605.43,4601.44,4601.68
2026-08-27 06:13:00,4601.68,4603.9,4598.42,4598.81
2026-08-27 06:18:00,4598.79,4598.99,4596.02,4597.95
2026-08-27 06:23:00,4597.95,4598.38,4593.61,4596.83
2026-08-27 06:28:00,4596.82,4601.38,4596.19,4596.69
2026-08-27 06:33:00,4596.67,4598.27,4595.02,4596.94
2026-08-27 06:38:00,4596.92,4597.65,4595.44,4597.15
2026-08-27 06:43:00,4597.16,4599.25,4597.08,4597.76
2026-08-27 06:48:00,4597.74,4598.3,4595.76,4598.01
2026-08-27 06:53:00,4597.99,4602.51,4597.42,4602.04
2026-08-27 06:58:00,4602.04,4604.69,4599.73,4604.46
2026-08-27 07:03:00,4604.39,4606.57,4604.38,4605.89
2026-08-27 07:08:00,4605.89,4606.9,4602.85,4604.06
2026-08-27 07:13:00,4604.05,4606.21,4602.81,4606.08
2026-08-27 07:18:00,4605.9,4605.91,4599.85,4601.63
2026-08-27 07:23:00,4601.67,4603.97,4601.58,4602.34
2026-08-27 07:28:00,4602.3,4602.33,4600.1,4600.11
2026-08-27 07:33:00,4600.04,4601.02,4597.43,4598.68
2026-08-27 07:38:00,4598.66,4599.22,4596.26,4597.3
2026-08-27 07:43:00,4597.3,4598.92,4594.69,4597.14
2026-08-27 07:48:00,4597.13,4599.96,4597.02,4599.48
2026-08-27 07:53:00,4599.53,4601.95,4599.44,4601.95
2026-08-27 07:58:00,4601.93,4602.26,4597.09,4597.09
2026-08-27 08:03:00,4597.06,4597.55,4593.66,4595.93
2026-08-27 08:08:00,4595.94,4598.86,4594.43,4596.51
2026-08-27 08:13:00,4596.53,4598.0,4595.2,4597.02
2026-08-27 08:18:00,4596.87,4597.11,4594.94,4596.8
2026-08-27 08:23:00,4596.78,4598.58,4594.22,4594.22
2026-08-27 08:28:00,4594.19,4599.35,4593.75,4595.83
2026-08-27 08:33:00,4595.83,4595.9,4577.39,4583.58
2026-08-27 08:38:00,4583.42,4585.88,4581.18,4582.8
2026-08-27 08:43:00,4582.67,4584.29,4581.13,4582.95
2026-08-27 08:48:00,4582.93,4585.91,4580.67,4585.29
2026-08-27 08:53:00,4585.37,4585.54,4579.76,4579.94
2026-08-27 08:58:00,4579.96,4581.14,4570.39,4570.42
2026-08-27 09:03:00,4570.39,4576.45,4569.08,4574.82
2026-08-27 09:08:00,4574.82,4581.97,4574.61,4580.39
2026-08-27 09:13:00,4580.34,4583.63,4577.54,4577.74
2026-08-27 09:18:00,4577.74,4582.02,4577.55,4581.96
2026-08-27 09:23:00,4581.97,4582.53,4580.38,4582.22
2026-08-27 09:28:00,4582.22,4582.41,4579.4,4580.23
2026-08-27 09:33:00,4580.23,4580.5,4576.54,4579.13
2026-08-27 09:38:00,4579.12,4584.43,4576.32,4583.92
2026-08-27 09:43:00,4583.97,4587.82,4583.81,4586.86
2026-08-27 09:48:00,4586.86,4588.86,4586.26,4587.55
2026-08-27 09:53:00,4587.55,4589.83,4587.4,4589.7
2026-08-27 09:58:00,4589.72,4591.23,4587.37,4590.66
2026-08-27 10:03:00,4590.67,4590.97,4588.74,4590.36
2026-08-27 10:08:00,4590.4,4591.38,4589.85,4590.19
2026-08-27 10:13:00,4590.19,4592.77,4589.88,4591.94
2026-08-27 10:18:00,4591.96,4595.57,4591.22,4594.22
2026-08-27 10:23:00,4594.17,4596.75,4592.94,4593.21
2026-08-27 10:28:00,4593.19,4598.95,4592.8,4598.58
2026-08-27 10:33:00,4598.58,4598.79,4594.08,4595.38
2026-08-27 10:38:00,4595.39,4599.78,4594.92,4598.89
2026-08-27 10:43:00,4598.91,4599.59,4596.23,4596.26
2026-08-27 10:48:00,4596.26,4596.35,4594.4,4595.76
2026-08-27 10:53:00,4595.78,4600.39,4595.09,4598.43
2026-08-27 10:58:00,4598.44,4600.95,4597.57,4600.57
2026-08-27 11:03:00,4600.63,4601.14,4593.97,4594.2
2026-08-27 11:08:00,4594.2,4595.52,4593.66,4594.51
2026-08-27 11:13:00,4594.48,4596.17,4591.72,4594.38
2026-08-27 11:18:00,4594.38,4600.64,4594.07,4596.97
2026-08-27 11:23:00,4596.98,4598.88,4595.03,4595.37
2026-08-27 11:28:00,4595.52,4596.79,4592.79,4596.0
2026-08-27 11:33:00,4596.0,4596.43,4589.22,4589.22
2026-08-27 11:38:00,4589.17,4590.54,4587.2,4589.48
2026-08-27 11:43:00,4589.5,4589.55,4584.6,4585.97
2026-08-27 11:48:00,4585.86,4586.41,4580.48,4581.27
2026-08-27 11:53:00,4581.31,4587.47,4580.8,4586.88
2026-08-27 11:58:00,4586.8,4588.07,4579.8,4587.85
2026-08-27 12:03:00,4588.01,4590.81,4585.98,4586.11
2026-08-27 12:08:00,4586.08,4590.62,4585.96,4590.09
2026-08-27 12:13:00,4590.08,4590.12,4583.04,4586.67
2026-08-27 12:18:00,4586.56,4588.88,4585.64,4587.82
2026-08-27 12:23:00,4587.79,4593.29,4585.44,4592.18
2026-08-27 12:28:00,4592.18,4593.08,4581.5,4583.39
2026-08-27 12:33:00,4583.4,4585.01,4574.67,4579.02
2026-08-27 12:38:00,4579.02,4581.69,4571.99,4581.56
2026-08-27 12:43:00,4581.55,4583.64,4571.93,4572.34
2026-08-27 12:48:00,4572.25,4582.89,4564.87,4580.74
2026-08-27 12:53:00,4580.74,4580.74,4570.61,4573.4
2026-08-27 12:58:00,4573.43,4574.3,4568.59,4570.63
2026-08-27 13:03:00,4570.48,4579.26,4568.54,4577.26
2026-08-27 13:08:00,4577.3,4577.88,4574.52,4574.96
2026-08-27 13:13:00,4574.98,4581.68,4572.21,4579.73
2026-08-27 13:18:00,4579.73,4584.21,4579.39,4581.76
2026-08-27 13:23:00,4581.83,4582.72,4574.05,4576.61
2026-08-27 13:28:00,4576.62,4585.23,4576.48,4583.15
2026-08-27 13:33:00,4583.14,4591.04,4582.92,4590.27
2026-08-27 13:38:00,4590.27,4591.24,4586.92,4589.32
2026-08-27 13:43:00,4589.31,4598.26,4589.26,4593.7
2026-08-27 13:48:00,4593.74,4596.07,4591.02,4592.64
2026-08-27 13:53:00,4592.38,4593.2,4588.19,4590.53
2026-08-27 13:58:00,4590.46,4595.3,4590.03,4593.21
2026-08-27 14:03:00,4593.21,4595.4,4591.2,4591.77
2026-08-27 14:08:00,4591.82,4594.38,4591.16,4594.13
2026-08-27 14:13:00,4594.12,4596.87,4592.08,4595.91
2026-08-27 14:18:00,4595.92,4597.99,4591.06,4591.11
2026-08-27 14:23:00,4591.0,4592.44,4588.86,4592.18
2026-08-27 14:28:00,4592.18,4598.72,4592.03,4596.56
2026-08-27 14:33:00,4596.53,4599.22,4595.3,4599.03
2026-08-27 14:38:00,4599.05,4605.71,4598.73,4605.49
2026-08-27 14:43:00,4605.45,4605.47,4600.06,4603.22
2026-08-27 14:48:00,4603.28,4606.09,4602.18,4604.57
2026-08-27 14:53:00,4604.57,4611.28,4604.38,4610.52
2026-08-27 14:58:00,4610.54,4612.66,4609.21,4609.86
2026-08-27 15:03:00,4609.84,4612.98,4606.09,4606.16
2026-08-27 15:08:00,4606.22,4608.16,4605.42,4606.4
2026-08-27 15:13:00,4606.4,4606.8,4604.0,4604.87
2026-08-27 15:18:00,4604.87,4605.94,4602.48,4605.24
2026-08-27 15:23:00,4605.23,4607.98,4605.2,4607.47
2026-08-27 15:28:00,4607.34,4608.51,4606.04,4607.94
2026-08-27 15:33:00,4607.86,4612.92,4607.23,4612.79
2026-08-27 15:38:00,4612.78,4612.78,4608.38,4610.51
2026-08-27 15:43:00,4610.48,4614.56,4610.37,4610.9
2026-08-27 15:48:00,4610.9,4615.29,4610.11,4614.99
2026-08-27 15:53:00,4615.0,4616.68,4612.47,4613.8
2026-08-27 15:58:00,4613.78,4616.51,4612.34,4613.1
2026-08-27 16:03:00,4613.1,4615.44,4610.69,4611.21
2026-08-27 16:08:00,4610.97,4612.22,4608.64,4611.04
2026-08-27 16:13:00,4611.03,4611.46,4608.5,4608.72
2026-08-27 16:18:00,4608.71,4610.93,4608.47,4610.08
2026-08-27 16:23:00,4610.0,4612.03,4609.68,4610.22
2026-08-27 16:28:00,4610.2,4611.49,4608.75,4611.26
2026-08-27 16:33:00,4611.26,4611.57,4608.19,4609.15
2026-08-27 16:38:00,4609.15,4614.32,4609.08,4613.21
2026-08-27 16:43:00,4613.21,4613.72,4608.56,4608.77
2026-08-27 16:48:00,4608.73,4610.29,4606.6,4609.71
2026-08-27 16:53:00,4609.71,4609.72,4605.7,4605.89
2026-08-27 16:58:00,4605.83,4607.36,4602.67,4603.71
2026-08-27 17:03:00,4603.72,4607.47,4602.14,4607.46
2026-08-27 17:08:00,4607.35,4608.04,4603.8,4604.59
2026-08-27 17:13:00,4604.58,4607.17,4604.25,4606.17
2026-08-27 17:18:00,4606.16,4607.98,4604.35,4605.64
2026-08-27 17:23:00,4605.64,4605.76,4602.24,4602.64
2026-08-27 17:28:00,4602.63,4603.76,4601.25,4602.99
2026-08-27 17:33:00,4602.95,4604.11,4600.89,4603.61
2026-08-27 17:38:00,4603.6,4605.1,4603.56,4604.34
2026-08-27 17:43:00,4604.34,4606.6,4604.15,4606.28
2026-08-27 17:48:00,4606.28,4611.14,4604.94,4611.02
2026-08-27 17:53:00,4611.12,4611.19,4608.83,4609.94
2026-08-27 17:58:00,4609.9,4615.56,4609.58,4615.56
2026-08-27 18:03:00,4615.56,4616.68,4612.77,4615.76
2026-08-27 18:08:00,4615.76,4618.04,4615.01,4615.93
2026-08-27 18:13:00,4615.91,4616.21,4610.27,4610.57
2026-08-27 18:18:00,4610.54,4611.64,4606.54,4606.84
2026-08-27 18:23:00,4606.84,4608.31,4604.52,4604.84
2026-08-27 18:28:00,4604.82,4608.04,4604.3,4606.37
2026-08-27 18:33:00,4606.38,4608.34,4606.03,4608.08
2026-08-27 18:38:00,4608.06,4610.14,4606.79,4609.86
2026-08-27 18:43:00,4609.86,4612.69,4608.57,4611.82
2026-08-27 18:48:00,4611.82,4612.01,4606.8,4607.13
2026-08-27 18:53:00,4607.11,4608.61,4605.47,4608.54
2026-08-27 18:58:00,4608.56,4609.79,4605.76,4605.76
2026-08-27 19:03:00,4605.76,4606.23,4604.0,4604.23
2026-08-27 19:08:00,4604.22,4606.12,4603.89,4605.02
2026-08-27 19:13:00,4605.02,4605.29,4603.76,4605.02
2026-08-27 19:18:00,4604.99,4605.47,4604.82,4605.39
2026-08-27 19:23:00,4605.4,4605.44,4602.79,4603.16
2026-08-27 19:28:00,4603.16,4604.1,4602.99,4603.47
2026-08-27 19:33:00,4603.47,4603.68,4602.05,4602.9
2026-08-27 19:38:00,4602.93,4604.41,4602.89,4603.87
2026-08-27 19:43:00,4603.87,4604.18,4602.78,4603.2
2026-08-27 19:48:00,4603.17,4604.74,4601.4,4602.07
2026-08-27 19:53:00,4601.87,4602.45,4600.02,4600.58
2026-08-27 19:58:00,4600.56,4608.24,4599.71,4603.21
2026-08-27 21:04:00,4603.21,4604.06,4601.24,4604.03
2026-08-27 21:09:00,4604.03,4605.46,4604.03,4604.42
2026-08-27 21:14:00,4604.41,4606.03,4603.98,4605.7
2026-08-27 21:19:00,4605.7,4608.41,4605.53,4607.98
2026-08-27 21:24:00,4608.02,4608.4,4606.51,4607.49
2026-08-27 21:29:00,4607.4,4608.95,4606.85,4608.6
2026-08-27 21:34:00,4608.6,4609.38,4608.05,4609.34
2026-08-27 21:39:00,4609.22,4610.1,4607.67,4607.67
2026-08-27 21:44:00,4607.83,4608.11,4606.89,4607.74
2026-08-27 21:49:00,4607.68,4610.11,4606.72,4609.68
2026-08-27 21:54:00,4609.67,4610.77,4608.99,4610.65
2026-08-27 21:59:00,4610.58,4611.5,4609.13,4609.76
2026-08-27 22:04:00,4609.72,4609.82,4608.11,4609.18
2026-08-27 22:09:00,4609.18,4609.65,4603.37,4603.8
2026-08-27 22:14:00,4603.89,4604.0,4602.34,4602.89
2026-08-27 22:19:00,4602.88,4603.34,4600.03,4602.95
2026-08-27 22:24:00,4602.95,4602.95,4600.22,4600.23
2026-08-27 22:29:00,4600.23,4601.6,4599.71,4599.92
2026-08-27 22:34:00,4599.92,4602.29,4598.59,4599.95
2026-08-27 22:39:00,4599.95,4601.67,4599.3,4600.12
2026-08-27 22:44:00,4600.01,4600.01,4595.65,4596.61
2026-08-27 22:49:00,4596.64,4597.2,4594.83,4595.21
2026-08-27 22:54:00,4595.26,4596.0,4594.52,4594.93
2026-08-27 22:59:00,4594.94,4600.14,4593.19,4599.17
2026-08-27 23:04:00,4599.17,4599.44,4596.16,4597.93
2026-08-27 23:09:00,4597.93,4602.59,4597.79,4601.1
2026-08-27 23:14:00,4601.08,4601.12,4593.34,4595.27
2026-08-27 23:19:00,4595.27,4595.74,4591.45,4594.13
2026-08-27 23:24:00,4594.13,4594.42,4590.16,4591.45
2026-08-27 23:29:00,4591.45,4594.31,4587.21,4588.76
2026-08-27 23:34:00,4588.73,4590.37,4588.33,4588.65
2026-08-27 23:39:00,4588.67,4591.39,4588.39,4589.34
2026-08-27 23:44:00,4589.34,4591.09,4585.93,4587.38
2026-08-27 23:49:00,4587.37,4589.37,4586.85,4587.76
2026-08-27 23:54:00,4587.76,4587.98,4585.76,4587.7
2026-08-27 23:59:00,4587.71,4595.35,4586.48,4594.12
2026-08-28 00:04:00,4594.07,4597.97,4591.72,4597.68
2026-08-28 00:09:00,4597.68,4602.26,4593.09,4593.48
2026-08-28 00:14:00,4593.64,4597.94,4591.51,4597.9
2026-08-28 00:19:00,4597.9,4598.08,4594.35,4595.62
2026-08-28 00:24:00,4595.64,4595.66,4583.96,4584.57
2026-08-28 00:29:00,4584.59,4589.08,4583.83,4587.23
2026-08-28 00:34:00,4587.29,4588.84,4582.4,4582.99
2026-08-28 00:39:00,4582.99,4583.44,4578.32,4580.81
2026-08-28 00:44:00,4580.93,4582.7,4577.76,4580.23
2026-08-28 00:49:00,4580.23,4583.25,4575.89,4576.03
2026-08-28 00:54:00,4576.08,4578.79,4575.66,4576.5
2026-08-28 00:59:00,4576.5,4577.9,4575.17,4576.55
2026-08-28 01:04:00,4576.53,4581.04,4575.49,4580.96
2026-08-28 01:09:00,4580.94,4582.72,4578.48,4581.17
2026-08-28 01:14:00,4581.15,4581.88,4578.76,4580.69
2026-08-28 01:19:00,4580.65,4583.07,4580.44,4582.81
2026-08-28 01:24:00,4582.81,4584.85,4582.71,4584.69
2026-08-28 01:29:00,4584.7,4587.12,4583.26,4584.13
2026-08-28 01:34:00,4584.0,4588.91,4583.77,4588.86
2026-08-28 01:39:00,4588.89,4589.7,4584.8,4584.82
2026-08-28 01:44:00,4584.72,4585.8,4582.31,4583.65
2026-08-28 01:49:00,4583.67,4587.3,4583.67,4586.16
2026-08-28 01:54:00,4586.17,4586.44,4582.94,4586.29
2026-08-28 01:59:00,4586.29,4587.47,4584.48,4585.68
2026-08-28 02:04:00,4585.75,4588.4,4585.44,4585.44
2026-08-28 02:09:00,4585.39,4587.91,4582.83,4583.83
2026-08-28 02:14:00,4583.93,4588.88,4583.77,4586.44
2026-08-28 02:19:00,4586.43,4589.31,4585.79,4588.93
2026-08-28 02:24:00,4588.93,4590.08,4586.72,4588.19
2026-08-28 02:29:00,4588.21,4588.93,4583.83,4583.99
2026-08-28 02:34:00,4584.0,4584.48,4582.48,4582.61
2026-08-28 02:39:00,4582.63,4583.65,4581.09,4582.27
2026-08-28 02:44:00,4582.28,4582.43,4579.59,4580.02
2026-08-28 02:49:00,4580.02,4581.04,4579.62,4579.63
2026-08-28 02:54:00,4579.63,4580.03,4578.7,4579.4
2026-08-28 02:59:00,4579.34,4580.47,4578.87,4579.11
2026-08-28 03:04:00,4579.21,4579.58,4578.01,4578.88
2026-08-28 03:09:00,4578.75,4580.21,4578.56,4579.59
2026-08-28 03:14:00,4579.59,4582.29,4578.82,4582.11
2026-08-28 03:19:00,4582.03,4584.54,4582.0,4583.08
2026-08-28 03:24:00,4582.93,4585.45,4582.76,4583.84
2026-08-28 03:29:00,4583.8,4585.01,4582.17,4582.57
2026-08-28 03:34:00,4582.57,4583.07,4579.0,4579.1
2026-08-28 03:39:00,4579.1,4579.95,4578.2,4579.67
2026-08-28 03:44:00,4579.66,4582.41,4578.34,4582.01
2026-08-28 03:49:00,4582.0,4582.65,4580.88,4582.11
2026-08-28 03:54:00,4582.12,4585.32,4581.51,4585.05
2026-08-28 03:59:00,4585.06,4585.42,4582.99,4583.09
2026-08-28 04:04:00,4583.09,4583.38,4579.87,4580.25
2026-08-28 04:09:00,4580.32,4580.86,4578.43,4580.25
2026-08-28 04:14:00,4580.36,4580.77,4579.15,4580.67
2026-08-28 04:19:00,4580.66,4584.32,4580.63,4583.88
2026-08-28 04:24:00,4583.87,4586.3,4582.59,4582.62
2026-08-28 04:29:00,4582.62,4584.67,4578.25,4578.55
2026-08-28 04:34:00,4578.55,4580.33,4575.23,4575.5
2026-08-28 04:39:00,4575.49,4576.23,4571.67,4572.56
2026-08-28 04:44:00,4572.56,4575.74,4571.79,4574.2
2026-08-28 04:49:00,4574.2,4575.96,4572.64,4575.45
2026-08-28 04:54:00,4575.45,4577.44,4574.54,4575.47
2026-08-28 04:59:00,4575.47,4576.07,4572.47,4574.65
2026-08-28 05:04:00,4574.68,4579.98,4574.24,4579.72
2026-08-28 05:09:00,4579.73,4583.59,4579.57,4582.04
2026-08-28 05:14:00,4581.94,4585.01,4580.8,4582.0
2026-08-28 05:19:00,4582.0,4585.64,4581.31,4584.9
2026-08-28 05:24:00,4584.91,4585.64,4583.05,4584.47
2026-08-28 05:29:00,4584.47,4585.75,4582.95,4583.54
2026-08-28 05:34:00,4583.54,4588.13,4583.34,4586.69
2026-08-28 05:39:00,4586.69,4587.18,4584.44,4586.98
2026-08-28 05:44:00,4587.01,4595.42,4586.45,4595.42
2026-08-28 05:49:00,4595.27,4606.76,4595.27,4604.68
2026-08-28 05:54:00,4604.68,4611.24,4603.37,4610.7
2026-08-28 05:59:00,4610.68,4613.47,4605.77,4608.02
2026-08-28 06:04:00,4608.09,4608.63,4600.43,4600.43
2026-08-28 06:09:00,4600.43,4602.6,4596.68,4602.54
2026-08-28 06:14:00,4602.56,4605.21,4599.48,4605.16
2026-08-28 06:19:00,4605.09,4610.12,4604.68,4608.78
2026-08-28 06:24:00,4608.78,4609.78,4606.38,4607.69
2026-08-28 06:29:00,4607.68,4611.77,4606.99,4611.75
2026-08-28 06:34:00,4611.77,4614.42,4610.33,4611.46
2026-08-28 06:39:00,4611.53,4612.0,4608.44,4609.56
2026-08-28 06:44:00,4609.54,4610.81,4607.6,4610.73
2026-08-28 06:49:00,4610.5,4613.08,4609.87,4612.97
2026-08-28 06:54:00,4612.96,4613.48,4609.7,4611.99
2026-08-28 06:59:00,4611.99,4614.66,4610.78,4613.44
2026-08-28 07:04:00,4613.44,4613.44,4610.01,4611.1
2026-08-28 07:09:00,4611.1,4613.06,4611.03,4611.46
2026-08-28 07:14:00,4611.45,4612.43,4609.25,4609.32
2026-08-28 07:19:00,4609.32,4610.23,4608.18,4609.7
2026-08-28 07:24:00,4609.7,4611.5,4609.64,4609.92
2026-08-28 07:29:00,4609.91,4611.48,4608.35,4609.77
2026-08-28 07:34:00,4609.72,4611.46,4606.66,4608.01
2026-08-28 07:39:00,4608.0,4608.23,4604.07,4604.3
2026-08-28 07:44:00,4604.3,4604.57,4601.01,4602.09
2026-08-28 07:49:00,4602.0,4606.2,4601.53,4605.97
2026-08-28 07:54:00,4605.92,4605.92,4601.29,4602.87
2026-08-28 07:59:00,4602.87,4604.32,4602.17,4603.53
2026-08-28 08:04:00,4603.51,4604.33,4602.69,4603.34
2026-08-28 08:09:00,4603.32,4603.46,4600.81,4601.43
2026-08-28 08:14:00,4601.45,4602.71,4600.48,4601.56
2026-08-28 08:19:00,4601.56,4604.09,4601.09,4603.88
2026-08-28 08:24:00,4603.86,4603.86,4600.57,4600.83
2026-08-28 08:29:00,4600.77,4604.27,4600.64,4602.63
2026-08-28 08:34:00,4602.62,4605.08,4601.02,4602.5
2026-08-28 08:39:00,4602.51,4605.01,4602.19,4604.27
2026-08-28 08:44:00,4604.28,4605.38,4603.18,4604.56
2026-08-28 08:49:00,4604.57,4606.91,4603.96,4606.83
2026-08-28 08:54:00,4606.8,4607.48,4605.33,4605.33
2026-08-28 08:59:00,4605.33,4605.65,4603.52,4605.13
2026-08-28 09:04:00,4605.13,4607.21,4604.77,4606.29
2026-08-28 09:09:00,4606.29,4609.0,4606.2,4608.09
2026-08-28 09:14:00,4608.07,4609.88,4604.6,4604.6
2026-08-28 09:19:00,4604.71,4605.46,4602.73,4604.01
2026-08-28 09:24:00,4604.01,4604.35,4601.98,4602.93
2026-08-28 09:29:00,4602.98,4607.91,4602.86,4607.48
2026-08-28 09:34:00,4607.49,4607.49,4603.49,4603.59
2026-08-28 09:39:00,4603.59,4604.22,4601.9,4603.06
2026-08-28 09:44:00,4603.06,4603.26,4601.08,4601.4
2026-08-28 09:49:00,4601.32,4601.43,4597.48,4598.08
2026-08-28 09:54:00,4598.09,4599.67,4597.73,4598.99
2026-08-28 09:59:00,4598.99,4601.34,4597.46,4597.92
2026-08-28 10:04:00,4597.93,4599.05,4595.1,4595.63
2026-08-28 10:09:00,4595.63,4597.5,4595.39,4597.5
2026-08-28 10:14:00,4597.49,4601.19,4596.81,4600.83
2026-08-28 10:19:00,4600.83,4601.0,4598.11,4599.97
2026-08-28 10:24:00,4600.05,4601.07,4597.68,4597.97
2026-08-28 10:29:00,4597.96,4600.86,4597.67,4598.65
2026-08-28 10:34:00,4598.65,4598.92,4594.93,4595.18
2026-08-28 10:39:00,4595.17,4595.58,4591.38,4593.97
2026-08-28 10:44:00,4593.96,4596.07,4593.31,4594.19
2026-08-28 10:49:00,4594.21,4596.0,4593.65,4594.62
2026-08-28 10:54:00,4594.61,4594.72,4591.56,4593.7
2026-08-28 10:59:00,4593.77,4595.13,4590.94,4594.49
2026-08-28 11:04:00,4594.51,4595.8,4592.05,4595.1
2026-08-28 11:09:00,4595.1,4596.45,4592.47,4596.42
2026-08-28 11:14:00,4596.44,4597.04,4592.5,4594.45
2026-08-28 11:19:00,4594.46,4601.31,4594.05,4600.93
2026-08-28 11:24:00,4600.93,4603.79,4600.9,4602.15
2026-08-28 11:29:00,4602.38,4602.82,4592.81,4594.23
2026-08-28 11:34:00,4594.15,4594.27,4589.22,4591.69
2026-08-28 11:39:00,4591.67,4592.01,4589.08,4591.28
2026-08-28 11:44:00,4591.28,4594.86,4590.31,4594.6
2026-08-28 11:49:00,4594.6,4597.22,4592.03,4595.78
2026-08-28 11:54:00,4595.69,4602.37,4594.65,4602.23
2026-08-28 11:59:00,4602.22,4603.51,4596.23,4599.32
2026-08-28 12:04:00,4599.35,4605.4,4598.14,4604.64
2026-08-28 12:09:00,4604.65,4604.67,4597.98,4599.33
2026-08-28 12:14:00,4599.33,4601.13,4593.79,4596.97
2026-08-28 12:19:00,4597.04,4599.72,4596.18,4596.88
2026-08-28 12:24:00,4596.88,4603.95,4596.34,4601.31
2026-08-28 12:29:00,4601.29,4604.67,4598.95,4600.82
2026-08-28 12:34:00,4600.86,4607.3,4600.8,4604.5
2026-08-28 12:39:00,4604.64,4607.95,4601.95,4603.64
2026-08-28 12:44:00,4603.62,4612.47,4603.23,4610.35
2026-08-28 12:49:00,4610.37,4611.69,4607.12,4611.11
2026-08-28 12:54:00,4611.11,4626.27,4610.01,4625.42
2026-08-28 12:59:00,4625.43,4631.61,4580.65,4580.78
2026-08-28 13:04:00,4580.78,4581.65,4547.98,4575.23
2026-08-28 13:09:00,4575.11,4581.71,4544.48,4550.02
2026-08-28 13:14:00,4549.79,4566.56,4543.64,4564.66
2026-08-28 13:19:00,4564.66,4568.47,4549.68,4549.75
2026-08-28 13:24:00,4549.6,4559.5,4530.06,4534.44
2026-08-28 13:29:00,4534.44,4566.87,4531.73,4566.52
2026-08-28 13:34:00,4566.7,4577.06,4565.48,4574.95
2026-08-28 13:39:00,4575.03,4575.94,4557.45,4561.24
2026-08-28 13:44:00,4561.22,4566.69,4552.0,4555.04
2026-08-28 13:49:00,4555.06,4567.65,4550.59,4566.7
2026-08-28 13:54:00,4566.61,4580.67,4566.61,4579.24
2026-08-28 13:59:00,4579.47,4582.25,4571.99,4575.85
2026-08-28 14:04:00,4576.17,4582.66,4572.09,4577.3
2026-08-28 14:09:00,4577.26,4578.76,4558.5,4561.28
2026-08-28 14:14:00,4561.19,4564.41,4554.67,4555.13
2026-08-28 14:19:00,4555.12,4565.48,4551.64,4562.77
2026-08-28 14:24:00,4562.85,4569.34,4559.28,4563.92
2026-08-28 14:29:00,4563.7,4567.54,4554.97,4559.32
2026-08-28 14:34:00,4559.27,4562.51,4550.05,4550.05
2026-08-28 14:39:00,4550.1,4550.28,4536.68,4539.07
2026-08-28 14:44:00,4538.74,4545.99,4533.14,4533.78
2026-08-28 14:49:00,4533.92,4545.69,4531.98,4539.51
2026-08-28 14:54:00,4539.4,4541.46,4524.51,4528.54
2026-08-28 14:59:00,4528.45,4529.55,4520.25,4523.8
2026-08-28 15:04:00,4523.82,4526.86,4508.54,4510.91
2026-08-28 15:09:00,4510.81,4515.71,4504.42,4504.59
2026-08-28 15:14:00,4504.4,4505.3,4482.12,4484.66
2026-08-28 15:19:00,4484.68,4488.72,4464.4,4477.93
2026-08-28 15:24:00,4477.9,4481.6,4464.96,4478.22
2026-08-28 15:29:00,4478.31,4487.53,4474.29,4477.42
2026-08-28 15:34:00,4477.78,4485.4,4471.48,4485.22
2026-08-28 15:39:00,4485.18,4486.44,4471.23,4471.28
2026-08-28 15:44:00,4471.33,4480.27,4466.13,4480.09
2026-08-28 15:49:00,4480.03,4485.09,4478.02,4483.03
2026-08-28 15:54:00,4483.1,4484.6,4475.29,4477.19
2026-08-28 15:59:00,4476.91,4480.97,4473.43,4477.7
2026-08-28 16:04:00,4477.58,4483.0,4474.9,4482.06
2026-08-28 16:09:00,4482.15,4482.15,4471.16,4476.45
2026-08-28 16:14:00,4476.41,4482.1,4474.55,4478.25
2026-08-28 16:19:00,4478.36,4486.67,4478.28,4482.49
2026-08-28 16:24:00,4482.53,4486.16,4475.95,4481.4
2026-08-28 16:29:00,4481.79,4481.82,4473.42,4479.45
2026-08-28 16:34:00,4479.43,4481.8,4476.09,4478.52
2026-08-28 16:39:00,4478.51,4478.52,4460.6,4465.37
2026-08-28 16:44:00,4465.37,4475.65,4465.14,4474.12
2026-08-28 16:49:00,4474.05,4475.67,4472.55,4473.63
2026-08-28 16:54:00,4473.81,4474.57,4466.58,4470.17
2026-08-28 16:59:00,4470.14,4471.88,4461.26,4461.63
2026-08-28 17:04:00,4461.68,4466.17,4459.71,4461.63
2026-08-28 17:09:00,4461.62,4464.93,4460.27,4461.31
2026-08-28 17:14:00,4461.02,4462.71,4453.37,4459.4
2026-08-28 17:19:00,4459.36,4463.36,4453.32,4453.86
2026-08-28 17:24:00,4453.85,4462.69,4452.56,4458.35
2026-08-28 17:29:00,4458.47,4458.72,4452.13,4455.76
2026-08-28 17:34:00,4455.7,4458.05,4451.71,4454.03
2026-08-28 17:39:00,4454.01,4455.17,4445.54,4448.02
2026-08-28 17:44:00,4448.11,4454.94,4447.24,4451.42
2026-08-28 17:49:00,4451.42,4456.68,4451.27,4456.68
2026-08-28 17:54:00,4456.71,4456.88,4452.71,4454.82
2026-08-28 17:59:00,4454.82,4461.23,4453.1,4460.95
2026-08-28 18:04:00,4460.97,4462.65,4456.98,4461.0
2026-08-28 18:09:00,4461.04,4462.49,4454.58,4456.84
2026-08-28 18:14:00,4456.82,4458.5,4455.27,4457.69
2026-08-28 18:19:00,4457.68,4462.09,4457.32,4458.52
2026-08-28 18:24:00,4458.52,4463.62,4457.53,4461.88
2026-08-28 18:29:00,4461.9,4464.88,4461.03,4463.97
2026-08-28 18:34:00,4463.98,4466.41,4462.08,4465.88
2026-08-28 18:39:00,4465.8,4467.01,4464.79,4466.49
2026-08-28 18:44:00,4466.47,4466.5,4455.19,4457.32
2026-08-28 18:49:00,4457.33,4459.72,4452.72,4457.08
2026-08-28 18:54:00,4457.24,4461.45,4456.25,4457.55
2026-08-28 18:59:00,4457.52,4462.56,4455.34,4462.56
2026-08-28 19:04:00,4462.53,4462.83,4460.04,4460.67
2026-08-28 19:09:00,4460.64,4461.57,4457.45,4458.96
2026-08-28 19:14:00,4458.96,4460.62,4457.83,4459.55
2026-08-28 19:19:00,4459.54,4459.56,4453.66,4454.46
2026-08-28 19:24:00,4454.47,4457.12,4453.93,4456.92
2026-08-28 19:29:00,4456.93,4458.45,4455.63,4456.6
2026-08-28 19:34:00,4456.6,4457.5,4455.53,4455.66
2026-08-28 19:39:00,4455.66,4456.57,4453.85,4456.39
2026-08-28 19:44:00,4456.46,4458.86,4455.86,4458.6
2026-08-28 19:49:00,4458.6,4460.03,4453.49,4454.63
2026-08-28 19:54:00,4454.63,4456.37,4453.13,4455.01
2026-08-30 21:01:00,4437.4,4451.94,4434.98,4450.61
2026-08-30 21:06:00,4450.58,4457.44,4449.69,4455.91
2026-08-30 21:11:00,4455.91,4459.66,4455.35,4458.69
2026-08-30 21:16:00,4458.72,4463.91,4456.16,4462.43
2026-08-30 21:21:00,4462.43,4466.06,4460.8,4463.36
2026-08-30 21:26:00,4463.37,4465.63,4458.12,4459.25
2026-08-30 21:31:00,4459.25,4459.27,4452.88,4454.77
2026-08-30 21:36:00,4454.77,4461.8,4454.65,4461.74
2026-08-30 21:41:00,4461.73,4462.51,4456.87,4459.97
2026-08-30 21:46:00,4459.97,4460.4,4458.91,4458.97
2026-08-30 21:51:00,4458.93,4459.52,4458.6,4459.41
2026-08-30 21:56:00,4459.42,4462.49,4459.42,4461.36
2026-08-30 22:01:00,4461.32,4463.09,4459.86,4462.82
2026-08-30 22:06:00,4462.75,4466.85,4462.73,4464.81
2026-08-30 22:11:00,4464.75,4465.64,4459.98,4460.58
2026-08-30 22:16:00,4460.65,4464.17,4460.61,4463.65
2026-08-30 22:21:00,4463.73,4465.23,4457.92,4458.53
2026-08-30 22:26:00,4458.54,4458.69,4451.44,4451.44
2026-08-30 22:31:00,4451.44,4457.93,4451.44,4454.48
2026-08-30 22:36:00,4454.48,4454.71,4450.15,4450.46
2026-08-30 22:41:00,4450.4,4450.4,4442.19,4443.83
2026-08-30 22:46:00,4443.82,4446.08,4435.96,4444.94
2026-08-30 22:51:00,4444.7,4451.27,4441.77,4450.46
2026-08-30 22:56:00,4450.4,4461.57,4449.64,4460.76
2026-08-30 23:01:00,4460.77,4461.94,4453.48,4457.64
2026-08-30 23:06:00,4457.64,4459.94,4455.66,4455.95
2026-08-30 23:11:00,4455.99,4464.41,4455.14,4464.39
2026-08-30 23:16:00,4464.38,4465.25,4459.38,4460.11
2026-08-30 23:21:00,4460.1,4460.1,4456.87,4457.59
2026-08-30 23:26:00,4457.62,4462.24,4452.31,4461.08
2026-08-30 23:31:00,4461.15,4467.45,4460.8,4466.76
2026-08-30 23:36:00,4466.76,4472.05,4466.43,4469.64
2026-08-30 23:41:00,4469.4,4470.04,4464.18,4467.17
2026-08-30 23:46:00,4467.18,4468.97,4464.56,4465.9
2026-08-30 23:51:00,4465.79,4467.08,4462.68,4465.11
2026-08-30 23:56:00,4465.09,4465.12,4444.79,4445.55
2026-08-31 00:01:00,4445.56,4463.29,4438.12,4455.81
2026-08-31 00:06:00,4455.81,4455.82,4437.08,4437.51
2026-08-31 00:11:00,4437.81,4445.55,4436.1,4442.84
2026-08-31 00:16:00,4442.83,4452.41,4442.31,4449.31
2026-08-31 00:21:00,4449.31,4454.35,4444.25,4447.29
2026-08-31 00:26:00,4447.23,4449.66,4443.26,4447.66
2026-08-31 00:31:00,4447.61,4450.47,4436.62,4440.4
2026-08-31 00:36:00,4440.47,4450.65,4440.47,4446.43
2026-08-31 00:41:00,4446.38,4453.88,4446.38,4452.5
2026-08-31 00:46:00,4452.5,4452.65,4436.32,4440.09
2026-08-31 00:51:00,4440.05,4446.68,4438.66,4445.31
2026-08-31 00:56:00,4445.32,4445.73,4432.67,4433.54
2026-08-31 01:01:00,4433.54,4434.0,4418.55,4428.15
2026-08-31 01:06:00,4428.18,4433.97,4426.32,4429.32
2026-08-31 01:11:00,4429.3,4429.99,4421.28,4423.39
2026-08-31 01:16:00,4423.5,4425.26,4418.83,4422.42
2026-08-31 01:21:00,4422.9,4428.05,4421.8,4424.73
2026-08-31 01:26:00,4424.85,4427.62,4420.94,4421.68
2026-08-31 01:31:00,4421.66,4425.34,4406.87,4407.13
2026-08-31 01:36:00,4407.18,4412.15,4403.31,4403.56
2026-08-31 01:41:00,4403.68,4407.67,4402.18,4405.76
2026-08-31 01:46:00,4406.04,4407.0,4396.52,4405.09
2026-08-31 01:51:00,4405.16,4418.11,4404.94,4417.71
2026-08-31 01:56:00,4417.74,4425.13,4416.43,4422.07
2026-08-31 02:01:00,4422.07,4427.0,4421.88,4422.43
2026-08-31 02:06:00,4422.42,4426.59,4422.08,4425.3
2026-08-31 02:11:00,4425.29,4429.75,4424.47,4428.33
2026-08-31 02:16:00,4428.32,4432.54,4427.75,4428.75
2026-08-31 02:21:00,4428.73,4434.06,4428.24,4430.76
2026-08-31 02:26:00,4430.78,4431.89,4426.45,4426.81
2026-08-31 02:31:00,4426.78,4426.85,4423.39,4423.71
2026-08-31 02:36:00,4423.71,4425.24,4420.02,4421.32
2026-08-31 02:41:00,4421.34,4424.17,4421.16,4424.06
2026-08-31 02:46:00,4424.06,4426.99,4422.92,4426.75
2026-08-31 02:51:00,4426.73,4426.73,4422.58,4423.17
2026-08-31 02:56:00,4423.18,4423.52,4420.41,4420.74
2026-08-31 03:01:00,4420.72,4420.91,4417.07,4417.58
2026-08-31 03:06:00,4417.6,4419.09,4417.29,4418.04
2026-08-31 03:11:00,4418.0,4422.64,4417.2,4420.4
2026-08-31 03:16:00,4420.41,4421.13,4418.02,4418.02
2026-08-31 03:21:00,4418.0,4419.57,4416.09,4419.23
2026-08-31 03:26:00,4419.36,4420.66,4414.7,4415.63
2026-08-31 03:31:00,4415.64,4418.51,4413.09,4418.18
2026-08-31 03:36:00,4418.22,4422.0,4417.11,4418.41
2026-08-31 03:41:00,4418.23,4420.51,4417.25,4419.43
2026-08-31 03:46:00,4419.44,4421.55,4418.84,4419.68
2026-08-31 03:51:00,4419.67,4421.19,4419.04,4420.57
2026-08-31 03:56:00,4420.53,4425.01,4420.35,4423.94
2026-08-31 04:01:00,4423.87,4427.08,4422.23,4422.43
2026-08-31 04:06:00,4422.43,4423.99,4419.3,4421.65
2026-08-31 04:11:00,4421.67,4425.42,4421.61,4422.81
2026-08-31 04:16:00,4422.76,4432.44,4422.19,4431.72
2026-08-31 04:21:00,4431.9,4434.59,4429.57,4434.07
2026-08-31 04:26:00,4434.01,4442.09,4433.73,4435.78
2026-08-31 04:31:00,4435.76,4435.94,4430.74,4432.6
2026-08-31 04:36:00,4432.68,4436.79,4432.05,4434.29
2026-08-31 04:41:00,4434.26,4439.1,4432.88,4437.19
2026-08-31 04:46:00,4437.33,4441.37,4434.3,4436.18
2026-08-31 04:51:00,4436.18,4439.59,4434.83,4436.41
2026-08-31 04:56:00,4436.37,4443.81,4436.18,4437.55
2026-08-31 05:01:00,4437.55,4437.84,4430.06,4431.98
2026-08-31 05:06:00,4432.15,4435.4,4429.38,4434.42
2026-08-31 05:11:00,4434.39,4434.84,4432.12,4432.84
2026-08-31 05:16:00,4432.84,4438.58,4431.47,4437.85
2026-08-31 05:21:00,4437.82,4439.12,4434.75,4435.47
2026-08-31 05:26:00,4435.93,4437.23,4432.4,4433.85
2026-08-31 05:31:00,4433.86,4437.02,4431.36,4435.11
2026-08-31 05:36:00,4435.14,4441.01,4434.52,4440.42
2026-08-31 05:41:00,4440.45,4442.43,4438.53,4442.11
2026-08-31 05:46:00,4442.1,4442.66,4438.67,4440.08
2026-08-31 05:51:00,4440.03,4440.34,4436.74,4436.74
2026-08-31 05:56:00,4436.72,4440.38,4436.67,4439.62
2026-08-31 06:01:00,4439.39,4441.76,4437.03,4440.68
2026-08-31 06:06:00,4440.7,4440.7,4436.86,4439.19
2026-08-31 06:11:00,4439.18,4439.95,4435.18,4436.56
2026-08-31 06:16:00,4436.57,4441.19,4435.41,4440.13
2026-08-31 06:21:00,4440.13,4445.8,4440.01,4443.69
2026-08-31 06:26:00,4443.69,4448.26,4443.47,4444.36
2026-08-31 06:31:00,4444.52,4446.61,4441.3,4444.05
2026-08-31 06:36:00,4444.04,4444.84,4441.46,4443.34
2026-08-31 06:41:00,4443.34,4447.59,4443.23,4447.36
2026-08-31 06:46:00,4447.36,4447.84,4442.08,4442.38
2026-08-31 06:51:00,4442.38,4444.46,4442.37,4444.4
2026-08-31 06:56:00,4444.41,4448.04,4440.91,4447.88
2026-08-31 07:01:00,4447.8,4449.55,4446.16,4447.62
2026-08-31 07:06:00,4447.43,4447.5,4441.83,4442.5
2026-08-31 07:11:00,4442.48,4442.48,4436.32,4436.59
2026-08-31 07:16:00,4436.78,4440.49,4436.23,4438.97
2026-08-31 07:21:00,4438.97,4440.03,4437.51,4438.67
2026-08-31 07:26:00,4438.68,4441.39,4438.56,4439.06
2026-08-31 07:31:00,4439.05,4439.55,4435.35,4435.96
2026-08-31 07:36:00,4435.92,4438.29,4435.92,4436.11
2026-08-31 07:41:00,4436.11,4436.38,4434.45,4434.97
2026-08-31 07:46:00,4434.98,4436.98,4434.43,4434.58
2026-08-31 07:51:00,4434.59,4435.96,4433.89,4435.6
2026-08-31 07:56:00,4435.59,4438.52,4434.7,4438.5
2026-08-31 08:01:00,4438.52,4441.3,4437.64,4441.1
2026-08-31 08:06:00,4441.1,4441.22,4435.83,4438.88
2026-08-31 08:11:00,4438.86,4443.36,4438.4,4443.36
2026-08-31 08:16:00,4443.37,4444.24,4440.35,4441.1
2026-08-31 08:21:00,4441.13,4441.34,4438.78,4438.85
2026-08-31 08:26:00,4438.85,4441.92,4438.13,4441.83
2026-08-31 08:31:00,4441.83,4444.75,4441.07,4443.19
2026-08-31 08:36:00,4443.18,4443.21,4441.16,4441.39
2026-08-31 08:41:00,4441.37,4443.73,4440.9,4443.54
2026-08-31 08:46:00,4443.55,4444.92,4441.02,4441.5
2026-08-31 08:51:00,4441.51,4444.33,4441.46,4443.85
2026-08-31 08:56:00,4443.85,4446.34,4442.51,4445.83
2026-08-31 09:01:00,4445.83,4448.47,4444.9,4447.75
2026-08-31 09:06:00,4447.73,4453.67,4447.58,4448.74
2026-08-31 09:11:00,4448.74,4452.15,4446.28,4451.65
2026-08-31 09:16:00,4451.65,4451.65,4446.5,4449.44
2026-08-31 09:21:00,4449.44,4449.46,4447.22,4447.28
2026-08-31 09:26:00,4447.28,4449.16,4446.87,4448.24
2026-08-31 09:31:00,4448.24,4450.26,4447.65,4448.17
2026-08-31 09:36:00,4448.15,4451.3,4448.13,4450.13
2026-08-31 09:41:00,4450.12,4451.68,4448.72,4450.1
2026-08-31 09:46:00,4450.07,4452.32,4449.43,4451.98
2026-08-31 09:51:00,4451.86,4455.66,4451.43,4455.37
2026-08-31 09:56:00,4455.37,4455.44,4453.53,4455.02
2026-08-31 10:01:00,4455.03,4456.9,4453.22,4453.77
2026-08-31 10:06:00,4453.78,4457.15,4453.42,4456.56
2026-08-31 10:11:00,4456.56,4457.63,4452.75,4453.01
2026-08-31 10:16:00,4453.01,4457.23,4452.87,4457.01
2026-08-31 10:21:00,4457.0,4460.48,4456.19,4460.44
2026-08-31 10:26:00,4460.41,4464.1,4459.59,4462.41
2026-08-31 10:31:00,4462.42,4462.63,4457.13,4457.78
2026-08-31 10:36:00,4457.78,4459.78,4454.85,4457.05
2026-08-31 10:41:00,4457.04,4457.18,4453.58,4453.61
2026-08-31 10:46:00,4453.59,4454.52,4452.93,4454.05
2026-08-31 10:51:00,4454.03,4455.29,4452.59,4454.42
2026-08-31 10:56:00,4454.43,4456.93,4454.39,4455.82
2026-08-31 11:01:00,4455.82,4459.39,4455.81,4458.15
2026-08-31 11:06:00,4458.14,4460.97,4450.54,4455.25
2026-08-31 11:11:00,4455.29,4459.81,4454.98,4456.56
2026-08-31 11:16:00,4456.53,4458.79,4454.24,4454.34
2026-08-31 11:21:00,4454.14,4454.42,4447.81,4448.65
2026-08-31 11:26:00,4448.66,4451.99,4445.62,4449.35
2026-08-31 11:31:00,4449.89,4449.89,4445.25,4445.51
2026-08-31 11:36:00,4445.51,4446.84,4439.39,4441.38
2026-08-31 11:41:00,4441.38,4442.48,4437.25,4437.36
2026-08-31 11:46:00,4437.7,4440.22,4435.91,4440.14
2026-08-31 11:51:00,4440.14,4441.57,4436.21,4436.24
2026-08-31 11:56:00,4436.25,4439.51,4434.41,4435.84
2026-08-31 12:01:00,4435.55,4440.05,4433.9,4438.48
2026-08-31 12:06:00,4438.47,4446.69,4438.37,4443.48
2026-08-31 12:11:00,4443.49,4448.32,4442.86,4445.95
2026-08-31 12:16:00,4445.91,4446.03,4441.46,4442.63
2026-08-31 12:21:00,4442.61,4443.86,4439.37,4443.03
2026-08-31 12:26:00,4443.0,4447.34,4442.98,4443.15
2026-08-31 12:31:00,4443.13,4445.35,4435.9,4437.12
2026-08-31 12:36:00,4437.1,4443.1,4435.43,4436.74
2026-08-31 12:41:00,4436.68,4437.88,4430.57,4433.24
2026-08-31 12:46:00,4433.2,4433.33,4423.88,4424.08
2026-08-31 12:51:00,4424.07,4425.11,4419.5,4421.99
2026-08-31 12:56:00,4421.98,4423.57,4415.69,4420.43
2026-08-31 13:01:00,4420.43,4425.18,4418.41,4424.87
2026-08-31 13:06:00,4424.91,4427.82,4421.55,4426.0
2026-08-31 13:11:00,4426.07,4428.13,4421.18,4425.26
2026-08-31 13:16:00,4425.25,4431.03,4421.11,4422.87
2026-08-31 13:21:00,4422.8,4424.3,4416.5,4417.75
2026-08-31 13:26:00,4418.16,4424.23,4417.88,4423.14
2026-08-31 13:31:00,4423.23,4429.79,4421.01,4428.81
2026-08-31 13:36:00,4428.76,4436.64,4428.08,4432.96
2026-08-31 13:41:00,4432.96,4435.72,4431.49,4433.53
2026-08-31 13:46:00,4433.74,4435.89,4426.83,4427.45
2026-08-31 13:51:00,4427.39,4434.53,4426.11,4434.27
2026-08-31 13:56:00,4434.1,4436.44,4431.14,4434.84
2026-08-31 14:01:00,4434.8,4436.46,4428.15,4429.03
2026-08-31 14:06:00,4429.03,4435.19,4428.31,4434.74
2026-08-31 14:11:00,4434.67,4437.93,4432.31,4435.94
2026-08-31 14:16:00,4435.97,4436.51,4429.16,4431.26
2026-08-31 14:21:00,4431.23,4435.65,4430.4,4431.38
2026-08-31 14:26:00,4431.35,4434.62,4430.65,4430.65
2026-08-31 14:31:00,4430.65,4434.21,4428.88,4430.64
2026-08-31 14:36:00,4430.66,4432.53,4427.27,4429.87
2026-08-31 14:41:00,4429.88,4431.48,4426.39,4428.03
2026-08-31 14:46:00,4427.99,4433.59,4427.97,4430.75
2026-08-31 14:51:00,4430.81,4432.72,4427.0,4428.15
2026-08-31 14:56:00,4428.14,4428.91,4423.81,4428.46
2026-08-31 15:01:00,4428.53,4433.26,4428.38,4431.85
2026-08-31 15:06:00,4431.73,4436.25,4431.4,4434.92
2026-08-31 15:11:00,4434.92,4437.26,4432.85,4435.69
2026-08-31 15:16:00,4435.71,4436.84,4434.16,4435.56
2026-08-31 15:21:00,4435.56,4436.64,4433.28,4435.61
2026-08-31 15:26:00,4435.61,4440.27,4435.18,4437.53
2026-08-31 15:31:00,4437.5,4437.95,4434.63,4434.84
2026-08-31 15:36:00,4434.84,4435.75,4431.39,4433.21
2026-08-31 15:41:00,4433.21,4437.71,4433.08,4436.59
2026-08-31 15:46:00,4436.6,4436.6,4432.43,4434.96
2026-08-31 15:51:00,4434.96,4437.55,4433.49,4433.75
2026-08-31 15:56:00,4433.75,4434.15,4432.29,4432.68
2026-08-31 16:01:00,4432.67,4434.56,4431.26,4431.84
2026-08-31 16:06:00,4431.84,4433.08,4430.87,4432.35
2026-08-31 16:11:00,4432.47,4435.25,4432.24,4433.73
2026-08-31 16:16:00,4433.73,4437.03,4433.24,4434.9
2026-08-31 16:21:00,4434.91,4435.41,4430.88,4431.02
2026-08-31 16:26:00,4430.94,4434.83,4428.52,4430.9
2026-08-31 16:31:00,4430.7,4435.36,4430.11,4434.88
2026-08-31 16:36:00,4434.96,4435.5,4432.87,4434.46
2026-08-31 16:41:00,4434.47,4437.48,4434.32,4436.42
2026-08-31 16:46:00,4436.52,4440.1,4436.04,4439.38
2026-08-31 16:51:00,4439.31,4439.98,4437.08,4437.21
2026-08-31 16:56:00,4437.22,4437.68,4435.71,4436.25
2026-08-31 17:01:00,4436.21,4436.55,4430.81,4431.82
2026-08-31 17:06:00,4431.81,4432.87,4430.49,4431.15
2026-08-31 17:11:00,4431.12,4434.56,4431.08,4434.45
2026-08-31 17:16:00,4434.41,4434.52,4431.74,4432.5
2026-08-31 17:21:00,4432.52,4433.26,4430.27,4430.52
2026-08-31 17:26:00,4430.38,4431.92,4426.69,4426.93
2026-08-31 17:31:00,4426.88,4428.48,4426.2,4427.06
2026-08-31 17:36:00,4426.96,4429.89,4426.75,4429.87
2026-08-31 17:41:00,4429.71,4430.35,4427.58,4429.37
2026-08-31 17:46:00,4429.37,4434.13,4429.13,4434.01
2026-08-31 17:51:00,4434.01,4434.66,4433.05,4433.39
2026-08-31 17:56:00,4433.35,4433.94,4429.65,4430.15
2026-08-31 18:01:00,4430.14,4432.67,4429.13,4432.5
2026-08-31 18:06:00,4432.33,4435.48,4432.23,4434.65
2026-08-31 18:11:00,4434.65,4435.09,4432.71,4433.71
2026-08-31 18:16:00,4433.71,4434.25,4433.34,4433.98
2026-08-31 18:21:00,4433.98,4442.45,4432.95,4439.99
2026-08-31 18:26:00,4440.08,4441.59,4438.23,4440.77
2026-08-31 18:31:00,4440.68,4441.88,4439.52,4441.85
2026-08-31 18:36:00,4441.95,4445.32,4441.0,4441.31
2026-08-31 18:41:00,4441.31,4443.25,4439.08,4442.92
2026-08-31 18:46:00,4442.91,4451.03,4442.71,4449.35
2026-08-31 18:51:00,4449.36,4452.9,4448.09,4449.34
2026-08-31 18:56:00,4449.25,4455.22,4447.91,4454.99
2026-08-31 19:01:00,4454.82,4455.85,4452.07,4452.51
2026-08-31 19:06:00,4452.58,4453.02,4451.52,4452.02
2026-08-31 19:11:00,4451.99,4451.99,4449.91,4450.05
2026-08-31 19:16:00,4450.04,4450.22,4447.55,4447.75
2026-08-31 19:21:00,4447.84,4448.18,4446.99,4447.32
2026-08-31 19:26:00,4447.7,4448.27,4446.86,4447.14
2026-08-31 19:31:00,4447.11,4448.74,4446.85,4448.64
2026-08-31 19:36:00,4448.64,4449.33,4448.01,4448.12
2026-08-31 19:41:00,4448.11,4448.84,4447.55,4447.69
2026-08-31 19:46:00,4447.75,4447.95,4446.73,4446.91
2026-08-31 19:51:00,4446.91,4448.69,4446.58,4447.88
2026-08-31 19:56:00,4447.91,4452.03,4445.85,4449.59
2026-08-31 21:02:00,4449.51,4455.02,4449.37,4453.13
2026-08-31 21:07:00,4453.15,4455.8,4452.37,4455.11
2026-08-31 21:12:00,4455.11,4455.33,4450.58,4450.79
2026-08-31 21:17:00,4450.75,4451.41,4448.02,4448.44
2026-08-31 21:22:00,4448.37,4448.81,4447.96,4448.3
2026-08-31 21:27:00,4448.32,4451.25,4447.95,4449.52
2026-08-31 21:32:00,4449.53,4450.34,4448.91,4449.07
2026-08-31 21:37:00,4449.11,4449.72,4448.22,4448.34
2026-08-31 21:42:00,4448.3,4448.32,4447.29,4447.97
2026-08-31 21:47:00,4447.97,4448.11,4446.12,4446.89
2026-08-31 21:52:00,4446.89,4447.11,4445.66,4447.06
2026-08-31 21:57:00,4447.05,4447.94,4446.21,4446.59
2026-08-31 22:02:00,4446.57,4447.04,4445.65,4446.05
2026-08-31 22:07:00,4446.24,4446.76,4445.8,4446.3
2026-08-31 22:12:00,4446.33,4446.33,4443.35,4443.86
2026-08-31 22:17:00,4443.85,4444.08,4441.57,4442.17
2026-08-31 22:22:00,4442.22,4444.41,4442.21,4444.22
2026-08-31 22:27:00,4444.21,4444.22,4442.92,4443.81
2026-08-31 22:32:00,4443.83,4447.93,4443.79,4446.43
2026-08-31 22:37:00,4446.3,4446.3,4443.26,4443.33
2026-08-31 22:42:00,4443.33,4449.52,4443.33,4447.91
2026-08-31 22:47:00,4447.92,4448.81,4446.13,4447.47
2026-08-31 22:52:00,4447.48,4451.73,4447.48,4450.02
2026-08-31 22:57:00,4450.06,4454.33,4446.39,4451.42
2026-08-31 23:02:00,4451.52,4454.34,4451.04,4452.02
2026-08-31 23:07:00,4452.03,4457.08,4451.64,4457.08
2026-08-31 23:12:00,4457.08,4458.02,4452.62,4455.1
2026-08-31 23:17:00,4455.06,4461.51,4453.18,4460.62
2026-08-31 23:22:00,4460.62,4460.9,4457.03,4458.49
2026-08-31 23:27:00,4458.49,4461.21,4458.42,4459.63
2026-08-31 23:32:00,4459.61,4459.61,4455.02,4455.28
2026-08-31 23:37:00,4455.37,4456.54,4453.35,4455.36
2026-08-31 23:42:00,4455.21,4455.7,4451.97,4453.5
2026-08-31 23:47:00,4453.52,4459.3,4453.42,4458.81
2026-08-31 23:52:00,4458.75,4461.47,4455.9,4456.16
2026-08-31 23:57:00,4456.19,4456.93,4448.62,4453.04
2026-09-01 00:02:00,4453.04,4454.64,4446.57,4447.4
2026-09-01 00:07:00,4447.67,4449.87,4445.61,4447.64
2026-09-01 00:12:00,4447.64,4449.05,4444.12,4445.18
2026-09-01 00:17:00,4445.38,4447.22,4443.02,4443.84
2026-09-01 00:22:00,4443.85,4443.85,4437.9,4439.05
2026-09-01 00:27:00,4439.0,4440.95,4438.3,4439.44
2026-09-01 00:32:00,4439.47,4443.8,4436.49,4443.25
2026-09-01 00:37:00,4443.23,4445.67,4440.95,4442.66
2026-09-01 00:42:00,4442.67,4446.25,4442.09,4444.51
2026-09-01 00:47:00,4444.57,4446.67,4440.64,4443.08
2026-09-01 00:52:00,4443.07,4444.31,4439.48,4443.66
2026-09-01 00:57:00,4443.71,4445.46,4441.59,4443.29
2026-09-01 01:02:00,4443.29,4448.76,4443.03,4448.25
2026-09-01 01:07:00,4448.17,4448.22,4441.93,4447.25
2026-09-01 01:12:00,4447.25,4449.14,4443.29,4445.39
2026-09-01 01:17:00,4445.4,4448.35,4444.98,4447.2
2026-09-01 01:22:00,4447.08,4447.61,4440.53,4441.34
2026-09-01 01:27:00,4441.35,4442.57,4435.29,4439.23
2026-09-01 01:32:00,4439.24,4440.58,4433.46,4434.22
2026-09-01 01:37:00,4434.18,4436.59,4432.26,4436.26
2026-09-01 01:42:00,4436.25,4437.12,4427.91,4428.79
2026-09-01 01:47:00,4428.82,4436.35,4428.77,4435.06
2026-09-01 01:52:00,4435.04,4440.49,4434.78,4440.16
2026-09-01 01:57:00,4440.15,4444.08,4440.07,4443.18
2026-09-01 02:02:00,4443.19,4443.43,4439.69,4441.24
2026-09-01 02:07:00,4441.24,4441.31,4439.53,4440.9
2026-09-01 02:12:00,4440.9,4442.05,4438.53,4440.18
2026-09-01 02:17:00,4440.18,4440.18,4433.45,4434.44
2026-09-01 02:22:00,4434.44,4434.93,4431.88,4433.17
2026-09-01 02:27:00,4433.08,4436.21,4432.64,4435.13
2026-09-01 02:32:00,4435.06,4436.69,4435.01,4435.8
2026-09-01 02:37:00,4435.84,4438.81,4433.6,4438.63
2026-09-01 02:42:00,4438.57,4440.57,4437.83,4440.28
2026-09-01 02:47:00,4440.26,4443.26,4439.97,4443.14
2026-09-01 02:52:00,4443.18,4443.18,4440.29,4440.48
2026-09-01 02:57:00,4440.48,4440.48,4436.34,4437.02
2026-09-01 03:02:00,4436.98,4437.69,4434.75,4436.01
2026-09-01 03:07:00,4436.01,4436.01,4430.2,4431.52
2026-09-01 03:12:00,4431.43,4432.26,4430.15,4431.63
2026-09-01 03:17:00,4431.63,4433.7,4429.75,4431.6
2026-09-01 03:22:00,4431.6,4433.23,4431.59,4432.23
2026-09-01 03:27:00,4432.17,4432.32,4428.62,4430.23
2026-09-01 03:32:00,4430.23,4430.56,4428.67,4430.13
2026-09-01 03:37:00,4430.09,4430.53,4427.47,4427.67
2026-09-01 03:42:00,4427.74,4429.19,4425.64,4427.59
2026-09-01 03:47:00,4427.59,4429.4,4425.61,4426.04
2026-09-01 03:52:00,4426.09,4429.66,4425.44,4427.68
2026-09-01 03:57:00,4427.71,4428.78,4426.21,4428.59
2026-09-01 04:02:00,4428.59,4432.71,4428.59,4432.2
2026-09-01 04:07:00,4432.2,4432.3,4429.48,4430.54
2026-09-01 04:12:00,4430.54,4431.41,4428.29,4428.76
2026-09-01 04:17:00,4428.65,4428.77,4425.39,4427.58
2026-09-01 04:22:00,4427.57,4427.88,4426.34,4426.95
2026-09-01 04:27:00,4426.96,4434.65,4423.86,4434.48
2026-09-01 04:32:00,4434.38,4437.35,4431.51,4436.93
2026-09-01 04:37:00,4436.92,4442.9,4435.11,4441.32
2026-09-01 04:42:00,4441.35,4445.65,4440.18,4443.93
2026-09-01 04:47:00,4443.94,4445.96,4441.21,4442.11
2026-09-01 04:52:00,4442.11,4445.96,4441.79,4444.94
2026-09-01 04:57:00,4444.97,4446.06,4437.73,4438.05
2026-09-01 05:02:00,4437.86,4439.05,4435.6,4436.86
2026-09-01 05:07:00,4436.86,4438.03,4433.84,4434.73
2026-09-01 05:12:00,4434.7,4435.08,4431.85,4433.22
2026-09-01 05:17:00,4433.22,4435.07,4432.68,4433.28
2026-09-01 05:22:00,4433.29,4433.43,4431.02,4432.43
2026-09-01 05:27:00,4432.42,4432.42,4427.79,4429.93
2026-09-01 05:32:00,4430.0,4431.84,4428.68,4431.11
2026-09-01 05:37:00,4431.11,4434.65,4430.6,4434.1
2026-09-01 05:42:00,4434.1,4435.33,4431.17,4431.17
2026-09-01 05:47:00,4431.16,4431.17,4428.41,4428.75
2026-09-01 05:52:00,4428.7,4430.98,4428.26,4430.04
2026-09-01 05:57:00,4430.01,4432.03,4429.32,4431.52
2026-09-01 06:02:00,4431.55,4434.95,4430.89,4431.34
2026-09-01 06:07:00,4431.32,4432.63,4429.54,4431.08
2026-09-01 06:12:00,4431.09,4433.62,4429.88,4430.97
2026-09-01 06:17:00,4430.96,4432.3,4427.89,4431.94
2026-09-01 06:22:00,4431.98,4432.43,4426.68,4428.32
2026-09-01 06:27:00,4428.32,4428.95,4419.36,4424.45
2026-09-01 06:32:00,4424.48,4428.27,4423.11,4423.76
2026-09-01 06:37:00,4423.75,4423.75,4412.21,4419.73
2026-09-01 06:42:00,4419.78,4421.87,4416.9,4417.73
2026-09-01 06:47:00,4417.79,4423.3,4417.67,4420.59
2026-09-01 06:52:00,4420.6,4422.3,4418.78,4421.07
2026-09-01 06:57:00,4421.03,4421.28,4415.47,4416.25
2026-09-01 07:02:00,4416.35,4418.64,4405.0,4405.88
2026-09-01 07:07:00,4406.12,4407.31,4389.57,4392.4
2026-09-01 07:12:00,4392.39,4406.55,4392.03,4400.99
2026-09-01 07:17:00,4400.99,4401.03,4394.79,4397.09
2026-09-01 07:22:00,4397.12,4397.59,4383.4,4386.36
2026-09-01 07:27:00,4386.39,4387.63,4375.79,4377.63
2026-09-01 07:32:00,4377.42,4378.0,4372.88,4374.01
2026-09-01 07:37:00,4373.96,4381.08,4370.08,4377.12
2026-09-01 07:42:00,4377.09,4378.52,4370.58,4375.36
2026-09-01 07:47:00,4375.36,4377.77,4369.16,4374.7
2026-09-01 07:52:00,4374.7,4378.06,4372.06,4373.06
2026-09-01 07:57:00,4373.07,4376.03,4367.84,4370.74
2026-09-01 08:02:00,4370.71,4375.4,4366.55,4368.2
2026-09-01 08:07:00,4368.2,4375.21,4368.12,4373.0
2026-09-01 08:12:00,4373.01,4376.98,4372.3,4376.78
2026-09-01 08:17:00,4376.75,4378.1,4374.9,4375.75
2026-09-01 08:22:00,4375.74,4377.76,4371.71,4372.58
2026-09-01 08:27:00,4372.6,4373.6,4366.77,4367.87
2026-09-01 08:32:00,4367.88,4371.28,4366.92,4369.12
2026-09-01 08:37:00,4368.57,4369.58,4365.55,4368.17
2026-09-01 08:42:00,4368.17,4373.29,4367.13,4372.52
2026-09-01 08:47:00,4372.55,4373.66,4368.66,4369.79
2026-09-01 08:52:00,4369.89,4373.34,4368.37,4369.82
2026-09-01 08:57:00,4369.68,4370.35,4364.1,4369.1
2026-09-01 09:02:00,4369.16,4370.93,4366.54,4370.73
2026-09-01 09:07:00,4370.95,4376.54,4370.87,4376.54
2026-09-01 09:12:00,4376.54,4383.37,4376.43,4383.27
2026-09-01 09:17:00,4383.28,4384.6,4380.48,4383.86
2026-09-01 09:22:00,4383.85,4385.57,4383.08,4383.82
2026-09-01 09:27:00,4383.82,4385.72,4382.84,4383.49
2026-09-01 09:32:00,4383.63,4384.5,4381.73,4383.51
2026-09-01 09:37:00,4383.51,4385.6,4383.51,4384.85
2026-09-01 09:42:00,4384.88,4386.02,4378.84,4379.5
2026-09-01 09:47:00,4379.32,4380.84,4375.76,4376.04
2026-09-01 09:52:00,4376.05,4377.38,4375.22,4376.39
2026-09-01 09:57:00,4376.39,4380.15,4376.01,4376.58
2026-09-01 10:02:00,4376.59,4380.6,4376.59,4377.68
2026-09-01 10:07:00,4377.68,4382.73,4377.68,4380.7
2026-09-01 10:12:00,4380.69,4383.11,4375.27,4375.33
2026-09-01 10:17:00,4375.3,4381.53,4374.94,4377.53
2026-09-01 10:22:00,4377.53,4378.62,4376.23,4377.96
2026-09-01 10:27:00,4378.02,4381.96,4378.02,4381.29
2026-09-01 10:32:00,4381.29,4382.21,4379.03,4381.03
2026-09-01 10:37:00,4381.02,4384.46,4379.52,4383.44
2026-09-01 10:42:00,4383.44,4386.49,4382.76,4385.92
2026-09-01 10:47:00,4385.89,4387.2,4384.43,4385.49
2026-09-01 10:52:00,4385.49,4385.62,4375.44,4376.24
2026-09-01 10:57:00,4376.24,4376.45,4370.14,4370.64
2026-09-01 11:02:00,4370.63,4373.5,4369.69,4371.15
2026-09-01 11:07:00,4370.96,4372.99,4366.96,4368.29
2026-09-01 11:12:00,4368.36,4372.51,4367.19,4371.78
2026-09-01 11:17:00,4371.78,4375.51,4365.92,4368.75
2026-09-01 11:22:00,4368.78,4376.14,4366.1,4375.99
2026-09-01 11:27:00,4376.01,4376.01,4366.57,4366.57
2026-09-01 11:32:00,4366.55,4366.97,4353.74,4353.87
2026-09-01 11:37:00,4353.95,4360.97,4351.95,4358.11
2026-09-01 11:42:00,4358.11,4367.87,4355.42,4366.16
2026-09-01 11:47:00,4366.25,4369.76,4362.38,4364.9
2026-09-01 11:52:00,4365.01,4365.16,4358.87,4361.13
2026-09-01 11:57:00,4361.17,4362.55,4342.23,4344.61
2026-09-01 12:02:00,4344.68,4348.62,4334.34,4335.64
2026-09-01 12:07:00,4335.72,4343.03,4328.82,4329.08
2026-09-01 12:12:00,4328.96,4335.45,4326.2,4331.29
2026-09-01 12:17:00,4331.13,4335.12,4326.44,4334.46
2026-09-01 12:22:00,4334.43,4341.03,4332.15,4339.34
2026-09-01 12:27:00,4339.3,4351.74,4338.02,4349.61
2026-09-01 12:32:00,4349.5,4354.96,4346.89,4348.23
2026-09-01 12:37:00,4348.39,4356.78,4348.3,4354.26
2026-09-01 12:42:00,4354.27,4362.34,4353.45,4356.11
2026-09-01 12:47:00,4356.14,4362.43,4354.29,4362.11
2026-09-01 12:52:00,4362.13,4364.89,4356.92,4362.25
2026-09-01 12:57:00,4362.07,4371.0,4359.58,4361.97
2026-09-01 13:02:00,4362.1,4362.78,4353.31,4359.0
2026-09-01 13:07:00,4359.05,4369.51,4358.86,4366.79
2026-09-01 13:12:00,4366.79,4372.67,4362.43,4371.89
2026-09-01 13:17:00,4371.95,4374.5,4369.06,4373.83
2026-09-01 13:22:00,4373.83,4375.59,4368.33,4368.56
2026-09-01 13:27:00,4368.58,4371.49,4365.79,4368.08
2026-09-01 13:32:00,4368.08,4373.24,4366.42,4370.41
2026-09-01 13:37:00,4370.41,4371.41,4364.31,4365.59
2026-09-01 13:42:00,4365.58,4369.35,4364.48,4369.18
2026-09-01 13:47:00,4369.17,4370.31,4360.65,4366.21
2026-09-01 13:52:00,4366.21,4367.32,4356.95,4357.52
2026-09-01 13:57:00,4357.51,4363.03,4357.03,4361.78
2026-09-01 14:02:00,4361.79,4361.79,4355.31,4357.55
2026-09-01 14:07:00,4357.55,4362.87,4357.19,4359.8
2026-09-01 14:12:00,4360.05,4360.31,4356.33,4357.92
2026-09-01 14:17:00,4357.78,4365.27,4357.73,4364.0
2026-09-01 14:22:00,4364.03,4365.54,4358.88,4359.83
2026-09-01 14:27:00,4359.82,4366.43,4359.09,4364.26
2026-09-01 14:32:00,4364.35,4366.89,4361.66,4364.55
2026-09-01 14:37:00,4364.49,4367.77,4363.04,4366.5
2026-09-01 14:42:00,4366.5,4371.51,4365.6,4369.94
2026-09-01 14:47:00,4369.95,4372.76,4368.67,4371.75
2026-09-01 14:52:00,4371.78,4373.86,4370.74,4371.54
2026-09-01 14:57:00,4371.54,4374.89,4370.54,4372.29
2026-09-01 15:02:00,4372.45,4373.47,4369.03,4369.04
2026-09-01 15:07:00,4369.16,4371.09,4364.89,4365.08
2026-09-01 15:12:00,4365.09,4366.49,4361.95,4363.65
2026-09-01 15:17:00,4363.63,4364.09,4356.16,4356.83
2026-09-01 15:22:00,4356.67,4358.95,4352.99,4353.02
2026-09-01 15:27:00,4353.67,4356.26,4348.24,4348.89
2026-09-01 15:32:00,4348.89,4352.09,4347.12,4350.81
2026-09-01 15:37:00,4350.79,4357.75,4350.48,4357.75
2026-09-01 15:42:00,4357.77,4358.02,4352.22,4356.15
2026-09-01 15:47:00,4356.09,4359.09,4355.61,4355.66
2026-09-01 15:52:00,4355.61,4356.69,4353.67,4354.59
2026-09-01 15:57:00,4354.58,4355.44,4349.03,4349.21
2026-09-01 16:02:00,4349.23,4349.83,4346.01,4346.55
2026-09-01 16:07:00,4346.52,4347.25,4344.39,4344.69
2026-09-01 16:12:00,4344.68,4348.66,4344.59,4345.14
2026-09-01 16:17:00,4345.17,4348.12,4344.03,4345.62
2026-09-01 16:22:00,4345.62,4348.63,4342.68,4344.2
2026-09-01 16:27:00,4344.24,4352.0,4344.05,4350.79
2026-09-01 16:32:00,4350.78,4350.94,4347.43,4349.19
2026-09-01 16:37:00,4349.18,4349.58,4342.86,4344.42
2026-09-01 16:42:00,4344.44,4345.17,4341.92,4342.22
2026-09-01 16:47:00,4342.23,4344.57,4341.1,4344.02
2026-09-01 16:52:00,4344.04,4344.07,4341.34,4342.74
2026-09-01 16:57:00,4342.7,4344.59,4341.96,4342.59
2026-09-01 17:02:00,4342.59,4344.15,4338.23,4338.93
2026-09-01 17:07:00,4338.94,4339.88,4335.46,4335.86
2026-09-01 17:12:00,4335.88,4337.87,4334.57,4337.69
2026-09-01 17:17:00,4337.69,4341.75,4337.63,4340.88
2026-09-01 17:22:00,4340.89,4341.7,4338.79,4339.96
2026-09-01 17:27:00,4339.99,4340.02,4333.91,4334.05
2026-09-01 17:32:00,4334.05,4334.94,4331.21,4331.71
2026-09-01 17:37:00,4331.84,4332.12,4329.02,4329.41
2026-09-01 17:42:00,4329.4,4330.97,4328.5,4329.76
2026-09-01 17:47:00,4329.73,4332.28,4328.42,4332.14
2026-09-01 17:52:00,4332.14,4334.38,4328.12,4331.74
2026-09-01 17:57:00,4331.8,4333.53,4329.77,4330.98
2026-09-01 18:02:00,4330.96,4333.97,4329.17,4331.58
2026-09-01 18:07:00,4331.58,4335.74,4329.85,4334.27
2026-09-01 18:12:00,4334.29,4337.7,4334.11,4336.55
2026-09-01 18:17:00,4336.55,4337.05,4333.9,4333.91
2026-09-01 18:22:00,4333.91,4335.45,4333.44,4334.75
2026-09-01 18:27:00,4334.8,4335.46,4330.7,4330.94
2026-09-01 18:32:00,4330.94,4331.03,4328.4,4330.15
2026-09-01 18:37:00,4330.13,4330.55,4322.91,4326.46
2026-09-01 18:42:00,4326.48,4327.39,4323.6,4323.64
2026-09-01 18:47:00,4323.64,4330.46,4323.64,4329.38
2026-09-01 18:52:00,4329.4,4329.77,4326.36,4327.08
2026-09-01 18:57:00,4327.06,4327.46,4323.75,4323.89
2026-09-01 19:02:00,4323.88,4330.61,4323.88,4328.3
2026-09-01 19:07:00,4328.28,4330.8,4327.89,4328.17
2026-09-01 19:12:00,4328.17,4328.19,4324.84,4326.68
2026-09-01 19:17:00,4326.68,4328.63,4326.28,4327.68
2026-09-01 19:22:00,4327.65,4329.05,4327.43,4328.88
2026-09-01 19:27:00,4328.84,4329.04,4325.35,4326.75
2026-09-01 19:32:00,4326.79,4327.19,4325.31,4326.1
2026-09-01 19:37:00,4325.95,4327.97,4325.64,4327.91
2026-09-01 19:42:00,4327.86,4330.47,4326.81,4329.17
2026-09-01 19:47:00,4329.17,4329.8,4327.52,4327.92
2026-09-01 19:52:00,4327.94,4329.21,4327.44,4328.58
2026-09-01 19:57:00,4328.56,4334.54,4328.04,4332.54
2026-09-01 21:03:00,4332.54,4334.26,4328.85,4329.41
2026-09-01 21:08:00,4329.42,4330.54,4328.55,4328.9
2026-09-01 21:13:00,4328.82,4329.93,4327.67,4328.17
2026-09-01 21:18:00,4328.14,4328.84,4327.47,4327.94
2026-09-01 21:23:00,4327.96,4328.52,4327.11,4327.75
2026-09-01 21:28:00,4327.71,4328.73,4326.85,4327.0
2026-09-01 21:33:00,4326.87,4329.64,4326.87,4328.32
2026-09-01 21:38:00,4328.34,4328.4,4326.31,4327.07
2026-09-01 21:43:00,4327.1,4328.76,4327.07,4327.81
2026-09-01 21:48:00,4327.81,4331.08,4327.6,4330.58
2026-09-01 21:53:00,4330.58,4330.6,4329.13,4329.84
2026-09-01 21:58:00,4329.75,4330.0,4327.19,4328.0
2026-09-01 22:03:00,4328.11,4330.41,4328.09,4328.94
2026-09-01 22:08:00,4328.95,4331.37,4328.9,4330.87
2026-09-01 22:13:00,4330.87,4332.41,4330.12,4330.6
2026-09-01 22:18:00,4330.61,4331.49,4326.68,4327.3
2026-09-01 22:23:00,4327.3,4329.63,4326.21,4329.51
2026-09-01 22:28:00,4329.5,4332.43,4328.76,4331.55
2026-09-01 22:33:00,4331.6,4334.13,4331.02,4334.12
2026-09-01 22:38:00,4334.01,4335.75,4333.72,4335.04
2026-09-01 22:43:00,4335.03,4335.08,4331.25,4331.71
2026-09-01 22:48:00,4331.71,4332.88,4330.33,4331.02
2026-09-01 22:53:00,4331.55,4332.11,4326.65,4328.17
2026-09-01 22:58:00,4328.16,4329.22,4316.17,4321.4
2026-09-01 23:03:00,4321.8,4330.55,4318.37,4320.93
2026-09-01 23:08:00,4320.93,4327.24,4318.9,4321.89
2026-09-01 23:13:00,4321.88,4334.4,4321.66,4333.28
2026-09-01 23:18:00,4333.31,4334.5,4324.27,4331.33
2026-09-01 23:23:00,4331.34,4333.02,4322.98,4322.98
2026-09-01 23:28:00,4322.64,4326.01,4320.92,4324.27
2026-09-01 23:33:00,4324.1,4329.69,4320.42,4329.42
2026-09-01 23:38:00,4329.45,4329.95,4323.81,4325.57
2026-09-01 23:43:00,4325.55,4331.64,4325.55,4326.05
2026-09-01 23:48:00,4326.07,4326.37,4320.53,4320.92
2026-09-01 23:53:00,4320.92,4321.87,4314.5,4319.18
2026-09-01 23:58:00,4319.2,4322.75,4306.37,4312.92
2026-09-02 00:03:00,4312.89,4320.61,4304.94,4311.11
2026-09-02 00:08:00,4311.43,4318.88,4307.55,4318.79
2026-09-02 00:13:00,4318.8,4326.67,4315.54,4323.61
2026-09-02 00:18:00,4323.52,4326.46,4317.93,4320.19
2026-09-02 00:23:00,4320.27,4324.5,4316.36,4316.36
2026-09-02 00:28:00,4316.47,4318.63,4312.84,4314.1
2026-09-02 00:33:00,4314.09,4314.12,4305.23,4307.45
2026-09-02 00:38:00,4307.44,4310.51,4305.21,4309.07
2026-09-02 00:43:00,4309.14,4311.09,4303.76,4304.82
2026-09-02 00:48:00,4304.84,4308.68,4290.86,4297.16
2026-09-02 00:53:00,4297.07,4299.93,4292.63,4292.84
2026-09-02 00:58:00,4292.82,4294.8,4287.43,4294.56
2026-09-02 01:03:00,4294.56,4301.89,4294.2,4300.5
2026-09-02 01:08:00,4300.48,4300.94,4289.44,4293.19
2026-09-02 01:13:00,4293.27,4300.96,4292.9,4300.05
2026-09-02 01:18:00,4300.06,4306.43,4299.22,4301.72
2026-09-02 01:23:00,4301.68,4305.36,4301.56,4304.28
2026-09-02 01:28:00,4304.3,4306.22,4299.57,4305.52
2026-09-02 01:33:00,4305.35,4312.9,4305.05,4312.53
2026-09-02 01:38:00,4313.23,4314.87,4311.17,4312.13
2026-09-02 01:43:00,4312.1,4313.2,4309.0,4309.55
2026-09-02 01:48:00,4309.55,4311.22,4306.57,4308.11
2026-09-02 01:53:00,4308.11,4308.38,4301.34,4301.45
2026-09-02 01:58:00,4301.45,4304.26,4299.5,4299.86
2026-09-02 02:03:00,4299.86,4301.72,4297.39,4299.42
2026-09-02 02:08:00,4299.43,4301.24,4296.99,4299.11
2026-09-02 02:13:00,4299.15,4302.45,4297.28,4297.9
2026-09-02 02:18:00,4297.88,4299.7,4292.01,4294.19
2026-09-02 02:23:00,4294.16,4298.97,4289.48,4297.88
2026-09-02 02:28:00,4297.79,4297.83,4290.26,4290.73
2026-09-02 02:33:00,4290.72,4290.94,4282.46,4286.13
2026-09-02 02:38:00,4286.17,4291.84,4286.17,4286.75
2026-09-02 02:43:00,4286.76,4296.05,4285.38,4295.96
2026-09-02 02:48:00,4295.94,4300.2,4295.79,4299.2
2026-09-02 02:53:00,4299.14,4303.77,4298.36,4302.14
2026-09-02 02:58:00,4302.13,4304.15,4301.89,4302.91
2026-09-02 03:03:00,4302.96,4305.49,4302.18,4304.02
2026-09-02 03:08:00,4304.03,4306.75,4303.73,4305.13
2026-09-02 03:13:00,4304.97,4305.53,4303.58,4303.66
2026-09-02 03:18:00,4303.67,4304.76,4301.39,4303.17
2026-09-02 03:23:00,4303.04,4304.79,4302.14,4302.39
2026-09-02 03:28:00,4302.36,4307.58,4301.81,4307.57
2026-09-02 03:33:00,4307.57,4307.71,4304.15,4306.07
2026-09-02 03:38:00,4306.07,4306.53,4303.96,4304.78
2026-09-02 03:43:00,4304.84,4306.05,4302.72,4304.62
2026-09-02 03:48:00,4304.61,4306.86,4304.2,4305.67
2026-09-02 03:53:00,4305.67,4307.11,4305.51,4306.35
2026-09-02 03:58:00,4306.35,4308.21,4305.65,4306.27
2026-09-02 04:03:00,4306.29,4307.15,4304.28,4305.1
2026-09-02 04:08:00,4305.1,4309.12,4303.7,4309.12
2026-09-02 04:13:00,4308.99,4313.29,4308.05,4313.27
2026-09-02 04:18:00,4313.27,4313.89,4307.22,4307.56
2026-09-02 04:23:00,4307.58,4311.58,4306.83,4310.91
2026-09-02 04:28:00,4310.94,4323.97,4310.46,4322.25
2026-09-02 04:33:00,4322.29,4324.86,4319.02,4319.03
2026-09-02 04:38:00,4319.01,4322.79,4317.41,4320.42
2026-09-02 04:43:00,4320.44,4324.89,4320.16,4323.6
2026-09-02 04:48:00,4323.55,4326.44,4321.86,4322.15
2026-09-02 04:53:00,4322.18,4322.66,4319.53,4321.14
2026-09-02 04:58:00,4321.16,4322.48,4319.34,4321.82
2026-09-02 05:03:00,4321.82,4322.09,4317.6,4319.24
2026-09-02 05:08:00,4319.23,4324.58,4318.65,4324.51
2026-09-02 05:13:00,4324.52,4329.23,4321.95,4322.21
2026-09-02 05:18:00,4322.19,4326.8,4320.84,4322.99
2026-09-02 05:23:00,4323.18,4327.6,4322.3,4324.99
2026-09-02 05:28:00,4325.0,4325.62,4320.34,4321.27
2026-09-02 05:33:00,4321.33,4321.38,4316.86,4317.36
2026-09-02 05:38:00,4317.38,4326.43,4317.23,4325.19
2026-09-02 05:43:00,4325.1,4326.05,4319.63,4319.71
2026-09-02 05:48:00,4319.69,4320.77,4314.72,4316.33
2026-09-02 05:53:00,4316.34,4321.86,4315.24,4320.37
2026-09-02 05:58:00,4320.57,4324.32,4319.0,4322.23
2026-09-02 06:03:00,4322.2,4326.93,4319.19,4325.36
2026-09-02 06:08:00,4325.45,4331.09,4325.1,4329.79
2026-09-02 06:13:00,4329.86,4330.33,4325.55,4327.84
2026-09-02 06:18:00,4327.83,4328.59,4324.98,4327.87
2026-09-02 06:23:00,4327.86,4329.3,4325.17,4325.68
2026-09-02 06:28:00,4325.68,4330.14,4325.22,4329.35
2026-09-02 06:33:00,4329.36,4329.71,4326.3,4329.71
2026-09-02 06:38:00,4329.71,4331.35,4324.34,4324.92
2026-09-02 06:43:00,4324.95,4325.86,4321.96,4324.58
2026-09-02 06:48:00,4324.76,4324.89,4320.64,4321.47
2026-09-02 06:53:00,4321.48,4323.89,4320.87,4322.19
2026-09-02 06:58:00,4322.21,4325.94,4322.17,4323.62
2026-09-02 07:03:00,4323.64,4327.63,4322.62,4326.13
2026-09-02 07:08:00,4326.38,4331.71,4326.16,4327.27
2026-09-02 07:13:00,4327.19,4327.8,4324.73,4325.53
2026-09-02 07:18:00,4325.53,4327.57,4324.13,4326.0
2026-09-02 07:23:00,4326.01,4327.08,4323.23,4324.16
2026-09-02 07:28:00,4324.2,4325.86,4321.72,4322.23
2026-09-02 07:33:00,4322.2,4323.65,4319.58,4323.58
2026-09-02 07:38:00,4323.79,4326.76,4323.32,4323.53
2026-09-02 07:43:00,4323.53,4323.92,4319.73,4321.17
2026-09-02 07:48:00,4321.18,4322.61,4317.3,4317.67
2026-09-02 07:53:00,4317.65,4318.4,4313.32,4315.34
2026-09-02 07:58:00,4315.31,4316.61,4312.37,4315.75
2026-09-02 08:03:00,4315.48,4322.43,4314.84,4320.04
2026-09-02 08:08:00,4320.04,4320.26,4316.68,4316.94
2026-09-02 08:13:00,4316.93,4317.09,4313.21,4314.94
2026-09-02 08:18:00,4314.94,4315.35,4310.47,4310.56
2026-09-02 08:23:00,4310.57,4310.69,4305.04,4305.85
2026-09-02 08:28:00,4305.86,4310.51,4305.71,4309.82
2026-09-02 08:33:00,4309.63,4311.06,4307.97,4307.99
2026-09-02 08:38:00,4308.07,4311.86,4307.74,4311.08
2026-09-02 08:43:00,4311.07,4311.28,4309.05,4310.45
2026-09-02 08:48:00,4310.45,4311.49,4308.2,4308.47
2026-09-02 08:53:00,4308.47,4310.33,4307.97,4308.68
2026-09-02 08:58:00,4308.58,4309.65,4307.0,4307.14
2026-09-02 09:03:00,4307.18,4307.21,4302.01,4302.97
2026-09-02 09:08:00,4303.03,4304.92,4301.87,4303.96
2026-09-02 09:13:00,4303.96,4308.76,4303.79,4308.76
2026-09-02 09:18:00,4308.75,4312.32,4308.07,4311.56
2026-09-02 09:23:00,4311.44,4312.2,4309.64,4310.45
2026-09-02 09:28:00,4310.52,4311.35,4307.73,4307.78
2026-09-02 09:33:00,4307.78,4309.84,4307.64,4308.5
2026-09-02 09:38:00,4308.47,4310.14,4307.25,4308.4
2026-09-02 09:43:00,4308.47,4309.63,4308.18,4309.02
2026-09-02 09:48:00,4309.03,4310.44,4305.38,4305.74
2026-09-02 09:53:00,4305.68,4309.15,4305.3,4307.97
2026-09-02 09:58:00,4307.95,4312.05,4306.6,4310.31
2026-09-02 10:03:00,4310.31,4313.08,4308.08,4309.28
2026-09-02 10:08:00,4309.27,4316.08,4308.66,4316.08
2026-09-02 10:13:00,4316.08,4324.57,4315.27,4318.61
2026-09-02 10:18:00,4318.59,4319.71,4315.75,4317.18
2026-09-02 10:23:00,4317.18,4322.07,4316.38,4321.57
2026-09-02 10:28:00,4321.61,4326.56,4321.13,4326.48
2026-09-02 10:33:00,4326.48,4332.88,4325.93,4331.77
2026-09-02 10:38:00,4331.86,4332.93,4326.22,4326.74
2026-09-02 10:43:00,4326.72,4327.18,4323.55,4327.11
2026-09-02 10:48:00,4327.13,4327.35,4323.46,4326.91
2026-09-02 10:53:00,4326.91,4332.9,4326.46,4330.89
2026-09-02 10:58:00,4330.9,4334.23,4329.26,4329.35
2026-09-02 11:03:00,4329.37,4336.33,4329.1,4331.81
2026-09-02 11:08:00,4331.81,4334.7,4329.57,4329.94
2026-09-02 11:13:00,4329.96,4334.32,4329.96,4333.04
2026-09-02 11:18:00,4333.04,4344.21,4329.98,4337.06
2026-09-02 11:23:00,4337.0,4342.44,4334.4,4335.95
2026-09-02 11:28:00,4336.05,4337.69,4333.74,4334.43
2026-09-02 11:33:00,4334.64,4335.5,4327.42,4328.32
2026-09-02 11:38:00,4328.33,4334.95,4328.33,4333.7
2026-09-02 11:43:00,4333.69,4337.75,4331.82,4337.36
2026-09-02 11:48:00,4337.38,4339.31,4332.94,4333.29
2026-09-02 11:53:00,4333.3,4335.06,4330.62,4331.73
2026-09-02 11:58:00,4331.97,4341.45,4330.9,4339.93
2026-09-02 12:03:00,4339.9,4342.46,4337.55,4341.56
2026-09-02 12:08:00,4341.54,4344.49,4339.71,4339.73
2026-09-02 12:13:00,4339.73,4344.0,4336.65,4343.37
2026-09-02 12:18:00,4343.4,4345.49,4341.63,4345.17
2026-09-02 12:23:00,4345.2,4358.23,4345.11,4356.47
2026-09-02 12:28:00,4356.54,4367.44,4353.62,4364.07
2026-09-02 12:33:00,4364.08,4367.81,4360.66,4364.09
2026-09-02 12:38:00,4364.09,4373.04,4362.51,4373.04
2026-09-02 12:43:00,4373.06,4379.54,4372.62,4374.6
2026-09-02 12:48:00,4374.68,4377.54,4367.87,4376.96
2026-09-02 12:53:00,4376.97,4380.24,4371.92,4377.1
2026-09-02 12:58:00,4377.07,4385.63,4377.03,4384.23
2026-09-02 13:03:00,4384.09,4392.29,4381.71,4391.93
2026-09-02 13:08:00,4392.42,4397.58,4389.88,4390.61
2026-09-02 13:13:00,4390.65,4390.66,4386.06,4387.91
2026-09-02 13:18:00,4387.91,4397.3,4385.05,4390.34
2026-09-02 13:23:00,4390.37,4391.08,4385.39,4388.57
2026-09-02 13:28:00,4388.5,4390.45,4382.96,4386.73
2026-09-02 13:33:00,4386.73,4387.73,4383.14,4384.4
2026-09-02 13:38:00,4384.42,4385.95,4381.31,4384.2
2026-09-02 13:43:00,4384.23,4386.9,4380.16,4380.45
2026-09-02 13:48:00,4380.38,4382.23,4377.18,4378.41
2026-09-02 13:53:00,4378.42,4378.65,4375.37,4376.82
2026-09-02 13:58:00,4376.82,4377.14,4374.13,4376.95
2026-09-02 14:03:00,4376.94,4380.9,4375.27,4375.3
2026-09-02 14:08:00,4375.41,4378.16,4373.74,4375.53
2026-09-02 14:13:00,4375.51,4375.51,4370.04,4370.1
2026-09-02 14:18:00,4370.07,4370.54,4365.63,4369.16
2026-09-02 14:23:00,4369.13,4371.64,4367.22,4369.32
2026-09-02 14:28:00,4369.34,4374.49,4369.34,4373.45
2026-09-02 14:33:00,4373.28,4375.28,4368.41,4368.91
2026-09-02 14:38:00,4368.92,4372.2,4367.07,4367.53
2026-09-02 14:43:00,4367.53,4369.65,4364.18,4369.52
2026-09-02 14:48:00,4369.55,4369.65,4367.31,4369.4
2026-09-02 14:53:00,4369.35,4372.4,4368.03,4372.24
2026-09-02 14:58:00,4372.23,4374.87,4371.46,4373.69
2026-09-02 15:03:00,4373.68,4374.83,4368.9,4369.68
2026-09-02 15:08:00,4369.69,4371.97,4369.57,4371.69
2026-09-02 15:13:00,4371.67,4373.23,4367.91,4369.69
2026-09-02 15:18:00,4369.64,4371.06,4369.51,4370.89
2026-09-02 15:23:00,4370.91,4370.91,4368.65,4368.75
2026-09-02 15:28:00,4368.76,4370.51,4367.68,4368.87
2026-09-02 15:33:00,4369.02,4369.67,4367.04,4368.1
2026-09-02 15:38:00,4368.09,4368.98,4365.44,4365.66
2026-09-02 15:43:00,4365.75,4366.05,4364.53,4365.48
2026-09-02 15:48:00,4365.47,4368.65,4364.71,4367.94
2026-09-02 15:53:00,4367.8,4370.6,4367.66,4369.72
2026-09-02 15:58:00,4369.72,4370.1,4367.92,4368.84
2026-09-02 16:03:00,4368.83,4370.95,4367.89,4369.68
2026-09-02 16:08:00,4369.72,4371.08,4367.59,4369.03
2026-09-02 16:13:00,4369.09,4370.43,4364.99,4365.29
2026-09-02 16:18:00,4365.29,4366.65,4364.6,4365.75
2026-09-02 16:23:00,4365.76,4369.35,4365.74,4368.78
2026-09-02 16:28:00,4368.76,4371.58,4367.07,4368.47
2026-09-02 16:33:00,4368.46,4369.56,4367.62,4368.5
2026-09-02 16:38:00,4368.5,4372.97,4366.57,4371.88
2026-09-02 16:43:00,4371.88,4380.73,4371.73,4377.45
2026-09-02 16:48:00,4377.45,4378.11,4375.48,4376.52
2026-09-02 16:53:00,4376.53,4378.06,4375.41,4377.66
2026-09-02 16:58:00,4378.27,4378.55,4372.27,4373.9
2026-09-02 17:03:00,4373.9,4376.39,4373.9,4374.74
2026-09-02 17:08:00,4374.73,4374.73,4371.21,4371.43
2026-09-02 17:13:00,4371.45,4373.13,4369.29,4371.24
2026-09-02 17:18:00,4371.2,4379.72,4371.08,4374.14
2026-09-02 17:23:00,4374.14,4374.22,4372.0,4372.25
2026-09-02 17:28:00,4372.25,4376.18,4372.18,4375.87
2026-09-02 17:33:00,4375.88,4378.21,4375.36,4376.43
2026-09-02 17:38:00,4376.43,4376.86,4373.81,4373.94
2026-09-02 17:43:00,4373.93,4374.21,4372.56,4373.08
2026-09-02 17:48:00,4373.06,4375.78,4372.89,4375.27
2026-09-02 17:53:00,4375.27,4375.8,4373.79,4373.79
2026-09-02 17:58:00,4373.61,4374.8,4371.83,4373.39
2026-09-02 18:03:00,4373.39,4376.69,4373.39,4375.96
2026-09-02 18:08:00,4375.95,4380.31,4375.61,4379.33
2026-09-02 18:13:00,4379.29,4380.28,4378.28,4378.91
2026-09-02 18:18:00,4378.91,4380.05,4378.45,4379.87
2026-09-02 18:23:00,4379.86,4383.11,4379.51,4381.23
2026-09-02 18:28:00,4381.22,4382.99,4380.68,4382.69
2026-09-02 18:33:00,4382.64,4384.05,4381.19,4382.77
2026-09-02 18:38:00,4382.8,4385.34,4382.63,4384.75
2026-09-02 18:43:00,4384.75,4388.93,4384.71,4385.98
2026-09-02 18:48:00,4385.97,4389.76,4385.04,4388.81
2026-09-02 18:53:00,4388.81,4388.98,4385.93,4387.09
2026-09-02 18:58:00,4387.2,4391.51,4387.2,4389.35
2026-09-02 19:03:00,4389.36,4391.05,4388.62,4388.62
2026-09-02 19:08:00,4388.62,4389.05,4387.53,4387.53
2026-09-02 19:13:00,4387.49,4388.01,4384.16,4385.98
2026-09-02 19:18:00,4385.98,4385.98,4384.63,4385.08
2026-09-02 19:23:00,4385.1,4387.79,4385.04,4387.27
2026-09-02 19:28:00,4387.27,4387.86,4385.77,4387.78
2026-09-02 19:33:00,4387.83,4387.93,4386.91,4387.1
2026-09-02 19:38:00,4387.09,4389.06,4387.04,4388.82
2026-09-02 19:43:00,4388.82,4389.75,4387.49,4388.72
2026-09-02 19:48:00,4388.74,4390.65,4388.73,4390.43
2026-09-02 19:53:00,4390.43,4390.68,4387.4,4387.4
2026-09-02 19:58:00,4387.41,4393.31,4387.38,4391.49
2026-09-02 21:04:00,4391.49,4391.8,4390.4,4390.78
2026-09-02 21:09:00,4390.78,4391.51,4390.38,4391.24
2026-09-02 21:14:00,4391.2,4391.2,4387.98,4387.98
2026-09-02 21:19:00,4388.01,4389.54,4388.01,4389.45
2026-09-02 21:24:00,4389.51,4390.92,4389.12,4389.93
2026-09-02 21:29:00,4389.91,4389.98,4387.81,4388.93
2026-09-02 21:34:00,4388.93,4388.98,4387.41,4387.99
2026-09-02 21:39:00,4388.06,4388.14,4385.34,4385.97
2026-09-02 21:44:00,4386.1,4386.1,4383.56,4384.18
2026-09-02 21:49:00,4384.18,4385.22,4383.87,4384.3
2026-09-02 21:54:00,4384.3,4385.06,4384.24,4384.7
2026-09-02 21:59:00,4384.68,4385.96,4384.35,4384.43
2026-09-02 22:04:00,4384.46,4386.65,4384.46,4386.65
2026-09-02 22:09:00,4386.64,4386.82,4384.29,4384.29
2026-09-02 22:14:00,4384.31,4384.7,4382.45,4382.58
2026-09-02 22:19:00,4382.62,4383.12,4382.34,4382.48
2026-09-02 22:24:00,4382.48,4383.1,4382.36,4382.6
2026-09-02 22:29:00,4382.54,4383.79,4381.67,4382.55
2026-09-02 22:34:00,4382.62,4383.52,4381.09,4382.69
2026-09-02 22:39:00,4382.7,4385.04,4382.7,4384.36
2026-09-02 22:44:00,4384.31,4388.92,4384.1,4387.02
2026-09-02 22:49:00,4387.18,4387.77,4384.65,4384.9
2026-09-02 22:54:00,4384.9,4386.95,4384.6,4384.95
2026-09-02 22:59:00,4384.95,4388.01,4384.73,4387.87
2026-09-02 23:04:00,4387.87,4390.82,4385.66,4386.48
2026-09-02 23:09:00,4386.53,4392.55,4385.0,4390.72
2026-09-02 23:14:00,4390.7,4390.77,4385.33,4387.98
2026-09-02 23:19:00,4388.1,4388.7,4385.33,4387.44
2026-09-02 23:24:00,4387.7,4390.26,4386.15,4387.35
2026-09-02 23:29:00,4387.41,4387.9,4384.02,4384.02
2026-09-02 23:34:00,4384.11,4389.39,4382.58,4389.2
2026-09-02 23:39:00,4389.24,4389.77,4387.17,4387.31
2026-09-02 23:44:00,4387.31,4388.48,4385.8,4388.39
2026-09-02 23:49:00,4388.39,4393.93,4387.98,4391.63
2026-09-02 23:54:00,4391.63,4394.57,4389.39,4394.28
2026-09-02 23:59:00,4394.27,4397.44,4387.3,4391.53
2026-09-03 00:04:00,4391.76,4401.56,4391.6,4401.34
2026-09-03 00:09:00,4401.24,4409.32,4400.51,4403.79
2026-09-03 00:14:00,4403.86,4403.86,4396.82,4398.94
2026-09-03 00:19:00,4398.93,4402.92,4398.3,4399.23
2026-09-03 00:24:00,4399.26,4399.74,4394.07,4399.53
2026-09-03 00:29:00,4398.73,4409.14,4398.51,4406.17
2026-09-03 00:34:00,4406.17,4409.41,4404.99,4406.65
2026-09-03 00:39:00,4406.61,4408.47,4400.81,4400.92
2026-09-03 00:44:00,4400.91,4403.92,4400.27,4403.91
2026-09-03 00:49:00,4403.91,4408.32,4403.73,4406.93
2026-09-03 00:54:00,4406.93,4411.79,4405.57,4411.17
2026-09-03 00:59:00,4411.18,4415.44,4409.56,4413.51
2026-09-03 01:04:00,4413.52,4414.01,4409.87,4410.94
2026-09-03 01:09:00,4410.84,4413.43,4409.21,4410.84
2026-09-03 01:14:00,4410.93,4413.37,4409.34,4410.44
2026-09-03 01:19:00,4410.44,4412.58,4406.86,4408.25
2026-09-03 01:24:00,4408.3,4410.61,4407.82,4410.5
2026-09-03 01:29:00,4410.52,4417.37,4409.51,4415.74
2026-09-03 01:34:00,4415.74,4418.12,4414.1,4417.54
2026-09-03 01:39:00,4417.52,4417.78,4413.67,4414.84
2026-09-03 01:44:00,4414.78,4415.8,4411.61,4413.4
2026-09-03 01:49:00,4413.43,4418.92,4413.43,4418.31
2026-09-03 01:54:00,4418.31,4420.57,4418.26,4419.71
2026-09-03 01:59:00,4419.74,4423.04,4419.5,4422.74
2026-09-03 02:04:00,4422.69,4426.2,4422.39,4425.27
2026-09-03 02:09:00,4425.27,4430.11,4424.05,4428.61
2026-09-03 02:14:00,4428.7,4430.45,4425.6,4426.75
2026-09-03 02:19:00,4426.75,4427.21,4424.71,4425.53
2026-09-03 02:24:00,4425.53,4429.28,4425.13,4429.24
2026-09-03 02:29:00,4429.22,4432.21,4429.22,4431.5
2026-09-03 02:34:00,4431.48,4432.23,4429.5,4430.47
2026-09-03 02:39:00,4430.47,4430.75,4427.63,4427.63
2026-09-03 02:44:00,4427.62,4427.9,4425.5,4426.84
2026-09-03 02:49:00,4426.83,4430.68,4426.25,4429.24
2026-09-03 02:54:00,4429.24,4432.6,4428.36,4431.61
2026-09-03 02:59:00,4431.64,4431.8,4427.11,4427.83
2026-09-03 03:04:00,4427.83,4433.15,4425.59,4432.78
2026-09-03 03:09:00,4432.75,4435.81,4431.86,4432.11
2026-09-03 03:14:00,4432.13,4432.15,4430.07,4431.33
2026-09-03 03:19:00,4431.38,4432.93,4430.35,4432.8
2026-09-03 03:24:00,4432.8,4436.89,4432.79,4435.17
2026-09-03 03:29:00,4435.23,4437.29,4435.12,4436.73
2026-09-03 03:34:00,4436.72,4438.1,4435.94,4437.9
2026-09-03 03:39:00,4437.87,4438.4,4436.74,4438.11
2026-09-03 03:44:00,4438.08,4438.39,4436.53,4436.53
2026-09-03 03:49:00,4436.5,4436.74,4435.5,4435.51
2026-09-03 03:54:00,4435.51,4437.4,4434.13,4436.82
2026-09-03 03:59:00,4436.83,4440.24,4436.23,4437.11
2026-09-03 04:04:00,4437.08,4437.36,4431.75,4432.19
2026-09-03 04:09:00,4432.16,4432.71,4430.22,4430.38
2026-09-03 04:14:00,4430.38,4430.81,4427.2,4429.19
2026-09-03 04:19:00,4429.19,4429.54,4422.81,4423.63
2026-09-03 04:24:00,4423.57,4426.84,4423.04,4425.32
2026-09-03 04:29:00,4425.22,4431.18,4422.61,4431.06
2026-09-03 04:34:00,4431.06,4432.6,4425.6,4428.56
2026-09-03 04:39:00,4428.53,4431.02,4425.82,4429.94
2026-09-03 04:44:00,4429.91,4435.95,4428.52,4435.92
2026-09-03 04:49:00,4435.79,4439.27,4434.16,4434.69
2026-09-03 04:54:00,4434.67,4436.48,4431.1,4432.57
2026-09-03 04:59:00,4432.53,4433.91,4429.01,4429.27
2026-09-03 05:04:00,4429.26,4436.25,4428.67,4434.25
2026-09-03 05:09:00,4434.12,4434.12,4425.85,4427.68
2026-09-03 05:14:00,4427.69,4430.68,4426.08,4426.92
2026-09-03 05:19:00,4426.73,4427.38,4420.65,4422.5
2026-09-03 05:24:00,4422.68,4423.93,4418.88,4420.24
2026-09-03 05:29:00,4420.28,4423.05,4420.28,4422.1
2026-09-03 05:34:00,4422.25,4425.9,4421.5,4425.3
2026-09-03 05:39:00,4425.3,4426.13,4422.53,4425.54
2026-09-03 05:44:00,4425.54,4428.8,4424.88,4426.79
2026-09-03 05:49:00,4426.79,4426.86,4423.1,4423.64
2026-09-03 05:54:00,4423.63,4424.03,4421.29,4421.4
2026-09-03 05:59:00,4421.38,4428.38,4419.17,4426.29
2026-09-03 06:04:00,4426.22,4431.55,4423.8,4424.01
2026-09-03 06:09:00,4424.02,4426.18,4421.82,4422.62
2026-09-03 06:14:00,4422.7,4425.86,4421.71,4425.68
2026-09-03 06:19:00,4425.83,4430.01,4424.57,4429.92
2026-09-03 06:24:00,4429.95,4430.24,4425.41,4427.4
2026-09-03 06:29:00,4427.41,4428.52,4426.3,4427.31
2026-09-03 06:34:00,4427.31,4430.66,4423.64,4427.82
2026-09-03 06:39:00,4427.83,4430.73,4426.68,4428.18
2026-09-03 06:44:00,4428.18,4428.78,4424.3,4425.61
2026-09-03 06:49:00,4425.61,4429.17,4424.83,4428.75
2026-09-03 06:54:00,4428.74,4431.04,4428.19,4429.29
2026-09-03 06:59:00,4429.28,4438.63,4428.15,4438.6
2026-09-03 07:04:00,4438.6,4443.7,4434.81,4439.7
2026-09-03 07:09:00,4439.68,4439.71,4431.5,4431.72
2026-09-03 07:14:00,4431.66,4436.62,4430.84,4435.69
2026-09-03 07:19:00,4435.99,4439.67,4435.19,4436.0
2026-09-03 07:24:00,4436.01,4438.92,4435.15,4435.94
2026-09-03 07:29:00,4435.88,4438.91,4435.86,4438.88
2026-09-03 07:34:00,4438.86,4439.72,4435.59,4436.18
2026-09-03 07:39:00,4436.14,4436.65,4431.52,4434.16
2026-09-03 07:44:00,4434.3,4440.01,4433.49,4438.74
2026-09-03 07:49:00,4438.78,4439.13,4434.35,4435.3
2026-09-03 07:54:00,4435.34,4437.61,4434.07,4436.67
2026-09-03 07:59:00,4436.61,4437.81,4434.2,4435.36
2026-09-03 08:04:00,4435.36,4442.03,4435.19,4440.66
2026-09-03 08:09:00,4440.87,4440.88,4437.91,4439.62
2026-09-03 08:14:00,4439.64,4439.74,4435.93,4437.31
2026-09-03 08:19:00,4437.36,4437.37,4432.22,4432.87
2026-09-03 08:24:00,4432.84,4435.76,4432.24,4434.91
2026-09-03 08:29:00,4434.9,4437.98,4433.75,4437.52
2026-09-03 08:34:00,4437.52,4438.1,4431.03,4431.5
2026-09-03 08:39:00,4431.51,4434.29,4430.73,4431.79
2026-09-03 08:44:00,4431.79,4431.79,4427.41,4429.36
2026-09-03 08:49:00,4429.36,4430.58,4426.7,4427.08
2026-09-03 08:54:00,4427.08,4429.27,4425.66,4427.18
2026-09-03 08:59:00,4427.2,4428.47,4425.51,4427.07
2026-09-03 09:04:00,4427.1,4429.91,4426.28,4426.63
2026-09-03 09:09:00,4426.63,4426.67,4423.15,4424.15
2026-09-03 09:14:00,4424.14,4425.73,4422.77,4423.64
2026-09-03 09:19:00,4423.65,4423.79,4420.86,4421.23
2026-09-03 09:24:00,4421.24,4424.12,4418.53,4421.96
2026-09-03 09:29:00,4421.91,4424.19,4420.06,4423.4
2026-09-03 09:34:00,4423.45,4424.91,4422.09,4423.54
2026-09-03 09:39:00,4423.53,4426.42,4423.16,4425.71
2026-09-03 09:44:00,4425.71,4426.67,4424.25,4425.19
2026-09-03 09:49:00,4425.2,4428.16,4424.2,4427.73
2026-09-03 09:54:00,4427.66,4428.57,4426.97,4427.83
2026-09-03 09:59:00,4427.85,4429.19,4425.1,4426.38
2026-09-03 10:04:00,4426.14,4430.07,4425.61,4429.47
2026-09-03 10:09:00,4429.46,4432.7,4429.29,4431.38
2026-09-03 10:14:00,4431.41,4437.79,4431.2,4435.13
2026-09-03 10:19:00,4435.11,4435.26,4430.89,4431.05
2026-09-03 10:24:00,4431.17,4435.29,4430.41,4433.24
2026-09-03 10:29:00,4433.24,4435.53,4426.22,4433.95
2026-09-03 10:34:00,4433.95,4436.91,4433.88,4436.0
2026-09-03 10:39:00,4436.01,4439.35,4435.64,4439.16
2026-09-03 10:44:00,4439.18,4440.74,4436.68,4438.16
2026-09-03 10:49:00,4438.18,4441.82,4437.65,4439.4
2026-09-03 10:54:00,4439.41,4445.42,4439.41,4443.98
2026-09-03 10:59:00,4443.98,4448.23,4441.25,4447.28
2026-09-03 11:04:00,4447.28,4449.01,4445.11,4446.48
2026-09-03 11:09:00,4446.49,4450.2,4443.34,4444.55
2026-09-03 11:14:00,4444.5,4444.88,4440.88,4442.74
2026-09-03 11:19:00,4442.72,4446.05,4437.93,4446.05
2026-09-03 11:24:00,4446.05,4449.19,4446.05,4447.43
2026-09-03 11:29:00,4447.43,4469.91,4445.29,4468.23
2026-09-03 11:34:00,4468.23,4478.82,4459.92,4478.41
2026-09-03 11:39:00,4478.27,4478.36,4464.97,4467.71
2026-09-03 11:44:00,4467.76,4479.55,4465.67,4478.88
2026-09-03 11:49:00,4478.39,4487.97,4477.74,4487.33
2026-09-03 11:54:00,4487.34,4495.3,4487.17,4494.58
2026-09-03 11:59:00,4494.03,4495.91,4488.36,4494.48
2026-09-03 12:04:00,4494.45,4494.46,4485.95,4490.99
2026-09-03 12:09:00,4490.98,4490.98,4484.82,4485.59
2026-09-03 12:14:00,4485.59,4487.9,4479.34,4481.43
2026-09-03 12:19:00,4481.44,4484.61,4478.54,4482.39
2026-09-03 12:24:00,4482.35,4484.04,4477.09,4478.38
2026-09-03 12:29:00,4478.39,4482.39,4474.35,4481.47
2026-09-03 12:34:00,4481.63,4481.95,4472.68,4474.48
2026-09-03 12:39:00,4474.4,4476.87,4468.95,4469.25
2026-09-03 12:44:00,4469.24,4470.49,4457.88,4458.14
2026-09-03 12:49:00,4458.4,4464.77,4456.87,4461.78
2026-09-03 12:54:00,4461.71,4467.81,4459.91,4466.08
2026-09-03 12:59:00,4466.13,4471.02,4457.41,4467.81
2026-09-03 13:04:00,4467.82,4472.97,4464.48,4465.54
2026-09-03 13:09:00,4465.51,4469.93,4461.5,4468.04
2026-09-03 13:14:00,4468.02,4476.51,4464.61,4474.8
2026-09-03 13:19:00,4474.52,4480.78,4472.06,4476.45
2026-09-03 13:24:00,4476.7,4478.49,4470.82,4473.68
2026-09-03 13:29:00,4473.69,4479.77,4472.63,4472.66
2026-09-03 13:34:00,4472.7,4474.11,4468.51,4473.78
2026-09-03 13:39:00,4473.78,4474.75,4466.23,4474.72
2026-09-03 13:44:00,4474.77,4480.05,4472.76,4475.32
2026-09-03 13:49:00,4475.31,4479.38,4473.27,4476.19
2026-09-03 13:54:00,4476.13,4483.01,4470.6,4482.34
2026-09-03 13:59:00,4482.14,4494.87,4481.76,4494.58
2026-09-03 14:04:00,4494.6,4504.01,4494.24,4501.7
2026-09-03 14:09:00,4501.72,4502.27,4495.45,4497.88
2026-09-03 14:14:00,4497.96,4507.86,4497.86,4507.5
2026-09-03 14:19:00,4507.67,4510.86,4503.91,4506.96
2026-09-03 14:24:00,4506.96,4508.85,4504.17,4505.13
2026-09-03 14:29:00,4505.14,4509.76,4500.3,4500.59
2026-09-03 14:34:00,4500.6,4504.92,4497.75,4497.75
2026-09-03 14:39:00,4497.77,4498.53,4495.45,4496.27
2026-09-03 14:44:00,4496.31,4496.79,4488.62,4488.95
2026-09-03 14:49:00,4488.95,4491.77,4487.52,4491.63
2026-09-03 14:54:00,4491.63,4492.19,4486.24,4491.29
2026-09-03 14:59:00,4491.28,4493.58,4490.43,4492.1
2026-09-03 15:04:00,4492.1,4493.23,4487.74,4492.38
2026-09-03 15:09:00,4492.41,4495.44,4491.93,4492.8
2026-09-03 15:14:00,4492.83,4494.83,4491.45,4491.93
2026-09-03 15:19:00,4492.01,4494.32,4491.1,4492.98
2026-09-03 15:24:00,4493.13,4494.48,4490.65,4493.33
2026-09-03 15:29:00,4493.28,4495.61,4489.48,4492.03
2026-09-03 15:34:00,4492.04,4492.04,4490.02,4491.83
2026-09-03 15:39:00,4491.94,4491.94,4486.78,4487.51
2026-09-03 15:44:00,4487.58,4491.13,4487.33,4487.5
2026-09-03 15:49:00,4487.52,4490.31,4485.61,4487.21
2026-09-03 15:54:00,4487.2,4488.74,4486.68,4486.75
2026-09-03 15:59:00,4486.75,4487.62,4483.36,4484.64
2026-09-03 16:04:00,4484.64,4488.88,4484.62,4486.27
2026-09-03 16:09:00,4486.28,4487.75,4485.86,4486.88
2026-09-03 16:14:00,4486.88,4488.46,4485.26,4487.19
2026-09-03 16:19:00,4487.19,4491.47,4486.84,4491.13
2026-09-03 16:24:00,4490.97,4492.3,4489.89,4491.01
2026-09-03 16:29:00,4490.92,4494.06,4490.92,4491.66
2026-09-03 16:34:00,4491.66,4494.12,4491.62,4493.35
2026-09-03 16:39:00,4493.51,4494.01,4491.92,4492.57
2026-09-03 16:44:00,4492.54,4494.74,4491.35,4491.7
2026-09-03 16:49:00,4491.7,4491.97,4488.44,4490.38
2026-09-03 16:54:00,4490.28,4490.65,4487.76,4488.5
2026-09-03 16:59:00,4488.49,4489.81,4486.69,4488.42
2026-09-03 17:04:00,4488.42,4489.57,4484.67,4486.5
2026-09-03 17:09:00,4486.52,4489.17,4484.93,4485.95
2026-09-03 17:14:00,4485.95,4486.41,4484.01,4486.11
2026-09-03 17:19:00,4486.12,4488.12,4483.05,4483.07
2026-09-03 17:24:00,4483.07,4484.6,4480.97,4481.2
2026-09-03 17:29:00,4481.2,4481.44,4476.0,4478.0
2026-09-03 17:34:00,4477.98,4482.84,4477.83,4481.91
2026-09-03 17:39:00,4481.91,4482.77,4481.28,4481.85
2026-09-03 17:44:00,4481.86,4482.77,4478.04,4478.04
2026-09-03 17:49:00,4478.04,4479.31,4476.25,4476.28
2026-09-03 17:54:00,4476.3,4476.39,4474.14,4475.23
2026-09-03 17:59:00,4475.23,4476.49,4473.97,4474.98
2026-09-03 18:04:00,4475.02,4476.36,4474.25,4474.44
2026-09-03 18:09:00,4474.5,4476.97,4473.0,4473.0
2026-09-03 18:14:00,4473.1,4476.57,4473.0,4476.48
2026-09-03 18:19:00,4476.46,4476.71,4474.18,4474.82
2026-09-03 18:24:00,4474.82,4475.93,4472.7,4474.98
2026-09-03 18:29:00,4474.94,4477.68,4474.84,4475.4
2026-09-03 18:34:00,4475.43,4476.2,4474.12,4475.91
2026-09-03 18:39:00,4475.91,4478.84,4474.23,4477.95
2026-09-03 18:44:00,4477.93,4480.85,4477.27,4480.11
2026-09-03 18:49:00,4480.11,4480.34,4476.69,4477.01
2026-09-03 18:54:00,4477.01,4478.64,4474.29,4474.4
2026-09-03 18:59:00,4474.48,4475.64,4471.79,4471.81
2026-09-03 19:04:00,4471.73,4473.56,4471.63,4473.55
2026-09-03 19:09:00,4473.55,4473.66,4471.71,4472.45
2026-09-03 19:14:00,4472.41,4472.49,4470.47,4471.28
2026-09-03 19:19:00,4471.24,4471.4,4470.67,4471.28
2026-09-03 19:24:00,4471.28,4472.49,4470.66,4472.1
2026-09-03 19:29:00,4472.11,4472.55,4471.38,4472.18
2026-09-03 19:34:00,4472.12,4472.71,4471.03,4471.6
2026-09-03 19:39:00,4471.59,4472.79,4471.02,4472.7
2026-09-03 19:44:00,4472.74,4472.97,4471.73,4472.84
2026-09-03 19:49:00,4472.87,4474.01,4472.6,4473.03
2026-09-03 19:54:00,4472.93,4473.87,4472.85,4473.04
2026-09-03 21:00:00,4468.2,4477.37,4468.2,4476.44
2026-09-03 21:05:00,4476.38,4477.3,4475.47,4475.84
2026-09-03 21:10:00,4475.91,4478.43,4474.5,4478.28
2026-09-03 21:15:00,4478.28,4478.82,4476.2,4476.69
2026-09-03 21:20:00,4476.65,4476.82,4474.89,4474.99
2026-09-03 21:25:00,4475.02,4475.74,4474.24,4475.02
2026-09-03 21:30:00,4475.01,4476.6,4474.2,4474.88
2026-09-03 21:35:00,4474.88,4474.96,4472.8,4472.82
2026-09-03 21:40:00,4472.86,4476.41,4472.8,4473.9
2026-09-03 21:45:00,4473.93,4474.95,4471.45,4474.42
2026-09-03 21:50:00,4474.4,4475.87,4472.1,4474.55
2026-09-03 21:55:00,4474.59,4475.25,4473.67,4474.54
2026-09-03 22:00:00,4474.48,4476.72,4474.33,4476.59
2026-09-03 22:05:00,4476.59,4477.58,4472.45,4475.88
2026-09-03 22:10:00,4475.91,4476.2,4473.94,4474.26
2026-09-03 22:15:00,4474.26,4475.13,4471.71,4473.46
2026-09-03 22:20:00,4473.46,4473.46,4472.09,4472.33
2026-09-03 22:25:00,4472.36,4474.58,4472.3,4473.87
2026-09-03 22:30:00,4473.87,4476.13,4473.59,4474.87
2026-09-03 22:35:00,4474.88,4478.3,4474.82,4477.89
2026-09-03 22:40:00,4477.89,4478.35,4476.65,4477.42
2026-09-03 22:45:00,4477.38,4477.38,4474.98,4475.04
2026-09-03 22:50:00,4475.12,4479.52,4475.02,4477.21
2026-09-03 22:55:00,4477.23,4480.33,4477.23,4480.1
2026-09-03 23:00:00,4480.12,4481.01,4478.25,4481.01
2026-09-03 23:05:00,4481.05,4483.1,4479.73,4480.1
2026-09-03 23:10:00,4480.1,4483.29,4479.56,4480.9
2026-09-03 23:15:00,4480.78,4481.03,4476.55,4477.11
2026-09-03 23:20:00,4477.11,4479.79,4476.42,4477.86
2026-09-03 23:25:00,4477.84,4477.84,4474.3,4474.59
2026-09-03 23:30:00,4474.62,4479.49,4472.85,4479.36
2026-09-03 23:35:00,4479.36,4479.55,4476.22,4476.31
2026-09-03 23:40:00,4476.34,4482.22,4475.87,4482.22
2026-09-03 23:45:00,4482.2,4485.07,4481.44,4481.44
2026-09-03 23:50:00,4481.27,4484.29,4480.77,4482.02
2026-09-03 23:55:00,4482.31,4487.13,4481.73,4486.41
2026-09-04 00:00:00,4486.51,4487.23,4478.05,4478.17
2026-09-04 00:05:00,4477.98,4480.05,4475.18,4477.93
2026-09-04 00:10:00,4477.93,4482.97,4474.51,4474.93
2026-09-04 00:15:00,4474.7,4478.96,4474.49,4475.86
2026-09-04 00:20:00,4475.86,4478.92,4474.53,4474.83
2026-09-04 00:25:00,4474.82,4475.94,4468.04,4470.99
2026-09-04 00:30:00,4471.04,4472.98,4469.19,4469.82
2026-09-04 00:35:00,4469.82,4476.79,4468.17,4473.46
2026-09-04 00:40:00,4473.5,4476.89,4471.08,4473.97
2026-09-04 00:45:00,4473.98,4473.98,4467.08,4468.81
2026-09-04 00:50:00,4468.8,4473.92,4468.16,4473.59
2026-09-04 00:55:00,4473.59,4480.57,4473.56,4478.95
2026-09-04 01:00:00,4478.95,4482.64,4478.51,4480.76
2026-09-04 01:05:00,4480.66,4480.86,4477.76,4478.74
2026-09-04 01:10:00,4478.78,4480.31,4477.19,4479.43
2026-09-04 01:15:00,4479.39,4480.32,4477.16,4478.57
2026-09-04 01:20:00,4478.6,4478.61,4473.98,4477.07
2026-09-04 01:25:00,4477.14,4477.64,4471.7,4473.96
2026-09-04 01:30:00,4473.98,4476.06,4471.01,4471.03
2026-09-04 01:35:00,4471.04,4477.33,4470.38,4476.55
2026-09-04 01:40:00,4476.68,4477.34,4470.95,4470.95
2026-09-04 01:45:00,4470.95,4476.08,4470.3,4476.01
2026-09-04 01:50:00,4476.02,4479.54,4475.38,4479.54
2026-09-04 01:55:00,4479.55,4480.95,4475.98,4477.49
2026-09-04 02:00:00,4477.53,4478.7,4475.76,4476.17
2026-09-04 02:05:00,4476.17,4476.18,4471.6,4472.04
2026-09-04 02:10:00,4471.89,4473.58,4470.33,4473.43
2026-09-04 02:15:00,4473.43,4474.26,4471.52,4473.01
2026-09-04 02:20:00,4473.01,4474.67,4472.11,4473.79
2026-09-04 02:25:00,4473.78,4474.5,4471.92,4472.52
2026-09-04 02:30:00,4472.52,4475.32,4472.28,4474.85
2026-09-04 02:35:00,4474.85,4475.0,4472.62,4472.91
2026-09-04 02:40:00,4472.92,4473.25,4469.21,4469.41
2026-09-04 02:45:00,4469.38,4470.13,4469.07,4469.37
2026-09-04 02:50:00,4469.35,4470.17,4467.69,4469.56
2026-09-04 02:55:00,4469.56,4469.96,4467.1,4467.1
2026-09-04 03:00:00,4467.1,4469.34,4465.59,4468.93
2026-09-04 03:05:00,4468.93,4469.85,4467.38,4468.19
2026-09-04 03:10:00,4468.2,4470.1,4467.64,4469.33
2026-09-04 03:15:00,4469.33,4469.73,4468.47,4469.63
2026-09-04 03:20:00,4469.47,4470.46,4468.74,4470.2
2026-09-04 03:25:00,4470.21,4472.45,4469.07,4471.69
2026-09-04 03:30:00,4471.7,4474.75,4471.69,4472.35
2026-09-04 03:35:00,4472.35,4474.89,4471.93,4474.43
2026-09-04 03:40:00,4474.37,4474.88,4473.51,4474.31
2026-09-04 03:45:00,4473.85,4474.51,4472.81,4473.41
2026-09-04 03:50:00,4473.49,4475.02,4473.49,4474.41
2026-09-04 03:55:00,4474.45,4474.65,4473.74,4473.8
2026-09-04 04:00:00,4473.79,4474.62,4470.87,4470.87
2026-09-04 04:05:00,4470.86,4472.0,4468.55,4469.25
2026-09-04 04:10:00,4469.25,4469.65,4467.52,4469.51
2026-09-04 04:15:00,4469.48,4475.29,4468.85,4473.95
2026-09-04 04:20:00,4473.94,4474.28,4470.31,4471.06
2026-09-04 04:25:00,4471.14,4471.33,4467.55,4467.6
2026-09-04 04:30:00,4467.59,4475.05,4466.88,4473.2
2026-09-04 04:35:00,4473.16,4476.94,4469.24,4476.43
2026-09-04 04:40:00,4476.5,4477.66,4470.56,4471.18
2026-09-04 04:45:00,4471.14,4472.88,4470.68,4470.78
2026-09-04 04:50:00,4470.54,4470.6,4467.26,4467.54
2026-09-04 04:55:00,4467.54,4472.2,4467.28,4472.05
2026-09-04 05:00:00,4472.11,4473.42,4469.11,4470.87
2026-09-04 05:05:00,4470.86,4471.93,4468.06,4469.6
2026-09-04 05:10:00,4469.56,4471.65,4466.65,4468.94
2026-09-04 05:15:00,4468.94,4469.34,4467.28,4468.9
2026-09-04 05:20:00,4468.89,4471.63,4466.76,4468.04
2026-09-04 05:25:00,4468.02,4471.88,4467.9,4468.93
2026-09-04 05:30:00,4468.89,4469.81,4464.59,4464.92
2026-09-04 05:35:00,4464.93,4466.52,4463.09,4466.28
2026-09-04 05:40:00,4466.24,4468.61,4464.14,4464.28
2026-09-04 05:45:00,4464.23,4464.34,4461.56,4461.81
2026-09-04 05:50:00,4461.81,4464.51,4461.43,4462.64
2026-09-04 05:55:00,4462.64,4463.52,4460.26,4463.07
2026-09-04 06:00:00,4462.98,4467.71,4461.63,4466.48
2026-09-04 06:05:00,4466.53,4469.2,4465.08,4468.67
2026-09-04 06:10:00,4468.68,4471.39,4467.89,4467.9
2026-09-04 06:15:00,4467.9,4469.0,4466.69,4468.9
2026-09-04 06:20:00,4469.05,4469.95,4466.91,4469.67
2026-09-04 06:25:00,4469.68,4472.85,4468.18,4472.75
2026-09-04 06:30:00,4472.79,4475.51,4472.77,4474.94
2026-09-04 06:35:00,4474.93,4476.49,4474.31,4475.21
2026-09-04 06:40:00,4475.22,4486.3,4474.81,4485.82
2026-09-04 06:45:00,4485.82,4490.76,4484.77,4488.12
2026-09-04 06:50:00,4488.13,4488.15,4482.66,4484.73
2026-09-04 06:55:00,4484.73,4486.26,4481.51,4483.54
2026-09-04 07:00:00,4483.43,4486.51,4483.29,4483.81
2026-09-04 07:05:00,4483.81,4483.92,4480.57,4480.96
2026-09-04 07:10:00,4480.96,4483.96,4479.4,4482.09
2026-09-04 07:15:00,4482.03,4484.1,4481.3,4482.62
2026-09-04 07:20:00,4482.65,4484.1,4480.11,4480.23
2026-09-04 07:25:00,4480.23,4482.42,4479.63,4481.0
2026-09-04 07:30:00,4481.02,4482.5,4478.07,4480.71
2026-09-04 07:35:00,4480.94,4481.53,4477.72,4478.57
2026-09-04 07:40:00,4478.54,4479.1,4477.47,4477.6
2026-09-04 07:45:00,4477.49,4478.58,4474.8,4474.92
2026-09-04 07:50:00,4474.91,4477.38,4474.49,4476.78
2026-09-04 07:55:00,4476.78,4479.75,4476.71,4477.84
2026-09-04 08:00:00,4477.84,4479.22,4476.47,4478.29
2026-09-04 08:05:00,4478.27,4478.33,4473.92,4475.07
2026-09-04 08:10:00,4475.09,4475.1,4469.07,4470.08
2026-09-04 08:15:00,4470.08,4470.67,4466.87,4466.97
2026-09-04 08:20:00,4466.9,4467.47,4464.03,4464.54
2026-09-04 08:25:00,4464.55,4466.7,4463.8,4466.7
2026-09-04 08:30:00,4466.69,4470.22,4464.52,4467.14
2026-09-04 08:35:00,4467.15,4469.75,4466.51,4467.87
2026-09-04 08:40:00,4467.88,4468.5,4465.87,4467.3
2026-09-04 08:45:00,4467.45,4469.69,4467.44,4469.22
2026-09-04 08:50:00,4469.23,4469.63,4467.17,4467.2
2026-09-04 08:55:00,4467.16,4469.7,4465.57,4465.63
2026-09-04 09:00:00,4465.47,4470.18,4465.47,4469.51
2026-09-04 09:05:00,4469.52,4470.88,4468.79,4470.65
2026-09-04 09:10:00,4470.64,4473.25,4469.02,4472.82
2026-09-04 09:15:00,4472.82,4473.38,4471.19,4471.88
2026-09-04 09:20:00,4471.93,4472.01,4468.2,4468.39
2026-09-04 09:25:00,4468.42,4473.47,4468.4,4471.21
2026-09-04 09:30:00,4471.22,4475.19,4470.85,4473.26
2026-09-04 09:35:00,4473.26,4473.49,4470.06,4473.4
2026-09-04 09:40:00,4473.51,4474.12,4472.63,4473.59
2026-09-04 09:45:00,4473.59,4476.41,4473.56,4474.84
2026-09-04 09:50:00,4474.96,4475.89,4473.57,4474.76
2026-09-04 09:55:00,4474.76,4475.11,4472.87,4472.93
2026-09-04 10:00:00,4472.99,4473.35,4470.43,4471.98
2026-09-04 10:05:00,4472.01,4472.23,4469.5,4470.81
2026-09-04 10:10:00,4470.76,4471.36,4469.65,4470.31
2026-09-04 10:15:00,4470.31,4470.69,4466.39,4466.82
2026-09-04 10:20:00,4466.82,4470.81,4466.72,4468.9
2026-09-04 10:25:00,4468.72,4468.72,4465.46,4465.69
2026-09-04 10:30:00,4465.69,4468.37,4465.36,4465.99
2026-09-04 10:35:00,4466.03,4469.57,4466.03,4468.23
2026-09-04 10:40:00,4468.23,4470.35,4466.03,4468.23
2026-09-04 10:45:00,4468.23,4470.48,4467.27,4467.54
2026-09-04 10:50:00,4467.51,4470.63,4467.22,4469.04
2026-09-04 10:55:00,4469.04,4469.93,4465.25,4466.97
2026-09-04 11:00:00,4467.5,4469.44,4464.92,4468.98
2026-09-04 11:05:00,4468.95,4470.45,4466.93,4467.39
2026-09-04 11:10:00,4467.39,4468.99,4464.58,4464.82
2026-09-04 11:15:00,4464.75,4468.24,4464.53,4467.92
2026-09-04 11:20:00,4468.05,4470.22,4464.51,4468.16
2026-09-04 11:25:00,4468.13,4476.25,4467.48,4471.39
2026-09-04 11:30:00,4469.5,4470.85,4376.76,4394.9
2026-09-04 11:35:00,4394.95,4398.74,4383.1,4391.95
2026-09-04 11:40:00,4391.84,4406.55,4387.3,4394.01
2026-09-04 11:45:00,4393.97,4397.62,4380.16,4397.25
2026-09-04 11:50:00,4397.25,4409.96,4395.43,4406.01
2026-09-04 11:55:00,4405.73,4409.02,4392.54,4393.89
2026-09-04 12:00:00,4394.03,4394.13,4365.72,4379.3
2026-09-04 12:05:00,4379.3,4390.13,4375.99,4388.15
2026-09-04 12:10:00,4388.15,4394.36,4382.34,4394.31
2026-09-04 12:15:00,4394.31,4400.04,4391.54,4398.82
2026-09-04 12:20:00,4398.87,4407.07,4397.12,4405.29
2026-09-04 12:25:00,4405.19,4414.6,4404.29,4412.65
2026-09-04 12:30:00,4412.64,4420.68,4412.14,4414.01
2026-09-04 12:35:00,4413.95,4417.77,4405.34,4407.38
2026-09-04 12:40:00,4407.64,4424.13,4407.28,4423.78
2026-09-04 12:45:00,4423.75,4434.76,4418.53,4429.87
2026-09-04 12:50:00,4429.92,4431.5,4421.19,4422.57
2026-09-04 12:55:00,4422.65,4426.88,4413.09,4413.09
2026-09-04 13:00:00,4413.55,4420.73,4412.03,4420.73
2026-09-04 13:05:00,4420.77,4427.27,4416.11,4423.98
2026-09-04 13:10:00,4423.49,4435.08,4419.28,4434.06
2026-09-04 13:15:00,4433.92,4436.99,4429.02,4432.38
2026-09-04 13:20:00,4432.38,4435.58,4426.73,4430.72
2026-09-04 13:25:00,4430.77,4437.35,4428.95,4429.12
2026-09-04 13:30:00,4429.14,4439.9,4429.12,4439.61
2026-09-04 13:35:00,4439.63,4442.37,4428.62,4429.64
2026-09-04 13:40:00,4429.64,4432.53,4425.49,4428.9
2026-09-04 13:45:00,4428.96,4432.07,4422.78,4428.1
2026-09-04 13:50:00,4428.09,4428.81,4417.5,4417.73
2026-09-04 13:55:00,4417.77,4429.93,4417.3,4427.55
2026-09-04 14:00:00,4427.76,4430.79,4422.81,4430.19
2026-09-04 14:05:00,4429.93,4439.3,4429.72,4436.79
2026-09-04 14:10:00,4436.78,4443.67,4434.79,4443.46
2026-09-04 14:15:00,4443.48,4448.7,4441.23,4448.13
2026-09-04 14:20:00,4448.12,4449.04,4440.33,4443.01
2026-09-04 14:25:00,4442.99,4446.09,4439.68,4439.99
2026-09-04 14:30:00,4440.04,4444.37,4438.48,4439.84
2026-09-04 14:35:00,4439.68,4441.17,4437.48,4438.12
2026-09-04 14:40:00,4438.09,4446.63,4436.9,4442.94
2026-09-04 14:45:00,4442.94,4445.07,4441.82,4443.89
2026-09-04 14:50:00,4443.88,4446.01,4439.3,4439.35
2026-09-04 14:55:00,4439.36,4441.17,4435.71,4436.7
2026-09-04 15:00:00,4436.7,4440.24,4436.4,4439.59
2026-09-04 15:05:00,4439.61,4440.4,4433.63,4433.7
2026-09-04 15:10:00,4433.76,4439.42,4432.28,4438.81
2026-09-04 15:15:00,4438.75,4443.56,4437.44,4441.55
2026-09-04 15:20:00,4441.6,4442.51,4435.78,4437.93
2026-09-04 15:25:00,4437.93,4438.41,4433.35,4434.25
2026-09-04 15:30:00,4434.23,4438.92,4433.43,4437.51
2026-09-04 15:35:00,4437.51,4438.41,4436.39,4437.64
2026-09-04 15:40:00,4437.64,4439.78,4435.55,4438.1
2026-09-04 15:45:00,4438.48,4440.48,4437.47,4439.94
2026-09-04 15:50:00,4440.04,4440.35,4435.97,4436.01
2026-09-04 15:55:00,4436.04,4438.14,4434.71,4436.41
2026-09-04 16:00:00,4436.38,4436.52,4430.29,4431.44
2026-09-04 16:05:00,4431.26,4433.8,4430.33,4432.19
2026-09-04 16:10:00,4432.32,4434.82,4431.93,4433.96
2026-09-04 16:15:00,4433.99,4438.88,4433.3,4438.4
2026-09-04 16:20:00,4438.44,4440.44,4431.33,4433.33
2026-09-04 16:25:00,4433.27,4433.41,4427.55,4428.72
2026-09-04 16:30:00,4428.72,4429.83,4423.11,4424.16
2026-09-04 16:35:00,4424.16,4425.37,4421.96,4422.12
2026-09-04 16:40:00,4422.07,4422.37,4416.47,4417.27
2026-09-04 16:45:00,4417.3,4420.27,4415.74,4419.54
2026-09-04 16:50:00,4419.46,4421.38,4418.64,4419.26
2026-09-04 16:55:00,4419.28,4419.59,4416.21,4416.64
2026-09-04 17:00:00,4416.63,4417.56,4412.09,4412.67
2026-09-04 17:05:00,4412.77,4418.14,4412.16,4417.78
2026-09-04 17:10:00,4417.75,4419.74,4416.4,4419.39
2026-09-04 17:15:00,4419.52,4422.4,4419.25,4419.35
2026-09-04 17:20:00,4419.37,4424.8,4419.33,4424.68
2026-09-04 17:25:00,4424.69,4426.73,4423.5,4424.81
2026-09-04 17:30:00,4424.92,4425.21,4423.01,4425.09
2026-09-04 17:35:00,4425.1,4425.24,4421.28,4422.62
2026-09-04 17:40:00,4422.62,4425.64,4422.09,4422.97
2026-09-04 17:45:00,4422.97,4424.4,4421.87,4423.88
2026-09-04 17:50:00,4423.88,4425.44,4423.57,4425.08
2026-09-04 17:55:00,4425.08,4425.91,4423.1,4424.02
2026-09-04 18:00:00,4424.02,4425.36,4422.62,4423.56
2026-09-04 18:05:00,4423.57,4425.49,4422.79,4425.26
2026-09-04 18:10:00,4425.26,4430.07,4424.86,4429.2
2026-09-04 18:15:00,4429.16,4432.09,4428.39,4428.94
2026-09-04 18:20:00,4428.92,4431.14,4426.96,4430.99
2026-09-04 18:25:00,4431.0,4435.9,4430.15,4435.67
2026-09-04 18:30:00,4435.7,4438.41,4434.18,4437.71
2026-09-04 18:35:00,4437.63,4437.75,4435.22,4436.53
2026-09-04 18:40:00,4436.53,4437.59,4435.05,4437.03
2026-09-04 18:45:00,4437.02,4437.36,4433.52,4435.26
2026-09-04 18:50:00,4435.6,4436.57,4433.93,4436.27
2026-09-04 18:55:00,4436.19,4436.19,4432.78,4434.89
2026-09-04 19:00:00,4434.89,4435.19,4432.15,4432.78
2026-09-04 19:05:00,4432.75,4432.79,4431.22,4431.87
2026-09-04 19:10:00,4431.88,4432.59,4430.95,4431.74
2026-09-04 19:15:00,4431.7,4431.87,4430.11,4431.0
2026-09-04 19:20:00,4431.05,4431.33,4430.15,4430.18
2026-09-04 19:25:00,4430.18,4430.92,4429.52,4430.1
2026-09-04 19:30:00,4430.06,4430.06,4429.1,4429.57
2026-09-04 19:35:00,4429.57,4430.91,4429.49,4430.59
2026-09-04 19:40:00,4430.52,4430.7,4429.16,4430.39
2026-09-04 19:45:00,4430.51,4430.55,4428.6,4428.73
2026-09-04 19:50:00,4428.74,4431.26,4428.69,4430.97
2026-09-04 19:55:00,4430.93,4431.33,4420.35,4420.48
2026-09-06 21:02:00,4420.41,4425.02,4417.73,4423.17
2026-09-06 21:07:00,4423.26,4426.22,4422.26,4425.98
2026-09-06 21:12:00,4425.98,4430.17,4425.88,4429.55
2026-09-06 21:17:00,4429.51,4429.52,4427.48,4428.66
2026-09-06 21:22:00,4428.39,4429.9,4426.99,4428.4
2026-09-06 21:27:00,4428.92,4430.12,4428.28,4430.0
2026-09-06 21:32:00,4430.09,4430.84,4427.81,4428.08
2026-09-06 21:37:00,4427.94,4430.58,4427.8,4430.1
2026-09-06 21:42:00,4430.1,4433.35,4430.05,4433.16
2026-09-06 21:47:00,4433.16,4435.26,4432.32,4432.32
2026-09-06 21:52:00,4432.32,4433.2,4431.23,4431.25
2026-09-06 21:57:00,4431.25,4431.32,4429.3,4430.91
2026-09-06 22:02:00,4430.85,4431.39,4430.05,4430.29
2026-09-06 22:07:00,4430.29,4431.35,4429.73,4430.4
2026-09-06 22:12:00,4430.4,4430.45,4429.66,4429.66
2026-09-06 22:17:00,4429.67,4429.81,4427.19,4427.26
2026-09-06 22:22:00,4427.12,4428.2,4425.3,4426.02
2026-09-06 22:27:00,4426.01,4427.44,4425.47,4427.31
2026-09-06 22:32:00,4427.26,4430.47,4427.25,4429.13
2026-09-06 22:37:00,4429.46,4429.66,4425.3,4426.89
2026-09-06 22:42:00,4426.87,4434.03,4426.21,4428.84
2026-09-06 22:47:00,4428.74,4430.32,4424.86,4425.01
2026-09-06 22:52:00,4424.86,4425.12,4421.76,4421.77
2026-09-06 22:57:00,4421.79,4426.76,4421.3,4426.53
2026-09-06 23:02:00,4426.56,4426.59,4422.09,4424.41
2026-09-06 23:07:00,4424.41,4427.17,4421.17,4426.94
2026-09-06 23:12:00,4426.99,4427.99,4423.38,4425.59
2026-09-06 23:17:00,4425.55,4428.58,4424.94,4425.65
2026-09-06 23:22:00,4425.8,4426.64,4424.72,4425.78
2026-09-06 23:27:00,4425.82,4427.27,4418.88,4420.01
2026-09-06 23:32:00,4419.97,4422.18,4418.55,4418.66
2026-09-06 23:37:00,4418.52,4424.15,4418.46,4423.0
2026-09-06 23:42:00,4423.01,4426.76,4422.93,4425.94
2026-09-06 23:47:00,4425.96,4429.61,4422.59,4424.74
2026-09-06 23:52:00,4424.75,4425.04,4417.41,4417.7
2026-09-06 23:57:00,4417.64,4417.64,4407.44,4415.26
2026-09-07 00:02:00,4415.27,4415.89,4406.38,4407.53
2026-09-07 00:07:00,4407.52,4407.72,4401.69,4402.65
2026-09-07 00:12:00,4402.37,4402.37,4395.74,4396.5
2026-09-07 00:17:00,4396.51,4397.47,4389.42,4392.95
2026-09-07 00:22:00,4392.92,4399.33,4391.23,4399.33
2026-09-07 00:27:00,4399.23,4407.87,4398.99,4405.98
2026-09-07 00:32:00,4405.92,4411.34,4405.01,4408.22
2026-09-07 00:37:00,4408.31,4413.4,4408.17,4408.91
2026-09-07 00:42:00,4408.93,4412.76,4408.6,4412.75
2026-09-07 00:47:00,4412.77,4413.39,4408.9,4411.44
2026-09-07 00:52:00,4411.49,4416.83,4411.49,4411.6
2026-09-07 00:57:00,4411.65,4412.73,4405.34,4405.38
2026-09-07 01:02:00,4405.35,4408.27,4405.27,4405.91
2026-09-07 01:07:00,4406.01,4406.19,4402.9,4405.75
2026-09-07 01:12:00,4405.69,4405.92,4403.24,4404.78
2026-09-07 01:17:00,4404.88,4408.35,4404.58,4406.97
2026-09-07 01:22:00,4406.97,4409.44,4406.57,4408.59
2026-09-07 01:27:00,4408.37,4414.52,4406.93,4412.54
2026-09-07 01:32:00,4412.56,4415.33,4410.98,4413.5
2026-09-07 01:37:00,4413.49,4418.6,4413.49,4417.69
2026-09-07 01:42:00,4417.68,4417.94,4413.75,4416.59
2026-09-07 01:47:00,4416.42,4419.09,4414.52,4415.66
2026-09-07 01:52:00,4415.65,4416.53,4410.68,4410.79
2026-09-07 01:57:00,4410.8,4411.78,4407.45,4407.83
2026-09-07 02:02:00,4407.72,4410.43,4405.97,4406.39
2026-09-07 02:07:00,4406.4,4407.43,4405.55,4407.42
2026-09-07 02:12:00,4407.34,4408.48,4406.68,4407.34
2026-09-07 02:17:00,4407.28,4410.13,4404.71,4410.0
2026-09-07 02:22:00,4409.9,4409.9,4408.04,4409.69
2026-09-07 02:27:00,4409.64,4409.71,4406.29,4406.98
2026-09-07 02:32:00,4406.98,4408.84,4406.79,4407.78
2026-09-07 02:37:00,4407.81,4407.98,4404.9,4404.95
2026-09-07 02:42:00,4404.96,4405.12,4401.7,4403.78
2026-09-07 02:47:00,4403.9,4405.01,4402.25,4402.59
2026-09-07 02:52:00,4402.58,4403.31,4401.33,4402.52
2026-09-07 02:57:00,4402.52,4405.14,4402.39,4402.65
2026-09-07 03:02:00,4402.66,4404.82,4401.47,4403.07
2026-09-07 03:07:00,4403.09,4406.0,4402.08,4405.89
2026-09-07 03:12:00,4406.0,4407.23,4404.62,4404.69
2026-09-07 03:17:00,4404.69,4404.69,4400.79,4401.57
2026-09-07 03:22:00,4401.65,4402.03,4400.24,4401.07
2026-09-07 03:27:00,4401.07,4402.58,4400.78,4400.78
2026-09-07 03:32:00,4400.76,4400.96,4396.33,4396.4
2026-09-07 03:37:00,4396.39,4397.28,4394.5,4396.2
2026-09-07 03:42:00,4396.18,4397.38,4396.17,4396.82
2026-09-07 03:47:00,4396.81,4397.89,4395.65,4397.29
2026-09-07 03:52:00,4397.29,4397.72,4395.71,4397.66
2026-09-07 03:57:00,4397.62,4400.48,4397.53,4400.13
2026-09-07 04:02:00,4400.14,4404.17,4397.81,4403.86
2026-09-07 04:07:00,4403.89,4403.96,4398.43,4398.9
2026-09-07 04:12:00,4398.92,4403.48,4398.7,4403.03
2026-09-07 04:17:00,4403.05,4405.47,4402.47,4402.64
2026-09-07 04:22:00,4402.68,4406.75,4402.61,4406.26
2026-09-07 04:27:00,4406.41,4413.24,4406.12,4410.62
2026-09-07 04:32:00,4410.57,4410.78,4405.25,4408.7
2026-09-07 04:37:00,4408.61,4408.93,4401.54,4402.6
2026-09-07 04:42:00,4402.59,4406.59,4402.28,4402.57
2026-09-07 04:47:00,4402.52,4404.11,4398.0,4398.63
2026-09-07 04:52:00,4398.56,4399.81,4393.67,4395.46
2026-09-07 04:57:00,4395.25,4397.92,4390.03,4390.6
2026-09-07 05:02:00,4390.6,4392.97,4385.33,4388.04
2026-09-07 05:07:00,4387.96,4391.22,4385.47,4391.22
2026-09-07 05:12:00,4391.25,4394.17,4391.25,4393.7
2026-09-07 05:17:00,4393.76,4395.91,4390.01,4391.7
2026-09-07 05:22:00,4391.72,4398.06,4391.72,4396.69
2026-09-07 05:27:00,4396.68,4397.13,4393.67,4394.38
2026-09-07 05:32:00,4394.38,4398.58,4394.35,4396.12
2026-09-07 05:37:00,4396.13,4399.09,4394.02,4398.96
2026-09-07 05:42:00,4399.01,4399.84,4396.24,4396.85
2026-09-07 05:47:00,4396.76,4399.25,4396.04,4397.04
2026-09-07 05:52:00,4396.97,4398.01,4393.27,4393.8
2026-09-07 05:57:00,4393.8,4395.26,4391.34,4393.54
2026-09-07 06:02:00,4393.39,4401.69,4393.06,4400.63
2026-09-07 06:07:00,4400.62,4401.76,4397.28,4397.36
2026-09-07 06:12:00,4397.36,4402.25,4395.76,4398.68
2026-09-07 06:17:00,4398.78,4400.81,4397.18,4398.47
2026-09-07 06:22:00,4398.47,4399.48,4395.9,4399.01
2026-09-07 06:27:00,4398.97,4399.78,4394.63,4395.79
2026-09-07 06:32:00,4395.66,4399.09,4393.56,4398.88
2026-09-07 06:37:00,4398.93,4398.99,4393.37,4393.59
2026-09-07 06:42:00,4393.58,4396.96,4392.26,4396.56
2026-09-07 06:47:00,4396.57,4400.02,4396.03,4399.88
2026-09-07 06:52:00,4399.88,4406.16,4398.69,4402.7
2026-09-07 06:57:00,4402.69,4411.33,4402.01,4411.33
2026-09-07 07:02:00,4411.34,4416.75,4410.49,4412.16
2026-09-07 07:07:00,4412.17,4415.03,4409.81,4414.6
2026-09-07 07:12:00,4414.63,4420.06,4413.09,4419.85
2026-09-07 07:17:00,4419.88,4423.54,4419.62,4420.6
2026-09-07 07:22:00,4420.6,4421.11,4416.35,4417.3
2026-09-07 07:27:00,4417.24,4422.46,4416.87,4421.38
2026-09-07 07:32:00,4421.37,4423.84,4418.74,4419.93
2026-09-07 07:37:00,4419.84,4419.96,4413.53,4415.0
2026-09-07 07:42:00,4415.0,4416.37,4413.35,4414.48
2026-09-07 07:47:00,4414.3,4415.17,4410.71,4410.71
2026-09-07 07:52:00,4410.7,4412.59,4410.0,4410.41
2026-09-07 07:57:00,4410.17,4413.3,4409.71,4413.24
2026-09-07 08:02:00,4413.32,4413.72,4411.21,4411.34
2026-09-07 08:07:00,4411.33,4413.48,4411.27,4413.29
2026-09-07 08:12:00,4413.26,4413.26,4409.99,4410.25
2026-09-07 08:17:00,4410.26,4410.28,4406.76,4408.48
2026-09-07 08:22:00,4408.45,4409.44,4408.0,4408.85
2026-09-07 08:27:00,4408.85,4409.47,4403.52,4404.31
2026-09-07 08:32:00,4404.18,4406.67,4404.0,4406.3
2026-09-07 08:37:00,4406.3,4410.13,4405.94,4408.9
2026-09-07 08:42:00,4408.82,4409.85,4408.63,4409.66
2026-09-07 08:47:00,4409.8,4410.35,4409.12,4410.0
2026-09-07 08:52:00,4409.97,4410.09,4406.45,4406.51
2026-09-07 08:57:00,4406.59,4406.69,4404.87,4405.61
2026-09-07 09:02:00,4405.6,4405.6,4403.84,4403.84
2026-09-07 09:07:00,4403.84,4405.09,4402.79,4402.95
2026-09-07 09:12:00,4402.95,4403.79,4402.34,4402.82
2026-09-07 09:17:00,4402.82,4404.68,4399.47,4400.57
2026-09-07 09:22:00,4400.59,4400.61,4397.37,4398.83
2026-09-07 09:27:00,4398.82,4398.92,4395.16,4395.41
2026-09-07 09:32:00,4395.42,4396.37,4392.79,4393.58
2026-09-07 09:37:00,4393.45,4396.35,4391.58,4395.61
2026-09-07 09:42:00,4395.63,4399.24,4395.54,4396.72
2026-09-07 09:47:00,4396.62,4396.98,4393.24,4393.7
2026-09-07 09:52:00,4393.71,4396.34,4388.02,4390.5
2026-09-07 09:57:00,4390.5,4392.51,4389.0,4389.56
2026-09-07 10:02:00,4389.56,4393.8,4389.09,4393.44
2026-09-07 10:07:00,4393.41,4393.49,4390.41,4392.62
2026-09-07 10:12:00,4392.64,4394.21,4392.07,4393.47
2026-09-07 10:17:00,4393.47,4394.99,4391.95,4393.62
2026-09-07 10:22:00,4393.61,4393.7,4387.5,4389.88
2026-09-07 10:27:00,4389.9,4390.86,4386.8,4388.1
2026-09-07 10:32:00,4387.81,4387.81,4381.16,4384.79
2026-09-07 10:37:00,4385.32,4389.15,4384.61,4387.88
2026-09-07 10:42:00,4387.87,4390.98,4385.94,4390.98
2026-09-07 10:47:00,4390.87,4392.09,4390.37,4391.71
2026-09-07 10:52:00,4391.75,4391.8,4386.26,4386.58
2026-09-07 10:57:00,4386.58,4389.26,4385.12,4388.79
2026-09-07 11:02:00,4388.79,4390.88,4385.94,4390.37
2026-09-07 11:07:00,4390.39,4393.05,4389.16,4391.49
2026-09-07 11:12:00,4391.5,4392.96,4390.83,4391.09
2026-09-07 11:17:00,4391.09,4393.58,4390.4,4392.37
2026-09-07 11:22:00,4392.32,4394.82,4391.14,4394.0
2026-09-07 11:27:00,4393.97,4396.98,4393.17,4396.46
2026-09-07 11:32:00,4396.46,4396.74,4392.6,4393.18
2026-09-07 11:37:00,4393.18,4397.49,4393.18,4397.12
2026-09-07 11:42:00,4397.17,4397.66,4395.39,4397.3
2026-09-07 11:47:00,4397.35,4398.08,4395.96,4396.58
2026-09-07 11:52:00,4396.6,4396.6,4394.33,4395.08
2026-09-07 11:57:00,4395.08,4398.96,4394.65,4397.54
2026-09-07 12:02:00,4397.96,4402.58,4395.95,4401.49
2026-09-07 12:07:00,4401.4,4404.0,4399.42,4401.68
2026-09-07 12:12:00,4401.78,4404.61,4401.07,4401.9
2026-09-07 12:17:00,4401.9,4404.62,4401.56,4404.27
2026-09-07 12:22:00,4404.27,4405.03,4402.85,4404.27
2026-09-07 12:27:00,4404.27,4407.0,4402.78,4406.78
2026-09-07 12:32:00,4406.92,4407.5,4403.26,4404.35
2026-09-07 12:37:00,4404.29,4404.29,4401.78,4403.1
2026-09-07 12:42:00,4403.1,4406.43,4402.22,4406.41
2026-09-07 12:47:00,4406.41,4407.85,4403.01,4403.14
2026-09-07 12:52:00,4403.14,4404.85,4402.5,4402.87
2026-09-07 12:57:00,4402.88,4407.35,4401.14,4406.78
2026-09-07 13:02:00,4406.97,4407.9,4405.7,4407.36
2026-09-07 13:07:00,4407.44,4408.65,4406.56,4407.29
2026-09-07 13:12:00,4407.32,4409.11,4406.84,4408.68
2026-09-07 13:17:00,4408.69,4409.12,4406.39,4407.08
2026-09-07 13:22:00,4407.16,4408.5,4405.16,4407.75
2026-09-07 13:27:00,4407.76,4408.84,4405.55,4406.52
2026-09-07 13:32:00,4406.55,4407.62,4404.91,4406.05
2026-09-07 13:37:00,4406.04,4407.89,4404.76,4405.52
2026-09-07 13:42:00,4405.54,4413.67,4405.54,4413.15
2026-09-07 13:47:00,4413.17,4419.38,4412.26,4414.23
2026-09-07 13:52:00,4414.16,4419.61,4414.15,4416.76
2026-09-07 13:57:00,4416.76,4417.26,4414.32,4415.36
2026-09-07 14:02:00,4415.38,4416.04,4410.03,4410.17
2026-09-07 14:07:00,4410.16,4413.78,4409.33,4412.67
2026-09-07 14:12:00,4412.65,4415.07,4412.45,4414.44
2026-09-07 14:17:00,4414.44,4415.03,4413.48,4414.52
2026-09-07 14:22:00,4414.52,4415.2,4411.78,4412.22
2026-09-07 14:27:00,4412.22,4413.74,4411.71,4412.48
2026-09-07 14:32:00,4412.49,4414.08,4411.27,4413.16
2026-09-07 14:37:00,4413.17,4413.18,4409.61,4409.63
2026-09-07 14:42:00,4409.59,4413.1,4408.92,4412.91
2026-09-07 14:47:00,4412.91,4413.34,4411.99,4413.19
2026-09-07 14:52:00,4413.18,4413.79,4412.23,4412.91
2026-09-07 14:57:00,4412.91,4415.08,4412.41,4413.68
2026-09-07 15:02:00,4413.68,4414.13,4412.92,4414.13
2026-09-07 15:07:00,4414.13,4416.67,4414.01,4416.65
2026-09-07 15:12:00,4416.65,4417.31,4414.43,4414.78
2026-09-07 15:17:00,4414.82,4414.98,4412.7,4413.65
2026-09-07 15:22:00,4413.66,4414.32,4413.18,4414.1
2026-09-07 15:27:00,4414.14,4414.36,4413.3,4413.62
2026-09-07 15:32:00,4413.6,4414.08,4412.25,4412.25
2026-09-07 15:37:00,4412.27,4413.78,4411.88,4413.7
2026-09-07 15:42:00,4413.69,4414.52,4413.08,4413.2
2026-09-07 15:47:00,4413.2,4414.54,4413.02,4414.19
2026-09-07 15:52:00,4414.19,4414.45,4413.11,4413.21
2026-09-07 15:57:00,4413.22,4415.12,4413.13,4415.07
2026-09-07 16:02:00,4415.07,4415.07,4412.83,4413.09
2026-09-07 16:07:00,4413.07,4413.7,4412.63,4412.88
2026-09-07 16:12:00,4412.88,4413.01,4412.1,4412.64
2026-09-07 16:17:00,4412.64,4413.8,4412.64,4412.87
2026-09-07 16:22:00,4412.87,4413.34,4412.07,4412.26
2026-09-07 16:27:00,4412.26,4412.77,4411.4,4411.49
2026-09-07 16:32:00,4411.49,4411.55,4410.06,4410.59
2026-09-07 16:37:00,4410.58,4410.96,4410.21,4410.81
2026-09-07 16:42:00,4410.8,4411.08,4409.78,4410.14
2026-09-07 16:47:00,4410.16,4410.9,4410.16,4410.73
2026-09-07 16:52:00,4410.73,4410.98,4407.53,4407.61
2026-09-07 16:57:00,4407.58,4408.8,4406.15,4406.2
2026-09-07 17:02:00,4406.2,4408.66,4405.92,4408.59
2026-09-07 17:07:00,4408.35,4409.16,4407.41,4407.91
2026-09-07 17:12:00,4407.98,4407.98,4403.7,4403.9
2026-09-07 17:17:00,4403.9,4405.24,4403.9,4405.06
2026-09-07 17:22:00,4405.06,4406.3,4403.17,4404.18
2026-09-07 17:27:00,4404.19,4414.76,4403.95,4414.07
2026-09-07 21:01:00,4413.91,4414.56,4410.36,4412.47
2026-09-07 21:06:00,4412.72,4413.59,4411.95,4412.74
2026-09-07 21:11:00,4412.74,4413.24,4412.37,4412.8
2026-09-07 21:16:00,4412.79,4413.35,4412.4,4413.09
2026-09-07 21:21:00,4413.07,4413.07,4409.88,4410.12
2026-09-07 21:26:00,4410.12,4410.33,4409.08,4409.18
2026-09-07 21:31:00,4409.19,4409.5,4408.53,4408.86
2026-09-07 21:36:00,4408.86,4409.92,4408.49,4409.27
2026-09-07 21:41:00,4409.32,4409.36,4407.32,4407.37
2026-09-07 21:46:00,4407.38,4407.59,4406.25,4406.89
2026-09-07 21:51:00,4406.89,4408.04,4406.89,4407.97
2026-09-07 21:56:00,4407.97,4407.97,4407.28,4407.72
2026-09-07 22:01:00,4407.72,4412.37,4407.72,4411.67
2026-09-07 22:06:00,4411.69,4412.29,4410.46,4410.66
2026-09-07 22:11:00,4410.65,4411.32,4409.87,4410.1
2026-09-07 22:16:00,4410.1,4412.11,4408.68,4411.87
2026-09-07 22:21:00,4411.86,4412.74,4409.58,4409.58
2026-09-07 22:26:00,4409.67,4412.67,4409.67,4411.3
2026-09-07 22:31:00,4411.32,4420.75,4411.1,4420.68
2026-09-07 22:36:00,4420.67,4422.87,4417.6,4420.51
2026-09-07 22:41:00,4420.53,4428.1,4420.3,4425.05
2026-09-07 22:46:00,4424.97,4427.05,4423.32,4425.54
2026-09-07 22:51:00,4425.55,4426.39,4420.19,4420.63
2026-09-07 22:56:00,4420.72,4424.48,4420.44,4420.81
2026-09-07 23:01:00,4420.78,4423.47,4418.15,4419.95
2026-09-07 23:06:00,4419.92,4420.72,4417.37,4419.16
2026-09-07 23:11:00,4419.18,4420.07,4415.18,4418.2
2026-09-07 23:16:00,4418.11,4429.99,4418.11,4427.6
2026-09-07 23:21:00,4427.62,4430.14,4419.43,4421.78
2026-09-07 23:26:00,4421.81,4423.75,4417.99,4422.67
2026-09-07 23:31:00,4422.66,4426.19,4420.93,4425.01
2026-09-07 23:36:00,4424.98,4426.09,4421.15,4426.08
2026-09-07 23:41:00,4426.08,4426.27,4418.8,4421.08
2026-09-07 23:46:00,4420.9,4423.01,4417.22,4418.93
2026-09-07 23:51:00,4418.9,4424.66,4415.25,4423.69
2026-09-07 23:56:00,4423.73,4428.0,4422.59,4424.42
2026-09-08 00:01:00,4424.4,4428.63,4417.2,4421.5
2026-09-08 00:06:00,4421.5,4423.32,4418.13,4422.93
2026-09-08 00:11:00,4422.92,4431.36,4422.9,4429.68
2026-09-08 00:16:00,4429.69,4431.49,4426.98,4429.74
2026-09-08 00:21:00,4429.73,4435.62,4428.98,4434.82
2026-09-08 00:26:00,4434.81,4436.23,4432.28,4433.76
2026-09-08 00:31:00,4433.75,4436.98,4431.74,4432.33
2026-09-08 00:36:00,4432.39,4435.34,4430.68,4433.25
2026-09-08 00:41:00,4433.23,4437.71,4432.23,4436.78
2026-09-08 00:46:00,4436.81,4440.73,4435.15,4438.83
2026-09-08 00:51:00,4438.76,4439.21,4436.12,4437.46
2026-09-08 00:56:00,4437.44,4439.7,4436.4,4437.75
2026-09-08 01:01:00,4437.74,4438.67,4432.35,4433.66
2026-09-08 01:06:00,4433.69,4434.01,4427.29,4427.85
2026-09-08 01:11:00,4427.85,4430.51,4426.18,4426.7
2026-09-08 01:16:00,4426.66,4427.71,4425.76,4426.5
2026-09-08 01:21:00,4426.52,4429.72,4425.19,4428.13
2026-09-08 01:26:00,4428.13,4428.42,4424.02,4425.72
2026-09-08 01:31:00,4425.75,4426.07,4422.58,4423.41
2026-09-08 01:36:00,4423.27,4425.69,4421.45,4425.49
2026-09-08 01:41:00,4425.48,4428.05,4422.65,4425.68
2026-09-08 01:46:00,4425.63,4426.15,4422.71,4425.06
2026-09-08 01:51:00,4425.03,4425.03,4421.27,4423.36
2026-09-08 01:56:00,4423.43,4424.8,4422.71,4423.08
2026-09-08 02:01:00,4423.08,4426.56,4422.54,4426.14
2026-09-08 02:06:00,4426.06,4430.97,4424.79,4430.92
2026-09-08 02:11:00,4431.22,4431.77,4428.72,4429.13
2026-09-08 02:16:00,4429.14,4439.21,4428.79,4439.09
2026-09-08 02:21:00,4439.1,4440.03,4434.63,4435.92
2026-09-08 02:26:00,4435.95,4435.95,4431.17,4434.65
2026-09-08 02:31:00,4434.65,4434.8,4430.99,4431.24
2026-09-08 02:36:00,4431.25,4432.17,4430.71,4431.53
2026-09-08 02:41:00,4431.53,4434.18,4431.45,4434.16
2026-09-08 02:46:00,4434.15,4437.6,4433.04,4437.39
2026-09-08 02:51:00,4437.38,4437.58,4435.03,4436.5
2026-09-08 02:56:00,4436.5,4441.64,4436.12,4441.07
2026-09-08 03:01:00,4440.99,4443.03,4438.1,4442.74
2026-09-08 03:06:00,4442.74,4443.01,4439.33,4441.28
2026-09-08 03:11:00,4441.28,4442.35,4438.28,4439.06
2026-09-08 03:16:00,4439.06,4440.7,4436.73,4437.42
2026-09-08 03:21:00,4437.42,4438.39,4433.01,4433.35
2026-09-08 03:26:00,4433.34,4433.86,4431.71,4433.12
2026-09-08 03:31:00,4433.15,4434.58,4432.33,4433.57
2026-09-08 03:36:00,4433.58,4435.58,4433.17,4435.04
2026-09-08 03:41:00,4435.04,4436.73,4434.64,4435.57
2026-09-08 03:46:00,4435.57,4436.03,4434.62,4435.03
2026-09-08 03:51:00,4435.04,4435.7,4434.32,4434.42
2026-09-08 03:56:00,4434.48,4439.94,4434.48,4437.02
2026-09-08 04:01:00,4437.02,4437.76,4433.17,4434.34
2026-09-08 04:06:00,4434.34,4434.6,4430.13,4430.9
2026-09-08 04:11:00,4430.84,4430.84,4426.41,4427.49
2026-09-08 04:16:00,4427.49,4430.56,4427.2,4430.56
2026-09-08 04:21:00,4430.53,4431.67,4424.08,4424.14
2026-09-08 04:26:00,4424.05,4425.55,4418.15,4424.48
2026-09-08 04:31:00,4424.49,4424.49,4419.87,4422.66
2026-09-08 04:36:00,4422.65,4427.04,4421.68,4426.04
2026-09-08 04:41:00,4426.03,4428.33,4425.01,4428.33
2026-09-08 04:46:00,4428.7,4428.83,4422.17,4422.26
2026-09-08 04:51:00,4422.26,4423.52,4417.85,4417.98
2026-09-08 04:56:00,4417.97,4420.83,4417.43,4418.79
2026-09-08 05:01:00,4418.77,4418.78,4411.18,4413.46
2026-09-08 05:06:00,4413.44,4415.61,4411.38,4412.32
2026-09-08 05:11:00,4412.29,4412.49,4408.4,4408.53
2026-09-08 05:16:00,4408.53,4409.47,4401.33,4405.09
2026-09-08 05:21:00,4405.04,4406.05,4401.57,4402.9
2026-09-08 05:26:00,4402.91,4403.61,4399.02,4399.93
2026-09-08 05:31:00,4399.8,4402.92,4398.6,4400.66
2026-09-08 05:36:00,4400.66,4406.28,4398.27,4405.92
2026-09-08 05:41:00,4405.89,4408.76,4404.96,4406.39
2026-09-08 05:46:00,4406.4,4409.06,4406.16,4409.05
2026-09-08 05:51:00,4409.06,4409.32,4403.82,4405.02
2026-09-08 05:56:00,4405.03,4405.03,4402.47,4402.92
2026-09-08 06:01:00,4402.91,4409.1,4402.55,4408.66
2026-09-08 06:06:00,4408.63,4409.46,4406.38,4406.7
2026-09-08 06:11:00,4406.71,4407.19,4401.76,4402.1
2026-09-08 06:16:00,4402.12,4403.94,4400.98,4403.94
2026-09-08 06:21:00,4403.97,4404.14,4400.32,4401.88
2026-09-08 06:26:00,4401.87,4404.25,4401.13,4402.45
2026-09-08 06:31:00,4402.44,4405.43,4396.93,4398.45
2026-09-08 06:36:00,4398.44,4398.74,4391.87,4395.81
2026-09-08 06:41:00,4396.06,4397.31,4391.22,4396.7
2026-09-08 06:46:00,4396.71,4397.32,4391.61,4392.3
2026-09-08 06:51:00,4392.32,4394.03,4390.62,4394.0
2026-09-08 06:56:00,4393.98,4394.0,4390.14,4391.61
2026-09-08 07:01:00,4391.61,4393.01,4388.84,4392.87
2026-09-08 07:06:00,4392.88,4395.82,4387.89,4389.29
2026-09-08 07:11:00,4389.3,4392.73,4388.82,4391.38
2026-09-08 07:16:00,4391.39,4393.94,4390.16,4391.69
2026-09-08 07:21:00,4391.69,4396.41,4389.67,4396.23
2026-09-08 07:26:00,4396.21,4396.36,4393.3,4394.62
2026-09-08 07:31:00,4394.6,4398.58,4393.27,4396.16
2026-09-08 07:36:00,4396.17,4396.44,4393.99,4395.13
2026-09-08 07:41:00,4395.13,4398.05,4391.09,4396.27
2026-09-08 07:46:00,4396.36,4398.28,4391.18,4392.94
2026-09-08 07:51:00,4392.94,4393.47,4391.73,4391.88
2026-09-08 07:56:00,4391.88,4394.5,4391.41,4392.92
2026-09-08 08:01:00,4392.91,4396.9,4392.72,4396.9
2026-09-08 08:06:00,4396.91,4398.05,4394.8,4396.21
2026-09-08 08:11:00,4396.22,4397.95,4396.05,4397.63
2026-09-08 08:16:00,4397.63,4399.39,4396.28,4396.3
2026-09-08 08:21:00,4396.32,4396.32,4393.73,4395.54
2026-09-08 08:26:00,4395.56,4396.5,4390.9,4392.83
2026-09-08 08:31:00,4392.82,4397.53,4391.9,4396.41
2026-09-08 08:36:00,4396.38,4401.23,4395.55,4399.76
2026-09-08 08:41:00,4399.75,4403.8,4399.03,4401.82
2026-09-08 08:46:00,4401.93,4404.39,4401.52,4404.36
2026-09-08 08:51:00,4404.35,4405.68,4403.88,4405.08
2026-09-08 08:56:00,4405.09,4405.09,4401.88,4402.4
2026-09-08 09:01:00,4402.42,4402.68,4396.99,4397.41
2026-09-08 09:06:00,4397.42,4398.48,4394.9,4395.52
2026-09-08 09:11:00,4395.52,4397.94,4393.8,4397.94
2026-09-08 09:16:00,4398.04,4406.7,4397.27,4405.37
2026-09-08 09:21:00,4405.38,4405.71,4399.91,4399.99
2026-09-08 09:26:00,4400.03,4401.22,4398.39,4398.5
2026-09-08 09:31:00,4398.5,4399.25,4396.28,4397.12
2026-09-08 09:36:00,4397.15,4397.3,4394.01,4394.68
2026-09-08 09:41:00,4394.71,4398.38,4394.6,4397.71
2026-09-08 09:46:00,4397.69,4400.48,4397.42,4399.97
2026-09-08 09:51:00,4399.98,4400.21,4396.89,4397.52
2026-09-08 09:56:00,4397.54,4399.9,4394.97,4395.39
2026-09-08 10:01:00,4395.28,4397.41,4395.28,4396.93
2026-09-08 10:06:00,4396.94,4399.51,4393.16,4393.85
2026-09-08 10:11:00,4393.9,4396.72,4391.19,4396.4
2026-09-08 10:16:00,4396.42,4401.7,4396.42,4400.56
2026-09-08 10:21:00,4400.58,4402.14,4398.47,4402.12
2026-09-08 10:26:00,4402.13,4403.01,4400.86,4401.11
2026-09-08 10:31:00,4401.14,4405.59,4400.67,4404.93
2026-09-08 10:36:00,4404.98,4407.86,4404.3,4406.26
2026-09-08 10:41:00,4406.36,4406.9,4403.5,4404.06
2026-09-08 10:46:00,4404.06,4404.36,4399.46,4402.48
2026-09-08 10:51:00,4402.54,4402.71,4397.78,4402.4
2026-09-08 10:56:00,4402.31,4406.75,4402.08,4404.09
2026-09-08 11:01:00,4404.03,4405.73,4401.76,4403.79
2026-09-08 11:06:00,4403.7,4404.31,4400.89,4401.04
2026-09-08 11:11:00,4401.07,4401.09,4385.36,4387.87
2026-09-08 11:16:00,4387.89,4394.57,4387.31,4394.42
2026-09-08 11:21:00,4394.53,4396.97,4390.48,4396.64
2026-09-08 11:26:00,4396.64,4404.0,4396.33,4402.38
2026-09-08 11:31:00,4402.37,4408.26,4400.74,4402.43
2026-09-08 11:36:00,4402.43,4403.39,4398.06,4398.1
2026-09-08 11:41:00,4398.09,4399.78,4395.43,4396.82
2026-09-08 11:46:00,4396.81,4402.88,4396.34,4402.08
2026-09-08 11:51:00,4402.07,4405.39,4400.77,4405.39
2026-09-08 11:56:00,4405.4,4413.12,4403.96,4407.67
2026-09-08 12:01:00,4407.57,4408.1,4402.56,4406.55
2026-09-08 12:06:00,4406.54,4406.57,4402.6,4406.16
2026-09-08 12:11:00,4406.17,4408.67,4405.04,4407.37
2026-09-08 12:16:00,4407.38,4410.89,4405.73,4406.65
2026-09-08 12:21:00,4406.65,4408.17,4402.5,4402.92
2026-09-08 12:26:00,4402.93,4405.76,4399.15,4405.01
2026-09-08 12:31:00,4405.1,4405.53,4395.92,4397.84
2026-09-08 12:36:00,4397.99,4402.92,4395.83,4395.93
2026-09-08 12:41:00,4395.87,4399.66,4390.45,4394.68
2026-09-08 12:46:00,4394.67,4403.29,4394.67,4402.48
2026-09-08 12:51:00,4402.34,4407.15,4397.36,4406.91
2026-09-08 12:56:00,4407.13,4407.52,4394.54,4398.89
2026-09-08 13:01:00,4398.89,4402.86,4396.74,4400.59
2026-09-08 13:06:00,4400.63,4402.71,4396.33,4397.64
2026-09-08 13:11:00,4397.76,4398.8,4391.61,4395.86
2026-09-08 13:16:00,4395.85,4400.48,4394.17,4397.44
2026-09-08 13:21:00,4397.44,4403.3,4396.86,4403.2
2026-09-08 13:26:00,4403.19,4403.71,4395.09,4397.41
2026-09-08 13:31:00,4397.37,4399.54,4395.7,4398.94
2026-09-08 13:36:00,4398.94,4400.69,4393.47,4393.71
2026-09-08 13:41:00,4394.04,4397.76,4392.78,4395.75
2026-09-08 13:46:00,4395.73,4398.97,4391.13,4393.21
2026-09-08 13:51:00,4393.27,4395.77,4389.12,4394.94
2026-09-08 13:56:00,4394.98,4399.78,4393.4,4399.42
2026-09-08 14:01:00,4399.67,4406.97,4399.66,4403.17
2026-09-08 14:06:00,4403.25,4406.57,4400.61,4405.39
2026-09-08 14:11:00,4405.62,4408.61,4403.94,4407.93
2026-09-08 14:16:00,4407.92,4409.31,4403.54,4403.58
2026-09-08 14:21:00,4403.59,4404.34,4396.45,4402.12
2026-09-08 14:26:00,4402.13,4403.66,4398.67,4400.57
2026-09-08 14:31:00,4400.56,4404.25,4400.41,4402.55
2026-09-08 14:36:00,4402.47,4402.57,4397.88,4397.94
2026-09-08 14:41:00,4397.97,4401.01,4397.37,4398.82
2026-09-08 14:46:00,4398.79,4400.54,4396.1,4398.22
2026-09-08 14:51:00,4398.23,4400.36,4397.19,4398.98
2026-09-08 14:56:00,4398.97,4398.97,4393.61,4393.95
2026-09-08 15:01:00,4393.95,4394.96,4391.34,4394.62
2026-09-08 15:06:00,4394.64,4394.69,4380.28,4383.31
2026-09-08 15:11:00,4383.29,4387.55,4380.72,4386.27
2026-09-08 15:16:00,4386.27,4388.9,4383.81,4388.6
2026-09-08 15:21:00,4388.59,4395.27,4386.97,4393.39
2026-09-08 15:26:00,4393.46,4395.97,4391.69,4395.47
2026-09-08 15:31:00,4395.47,4396.68,4393.63,4395.27
2026-09-08 15:36:00,4395.28,4396.0,4393.67,4394.21
2026-09-08 15:41:00,4394.21,4395.74,4392.73,4393.07
2026-09-08 15:46:00,4393.09,4398.39,4392.11,4396.23
2026-09-08 15:51:00,4396.22,4396.22,4392.8,4395.12
2026-09-08 15:56:00,4395.11,4396.06,4390.42,4395.92
2026-09-08 16:01:00,4395.92,4403.69,4395.42,4401.15
2026-09-08 16:06:00,4401.14,4401.27,4397.63,4398.11
2026-09-08 16:11:00,4398.12,4398.15,4394.61,4396.41
2026-09-08 16:16:00,4396.41,4397.44,4394.44,4394.55
2026-09-08 16:21:00,4394.6,4394.99,4392.44,4392.9
2026-09-08 16:26:00,4392.89,4395.0,4391.98,4394.89
2026-09-08 16:31:00,4394.89,4395.1,4390.99,4391.7
2026-09-08 16:36:00,4391.64,4392.84,4387.51,4387.51
2026-09-08 16:41:00,4387.49,4388.16,4385.46,4385.72
2026-09-08 16:46:00,4385.71,4388.92,4385.29,4388.44
2026-09-08 16:51:00,4388.44,4389.41,4387.03,4388.59
2026-09-08 16:56:00,4388.59,4390.37,4387.92,4388.15
2026-09-08 17:01:00,4388.14,4389.38,4386.26,4387.55
2026-09-08 17:06:00,4387.57,4388.29,4384.08,4386.2
2026-09-08 17:11:00,4386.24,4387.73,4384.94,4386.2
2026-09-08 17:16:00,4386.23,4387.08,4384.54,4385.64
2026-09-08 17:21:00,4385.59,4386.87,4384.66,4385.3
2026-09-08 17:26:00,4385.34,4385.85,4382.86,4383.2
2026-09-08 17:31:00,4383.2,4384.76,4381.45,4383.77
2026-09-08 17:36:00,4383.72,4384.88,4382.74,4384.38
2026-09-08 17:41:00,4384.37,4385.66,4383.5,4384.34
2026-09-08 17:46:00,4384.39,4386.64,4362.14,4366.78
2026-09-08 17:51:00,4366.9,4378.02,4358.23,4377.27
2026-09-08 17:56:00,4377.28,4378.05,4371.84,4372.56
2026-09-08 18:01:00,4372.58,4377.24,4371.15,4372.06
2026-09-08 18:06:00,4372.05,4374.76,4369.4,4372.68
2026-09-08 18:11:00,4372.71,4374.25,4369.48,4369.48
2026-09-08 18:16:00,4369.35,4370.96,4367.33,4368.87
2026-09-08 18:21:00,4368.86,4370.43,4366.44,4368.19
2026-09-08 18:26:00,4368.1,4370.33,4365.81,4366.38
2026-09-08 18:31:00,4366.38,4366.7,4361.53,4366.25
2026-09-08 18:36:00,4366.25,4369.72,4366.21,4368.05
2026-09-08 18:41:00,4368.05,4369.46,4366.38,4366.86
2026-09-08 18:46:00,4366.88,4366.88,4361.63,4362.45
2026-09-08 18:51:00,4362.52,4364.34,4361.2,4361.46
2026-09-08 18:56:00,4361.5,4363.31,4356.84,4362.33
2026-09-08 19:01:00,4362.26,4364.46,4357.53,4357.86
2026-09-08 19:06:00,4357.91,4358.87,4356.05,4358.58
2026-09-08 19:11:00,4358.56,4361.98,4358.49,4360.04
2026-09-08 19:16:00,4359.94,4361.43,4359.33,4360.59
2026-09-08 19:21:00,4360.58,4361.09,4358.51,4358.51
2026-09-08 19:26:00,4358.5,4359.13,4355.66,4357.9
2026-09-08 19:31:00,4357.84,4358.71,4356.41,4358.71
2026-09-08 19:36:00,4358.64,4358.72,4357.23,4357.55
2026-09-08 19:41:00,4357.57,4358.29,4357.17,4357.42
2026-09-08 19:46:00,4357.38,4357.38,4344.89,4350.88
2026-09-08 19:51:00,4350.92,4355.47,4350.81,4354.44
2026-09-08 19:56:00,4354.44,4358.21,4352.88,4358.06
2026-09-08 21:02:00,4358.06,4359.06,4356.71,4357.42
2026-09-08 21:07:00,4357.42,4357.43,4353.15,4355.29
2026-09-08 21:12:00,4355.28,4357.65,4355.04,4357.06
2026-09-08 21:17:00,4357.05,4357.26,4353.87,4354.03
2026-09-08 21:22:00,4354.03,4354.34,4353.31,4354.27
2026-09-08 21:27:00,4354.26,4356.01,4354.24,4355.76
2026-09-08 21:32:00,4355.82,4355.83,4354.36,4354.91
2026-09-08 21:37:00,4354.91,4355.69,4351.68,4351.9
2026-09-08 21:42:00,4351.9,4352.65,4350.52,4351.41
2026-09-08 21:47:00,4351.46,4353.54,4350.95,4353.3
2026-09-08 21:52:00,4353.3,4353.63,4352.99,4353.45
2026-09-08 21:57:00,4353.44,4354.93,4352.65,4354.8
2026-09-08 22:02:00,4354.8,4354.93,4352.91,4353.65
2026-09-08 22:07:00,4353.42,4354.51,4352.51,4353.21
2026-09-08 22:12:00,4353.27,4353.51,4351.94,4352.84
2026-09-08 22:17:00,4352.86,4353.84,4352.63,4353.65
2026-09-08 22:22:00,4353.65,4355.99,4353.22,4355.99
2026-09-08 22:27:00,4355.99,4359.7,4355.97,4359.62
2026-09-08 22:32:00,4359.59,4359.98,4357.35,4357.42
2026-09-08 22:37:00,4357.42,4358.96,4356.85,4358.73
2026-09-08 22:42:00,4358.7,4359.09,4355.14,4355.67
2026-09-08 22:47:00,4355.69,4357.37,4352.08,4352.39
2026-09-08 22:52:00,4352.38,4353.03,4350.3,4351.43
2026-09-08 22:57:00,4351.36,4351.91,4346.55,4348.89
2026-09-08 23:02:00,4348.86,4353.0,4344.74,4345.39
2026-09-08 23:07:00,4345.39,4352.6,4344.61,4352.08
2026-09-08 23:12:00,4352.13,4352.59,4346.83,4346.92
2026-09-08 23:17:00,4346.9,4348.64,4344.59,4345.71
2026-09-08 23:22:00,4345.7,4345.7,4341.23,4343.08
2026-09-08 23:27:00,4343.08,4347.86,4341.92,4346.65
2026-09-08 23:32:00,4346.66,4348.02,4344.76,4344.88
2026-09-08 23:37:00,4344.91,4350.28,4343.82,4348.76
2026-09-08 23:42:00,4348.77,4355.89,4348.2,4353.37
2026-09-08 23:47:00,4353.35,4357.55,4353.35,4357.03
2026-09-08 23:52:00,4357.01,4361.0,4356.58,4359.56
2026-09-08 23:57:00,4359.28,4365.62,4354.24,4356.1
2026-09-09 00:02:00,4356.26,4364.08,4354.29,4362.93
2026-09-09 00:07:00,4362.88,4368.03,4361.22,4366.23
2026-09-09 00:12:00,4366.21,4369.18,4365.1,4365.1
2026-09-09 00:17:00,4365.1,4366.73,4362.85,4366.41
2026-09-09 00:22:00,4366.41,4370.34,4365.23,4368.86
2026-09-09 00:27:00,4368.91,4374.0,4368.24,4372.45
2026-09-09 00:32:00,4372.5,4377.81,4371.79,4376.45
2026-09-09 00:37:00,4376.43,4377.95,4374.33,4376.3
2026-09-09 00:42:00,4376.3,4378.18,4374.78,4376.56
2026-09-09 00:47:00,4376.56,4376.56,4372.76,4372.79
2026-09-09 00:52:00,4372.76,4375.96,4371.83,4375.92
2026-09-09 00:57:00,4375.9,4376.12,4370.94,4372.27
2026-09-09 01:02:00,4372.25,4373.71,4370.69,4373.22
2026-09-09 01:07:00,4373.21,4375.73,4372.03,4374.6
2026-09-09 01:12:00,4374.54,4375.3,4372.66,4374.17
2026-09-09 01:17:00,4374.07,4376.92,4373.94,4374.38
2026-09-09 01:22:00,4374.38,4374.54,4371.68,4372.72
2026-09-09 01:27:00,4372.8,4373.88,4371.55,4371.78
2026-09-09 01:32:00,4371.75,4372.38,4367.32,4368.41
2026-09-09 01:37:00,4368.42,4370.89,4367.8,4370.42
2026-09-09 01:42:00,4370.63,4377.83,4369.81,4377.83
2026-09-09 01:47:00,4377.83,4378.48,4375.23,4377.55
2026-09-09 01:52:00,4377.55,4384.42,4377.55,4382.76
2026-09-09 01:57:00,4382.71,4382.89,4380.26,4380.26
2026-09-09 02:02:00,4380.24,4382.17,4378.71,4381.63
2026-09-09 02:07:00,4381.58,4381.58,4378.27,4380.25
2026-09-09 02:12:00,4380.25,4380.66,4377.45,4377.55
2026-09-09 02:17:00,4377.54,4378.43,4375.78,4378.19
2026-09-09 02:22:00,4378.19,4379.39,4375.7,4376.39
2026-09-09 02:27:00,4376.38,4378.4,4375.47,4376.23
2026-09-09 02:32:00,4376.2,4377.34,4375.45,4377.33
2026-09-09 02:37:00,4377.33,4380.02,4376.81,4379.94
2026-09-09 02:42:00,4379.89,4379.89,4377.53,4377.87
2026-09-09 02:47:00,4377.87,4379.15,4377.1,4377.14
2026-09-09 02:52:00,4377.15,4378.47,4376.26,4376.97
2026-09-09 02:57:00,4376.97,4377.72,4374.74,4375.07
2026-09-09 03:02:00,4375.07,4376.22,4372.08,4372.15
2026-09-09 03:07:00,4372.33,4372.91,4370.68,4372.51
2026-09-09 03:12:00,4372.49,4374.44,4372.13,4372.59
2026-09-09 03:17:00,4372.57,4374.64,4372.5,4374.28
2026-09-09 03:22:00,4374.27,4378.14,4373.91,4377.52
2026-09-09 03:27:00,4377.54,4380.65,4377.51,4379.27
2026-09-09 03:32:00,4379.28,4380.1,4377.87,4379.68
2026-09-09 03:37:00,4379.68,4380.1,4376.42,4376.42
2026-09-09 03:42:00,4376.42,4378.94,4376.39,4378.94
2026-09-09 03:47:00,4378.94,4380.11,4377.56,4379.21
2026-09-09 03:52:00,4379.2,4381.96,4378.61,4381.94
2026-09-09 03:57:00,4381.95,4383.4,4380.55,4383.4
2026-09-09 04:02:00,4383.49,4384.17,4380.53,4383.42
2026-09-09 04:07:00,4383.4,4386.43,4383.07,4386.02
2026-09-09 04:12:00,4386.01,4388.36,4385.68,4387.58
2026-09-09 04:17:00,4387.58,4388.74,4384.15,4384.39
2026-09-09 04:22:00,4384.36,4387.97,4383.45,4387.52
2026-09-09 04:27:00,4387.52,4389.0,4384.75,4386.26
2026-09-09 04:32:00,4385.71,4390.15,4384.36,4390.15
2026-09-09 04:37:00,4390.2,4393.67,4390.01,4393.33
2026-09-09 04:42:00,4393.32,4395.78,4391.74,4393.07
2026-09-09 04:47:00,4393.09,4399.13,4393.09,4397.94
2026-09-09 04:52:00,4397.88,4400.98,4397.58,4400.24
2026-09-09 04:57:00,4400.25,4400.51,4398.33,4398.72
2026-09-09 05:02:00,4398.76,4405.23,4398.52,4403.0
2026-09-09 05:07:00,4403.0,4403.24,4398.89,4400.08
2026-09-09 05:12:00,4400.11,4403.24,4399.46,4401.13
2026-09-09 05:17:00,4401.14,4401.69,4397.53,4397.57
2026-09-09 05:22:00,4397.67,4400.59,4396.85,4397.1
2026-09-09 05:27:00,4397.06,4399.67,4395.28,4399.67
2026-09-09 05:32:00,4399.66,4403.93,4399.66,4402.52
2026-09-09 05:37:00,4402.52,4406.04,4402.16,4402.41
2026-09-09 05:42:00,4402.42,4402.58,4398.93,4399.13
2026-09-09 05:47:00,4399.13,4401.64,4398.9,4400.98
2026-09-09 05:52:00,4400.99,4401.53,4399.75,4400.56
2026-09-09 05:57:00,4400.53,4401.6,4399.4,4400.55
2026-09-09 06:02:00,4400.51,4403.87,4400.12,4403.13
2026-09-09 06:07:00,4403.09,4404.48,4402.78,4403.54
2026-09-09 06:12:00,4403.54,4407.74,4403.49,4405.12
2026-09-09 06:17:00,4405.2,4406.41,4403.0,4406.41
2026-09-09 06:22:00,4406.43,4407.74,4405.01,4406.21
2026-09-09 06:27:00,4406.2,4408.78,4406.2,4406.95
2026-09-09 06:32:00,4407.07,4409.6,4406.49,4409.6
2026-09-09 06:37:00,4409.59,4410.32,4408.14,4409.56
2026-09-09 06:42:00,4409.58,4412.77,4408.67,4411.38
2026-09-09 06:47:00,4411.37,4412.2,4409.31,4409.59
2026-09-09 06:52:00,4409.59,4411.51,4408.43,4409.92
2026-09-09 06:57:00,4409.92,4410.23,4407.91,4409.12
2026-09-09 07:02:00,4409.12,4412.01,4407.07,4410.82
2026-09-09 07:07:00,4410.84,4411.48,4404.65,4406.38
2026-09-09 07:12:00,4406.35,4406.57,4403.12,4403.52
2026-09-09 07:17:00,4403.54,4404.17,4402.16,4402.44
2026-09-09 07:22:00,4402.44,4403.52,4400.78,4401.69
2026-09-09 07:27:00,4401.65,4402.26,4399.65,4401.3
2026-09-09 07:32:00,4401.26,4403.58,4401.14,4402.11
2026-09-09 07:37:00,4402.12,4402.24,4399.0,4401.48
2026-09-09 07:42:00,4401.45,4401.96,4399.12,4400.55
2026-09-09 07:47:00,4400.55,4402.1,4399.78,4400.57
2026-09-09 07:52:00,4400.57,4403.36,4400.32,4402.83
2026-09-09 07:57:00,4402.73,4402.77,4400.25,4400.64
2026-09-09 08:02:00,4400.52,4402.24,4399.51,4400.65
2026-09-09 08:07:00,4400.7,4402.31,4398.57,4398.9
2026-09-09 08:12:00,4398.9,4399.33,4397.7,4397.82
2026-09-09 08:17:00,4397.84,4400.21,4397.65,4399.61
2026-09-09 08:22:00,4399.59,4400.2,4397.32,4398.35
2026-09-09 08:27:00,4398.34,4399.06,4395.76,4396.72
2026-09-09 08:32:00,4396.7,4398.64,4396.54,4397.97
2026-09-09 08:37:00,4397.99,4398.61,4396.34,4396.44
2026-09-09 08:42:00,4396.44,4396.78,4394.15,4394.4
2026-09-09 08:47:00,4394.43,4396.07,4392.41,4392.81
2026-09-09 08:52:00,4392.81,4394.03,4389.18,4389.85
2026-09-09 08:57:00,4389.84,4391.7,4386.45,4386.61
2026-09-09 09:02:00,4386.6,4392.21,4386.29,4392.21
2026-09-09 09:07:00,4392.25,4393.23,4391.63,4392.46
2026-09-09 09:12:00,4392.48,4393.42,4389.28,4390.39
2026-09-09 09:17:00,4390.39,4396.0,4390.17,4394.83
2026-09-09 09:22:00,4394.85,4395.64,4393.81,4395.64
2026-09-09 09:27:00,4395.5,4395.78,4393.17,4395.78
2026-09-09 09:32:00,4395.79,4397.45,4395.08,4397.42
2026-09-09 09:37:00,4397.42,4399.35,4396.11,4396.29
2026-09-09 09:42:00,4396.29,4396.32,4394.5,4396.03
2026-09-09 09:47:00,4396.03,4400.31,4395.62,4398.76
2026-09-09 09:52:00,4398.7,4403.13,4398.46,4401.41
2026-09-09 09:57:00,4401.41,4403.47,4399.6,4403.31
2026-09-09 10:02:00,4403.33,4403.83,4401.62,4403.22
2026-09-09 10:07:00,4403.18,4404.61,4402.2,4404.16
2026-09-09 10:12:00,4404.19,4404.57,4401.49,4402.99
2026-09-09 10:17:00,4402.96,4404.73,4402.54,4403.12
2026-09-09 10:22:00,4403.12,4408.44,4402.8,4407.97
2026-09-09 10:27:00,4407.97,4409.15,4405.69,4406.58
2026-09-09 10:32:00,4406.59,4407.75,4403.63,4404.11
2026-09-09 10:37:00,4404.11,4406.05,4403.6,4405.22
2026-09-09 10:42:00,4405.21,4407.07,4403.76,4403.77
2026-09-09 10:47:00,4403.73,4415.3,4403.54,4409.28
2026-09-09 10:52:00,4409.27,4412.2,4405.96,4407.24
2026-09-09 10:57:00,4407.26,4409.42,4406.59,4406.8
2026-09-09 11:02:00,4406.7,4407.18,4401.55,4401.6
2026-09-09 11:07:00,4401.59,4404.72,4400.99,4403.14
2026-09-09 11:12:00,4403.21,4403.35,4397.61,4397.92
2026-09-09 11:17:00,4397.87,4400.29,4395.05,4399.55
2026-09-09 11:22:00,4399.61,4399.72,4394.3,4394.87
2026-09-09 11:27:00,4394.95,4396.75,4392.05,4393.18
2026-09-09 11:32:00,4393.18,4397.62,4392.54,4396.89
2026-09-09 11:37:00,4396.89,4396.91,4390.98,4392.89
2026-09-09 11:42:00,4392.85,4399.58,4391.39,4398.48
2026-09-09 11:47:00,4398.48,4399.32,4396.3,4396.58
2026-09-09 11:52:00,4396.56,4400.25,4396.3,4400.23
2026-09-09 11:57:00,4400.75,4404.62,4398.75,4404.09
2026-09-09 12:02:00,4404.09,4409.58,4403.8,4409.42
2026-09-09 12:07:00,4409.17,4413.68,4407.54,4410.97
2026-09-09 12:12:00,4410.97,4414.05,4410.13,4411.01
2026-09-09 12:17:00,4411.01,4419.35,4411.01,4417.99
2026-09-09 12:22:00,4418.12,4430.08,4416.83,4426.55
2026-09-09 12:27:00,4426.55,4433.81,4426.24,4430.33
2026-09-09 12:32:00,4430.32,4434.1,4425.86,4427.04
2026-09-09 12:37:00,4427.25,4428.11,4418.25,4418.28
2026-09-09 12:42:00,4418.29,4420.38,4413.0,4420.38
2026-09-09 12:47:00,4420.41,4423.77,4416.98,4420.37
2026-09-09 12:52:00,4420.45,4420.84,4411.79,4412.62
2026-09-09 12:57:00,4412.52,4418.28,4410.81,4417.97
2026-09-09 13:02:00,4417.97,4428.65,4417.17,4424.46
2026-09-09 13:07:00,4424.46,4424.51,4420.26,4421.25
2026-09-09 13:12:00,4421.39,4423.59,4415.06,4416.43
2026-09-09 13:17:00,4416.43,4419.24,4412.88,4413.52
2026-09-09 13:22:00,4413.53,4419.99,4409.85,4419.72
2026-09-09 13:27:00,4419.73,4426.16,4419.65,4423.26
2026-09-09 13:32:00,4423.23,4425.48,4420.62,4425.24
2026-09-09 13:37:00,4425.26,4427.11,4422.44,4424.05
2026-09-09 13:42:00,4424.05,4424.1,4418.21,4420.42
2026-09-09 13:47:00,4420.42,4422.71,4420.04,4421.85
2026-09-09 13:52:00,4421.85,4423.59,4416.04,4416.39
2026-09-09 13:57:00,4416.4,4432.01,4404.83,4407.21
2026-09-09 14:02:00,4407.58,4414.15,4380.32,4386.1
2026-09-09 14:07:00,4385.96,4395.17,4383.68,4383.68
2026-09-09 14:12:00,4383.3,4393.36,4382.08,4391.54
2026-09-09 14:17:00,4391.54,4391.84,4380.67,4382.05
2026-09-09 14:22:00,4382.09,4390.24,4375.2,4389.73
2026-09-09 14:27:00,4389.72,4397.48,4388.46,4393.05
2026-09-09 14:32:00,4392.97,4406.88,4392.66,4406.83
2026-09-09 14:37:00,4406.81,4407.02,4397.88,4402.41
2026-09-09 14:42:00,4402.44,4404.71,4400.95,4404.36
2026-09-09 14:47:00,4404.47,4407.23,4399.23,4405.17
2026-09-09 14:52:00,4405.18,4405.48,4399.25,4400.2
2026-09-09 14:57:00,4400.2,4400.46,4396.87,4398.08
2026-09-09 15:02:00,4398.13,4403.14,4397.43,4399.55
2026-09-09 15:07:00,4399.47,4400.24,4394.92,4396.06
2026-09-09 15:12:00,4396.07,4398.73,4394.27,4394.47
2026-09-09 15:17:00,4394.46,4395.76,4391.69,4395.56
2026-09-09 15:22:00,4395.47,4402.47,4394.31,4400.77
2026-09-09 15:27:00,4400.77,4402.39,4399.09,4401.49
2026-09-09 15:32:00,4401.52,4404.23,4400.39,4401.28
2026-09-09 15:37:00,4401.28,4405.02,4399.33,4404.23
2026-09-09 15:42:00,4404.23,4408.24,4404.23,4408.15
2026-09-09 15:47:00,4408.19,4409.36,4405.85,4406.43
2026-09-09 15:52:00,4406.45,4408.99,4405.64,4408.15
2026-09-09 15:57:00,4408.18,4411.18,4407.92,4410.22
2026-09-09 16:02:00,4410.22,4419.41,4409.52,4418.15
2026-09-09 16:07:00,4418.07,4420.48,4416.16,4417.31
2026-09-09 16:12:00,4417.31,4419.17,4415.26,4416.62
2026-09-09 16:17:00,4416.62,4418.58,4415.98,4418.24
2026-09-09 16:22:00,4418.35,4420.42,4415.84,4419.58
2026-09-09 16:27:00,4419.58,4420.61,4413.1,4413.59
2026-09-09 16:32:00,4413.58,4414.61,4411.89,4413.07
2026-09-09 16:37:00,4412.86,4416.39,4412.26,4416.39
2026-09-09 16:42:00,4416.39,4417.15,4413.44,4414.91
2026-09-09 16:47:00,4414.91,4415.18,4413.45,4414.81
2026-09-09 16:52:00,4414.8,4416.26,4414.56,4415.56
2026-09-09 16:57:00,4415.56,4419.07,4415.56,4417.47
2026-09-09 17:02:00,4417.47,4419.02,4416.27,4418.36
2026-09-09 17:07:00,4418.35,4419.24,4415.87,4419.07
2026-09-09 17:12:00,4419.1,4421.51,4418.24,4419.57
2026-09-09 17:17:00,4419.55,4420.71,4418.68,4419.42
2026-09-09 17:22:00,4419.4,4419.76,4416.97,4417.19
2026-09-09 17:27:00,4417.24,4418.39,4414.36,4414.9
2026-09-09 17:32:00,4414.87,4416.84,4413.76,4414.55
2026-09-09 17:37:00,4414.55,4416.57,4412.24,4412.26
2026-09-09 17:42:00,4412.23,4412.39,4408.45,4409.17
2026-09-09 17:47:00,4409.15,4409.15,4405.48,4406.69
2026-09-09 17:52:00,4406.69,4406.93,4403.05,4403.18
2026-09-09 17:57:00,4403.18,4404.14,4399.21,4399.39
2026-09-09 18:02:00,4399.4,4400.02,4397.0,4398.17
2026-09-09 18:07:00,4398.28,4400.1,4397.71,4399.01
2026-09-09 18:12:00,4398.96,4401.41,4397.18,4399.31
2026-09-09 18:17:00,4399.31,4403.92,4398.68,4403.64
2026-09-09 18:22:00,4403.62,4404.87,4402.09,4402.51
2026-09-09 18:27:00,4402.51,4402.59,4398.45,4400.6
2026-09-09 18:32:00,4400.72,4400.88,4396.25,4396.61
2026-09-09 18:37:00,4396.61,4398.09,4395.72,4397.04
2026-09-09 18:42:00,4397.01,4401.4,4396.87,4399.89
2026-09-09 18:47:00,4399.94,4401.22,4396.38,4398.23
2026-09-09 18:52:00,4398.22,4400.71,4398.22,4399.15
2026-09-09 18:57:00,4399.15,4399.79,4397.07,4397.69
2026-09-09 19:02:00,4397.75,4398.3,4396.46,4397.03
2026-09-09 19:07:00,4397.1,4397.89,4396.64,4397.86
2026-09-09 19:12:00,4397.86,4398.37,4395.99,4396.16
2026-09-09 19:17:00,4396.16,4396.32,4393.58,4393.71
2026-09-09 19:22:00,4393.71,4396.04,4393.69,4395.69
2026-09-09 19:27:00,4395.69,4397.6,4393.88,4397.53
2026-09-09 19:32:00,4397.53,4400.88,4396.32,4400.69
2026-09-09 19:37:00,4400.69,4400.69,4398.68,4399.49
2026-09-09 19:42:00,4399.51,4400.94,4399.3,4400.33
2026-09-09 19:47:00,4400.33,4400.34,4399.3,4399.73
2026-09-09 19:52:00,4399.73,4400.93,4399.47,4399.66
2026-09-09 19:57:00,4399.68,4412.67,4399.68,4405.32
2026-09-09 21:03:00,4405.32,4406.52,4403.35,4403.7
2026-09-09 21:08:00,4403.77,4406.01,4402.63,4404.97
2026-09-09 21:13:00,4404.68,4404.74,4402.36,4403.11
2026-09-09 21:18:00,4403.06,4404.45,4401.76,4401.98
2026-09-09 21:23:00,4401.98,4403.15,4400.87,4401.24
2026-09-09 21:28:00,4401.24,4403.86,4400.48,4403.86
2026-09-09 21:33:00,4403.79,4403.86,4400.36,4400.43
2026-09-09 21:38:00,4400.43,4401.52,4400.09,4401.17
2026-09-09 21:43:00,4401.15,4402.62,4399.99,4400.18
2026-09-09 21:48:00,4400.18,4400.96,4397.86,4399.07
2026-09-09 21:53:00,4399.08,4399.42,4397.75,4398.04
2026-09-09 21:58:00,4398.05,4402.37,4398.05,4401.66
2026-09-09 22:03:00,4401.58,4403.14,4400.21,4401.21
2026-09-09 22:08:00,4401.25,4402.28,4398.49,4402.13
2026-09-09 22:13:00,4402.17,4402.6,4398.09,4399.1
2026-09-09 22:18:00,4399.18,4402.24,4399.18,4400.32
2026-09-09 22:23:00,4400.32,4400.32,4396.62,4397.26
2026-09-09 22:28:00,4397.26,4399.22,4394.97,4395.0
2026-09-09 22:33:00,4395.02,4395.23,4393.93,4394.42
2026-09-09 22:38:00,4394.42,4394.54,4393.45,4393.95
2026-09-09 22:43:00,4393.9,4395.34,4393.46,4394.5
2026-09-09 22:48:00,4394.42,4394.89,4393.53,4393.97
2026-09-09 22:53:00,4393.98,4395.08,4393.48,4393.81
2026-09-09 22:58:00,4393.82,4394.31,4390.08,4390.31
2026-09-09 23:03:00,4390.35,4393.36,4389.87,4392.29
2026-09-09 23:08:00,4392.36,4397.14,4390.63,4396.31
2026-09-09 23:13:00,4396.33,4397.62,4394.59,4396.6
2026-09-09 23:18:00,4396.61,4398.53,4396.12,4396.12
2026-09-09 23:23:00,4396.11,4397.41,4394.29,4395.18
2026-09-09 23:28:00,4395.2,4396.01,4392.3,4392.91
2026-09-09 23:33:00,4392.91,4397.75,4391.48,4396.31
2026-09-09 23:38:00,4396.31,4400.07,4396.21,4398.22
2026-09-09 23:43:00,4398.21,4401.64,4397.97,4398.73
2026-09-09 23:48:00,4398.74,4402.52,4398.02,4402.19
2026-09-09 23:53:00,4402.19,4404.83,4402.03,4403.59
2026-09-09 23:58:00,4403.54,4410.65,4400.25,4410.0
2026-09-10 00:03:00,4409.99,4415.8,4407.54,4415.8
2026-09-10 00:08:00,4415.72,4418.94,4413.21,4414.06
2026-09-10 00:13:00,4414.03,4415.43,4411.58,4413.31
2026-09-10 00:18:00,4413.27,4416.51,4410.68,4414.21
2026-09-10 00:23:00,4414.19,4416.58,4411.74,4411.86
2026-09-10 00:28:00,4411.84,4412.41,4407.59,4408.15
2026-09-10 00:33:00,4408.17,4410.32,4405.25,4409.64
2026-09-10 00:38:00,4409.61,4410.64,4406.35,4408.66
2026-09-10 00:43:00,4408.66,4414.54,4407.59,4412.87
2026-09-10 00:48:00,4412.85,4414.48,4409.49,4409.77
2026-09-10 00:53:00,4409.75,4413.1,4408.06,4409.79
2026-09-10 00:58:00,4409.84,4415.34,4408.16,4414.9
2026-09-10 01:03:00,4414.97,4418.93,4414.5,4416.23
2026-09-10 01:08:00,4416.28,4418.88,4412.11,4413.78
2026-09-10 01:13:00,4413.69,4415.61,4408.18,4409.55
2026-09-10 01:18:00,4409.55,4412.31,4408.19,4412.26
2026-09-10 01:23:00,4412.27,4414.34,4411.74,4414.31
2026-09-10 01:28:00,4414.29,4417.69,4412.83,4412.88
2026-09-10 01:33:00,4412.92,4416.3,4411.19,4415.77
2026-09-10 01:38:00,4415.77,4420.93,4415.23,4419.47
2026-09-10 01:43:00,4419.48,4420.03,4417.16,4418.42
2026-09-10 01:48:00,4418.42,4420.86,4416.27,4419.84
2026-09-10 01:53:00,4419.99,4420.93,4418.13,4418.92
2026-09-10 01:58:00,4418.87,4421.1,4417.51,4418.48
2026-09-10 02:03:00,4418.47,4418.52,4414.51,4414.51
2026-09-10 02:08:00,4414.49,4416.58,4411.72,4414.78
2026-09-10 02:13:00,4414.76,4414.76,4412.29,4414.24
2026-09-10 02:18:00,4414.26,4414.93,4411.57,4411.7
2026-09-10 02:23:00,4411.7,4413.26,4409.32,4410.65
2026-09-10 02:28:00,4410.65,4412.53,4409.54,4412.53
2026-09-10 02:33:00,4412.58,4412.62,4409.61,4410.1
2026-09-10 02:38:00,4410.09,4410.15,4407.22,4407.99
2026-09-10 02:43:00,4407.91,4409.49,4407.18,4408.91
2026-09-10 02:48:00,4408.91,4409.95,4406.79,4407.63
2026-09-10 02:53:00,4407.63,4409.47,4407.27,4409.33
2026-09-10 02:58:00,4409.3,4410.75,4408.11,4410.15
2026-09-10 03:03:00,4410.15,4414.23,4409.94,4413.69
2026-09-10 03:08:00,4413.69,4415.57,4412.47,4414.74
2026-09-10 03:13:00,4414.68,4415.14,4413.54,4414.62
2026-09-10 03:18:00,4414.69,4415.53,4413.67,4414.76
2026-09-10 03:23:00,4414.8,4415.02,4412.98,4413.03
2026-09-10 03:28:00,4413.06,4413.73,4410.79,4412.14
2026-09-10 03:33:00,4412.14,4412.14,4409.93,4409.93
2026-09-10 03:38:00,4409.92,4409.93,4405.71,4406.11
2026-09-10 03:43:00,4406.09,4408.83,4405.92,4408.83
2026-09-10 03:48:00,4408.79,4411.71,4408.79,4409.28
2026-09-10 03:53:00,4409.28,4409.3,4406.79,4408.18
2026-09-10 03:58:00,4408.16,4411.78,4407.96,4411.14
2026-09-10 04:03:00,4411.08,4413.74,4408.84,4413.27
2026-09-10 04:08:00,4413.27,4416.81,4412.61,4416.63
2026-09-10 04:13:00,4416.59,4420.16,4416.37,4418.16
2026-09-10 04:18:00,4418.2,4420.0,4417.93,4418.93
2026-09-10 04:23:00,4418.93,4419.45,4417.55,4417.55
2026-09-10 04:28:00,4417.48,4426.22,4417.28,4426.22
2026-09-10 04:33:00,4426.4,4427.73,4424.42,4426.4
2026-09-10 04:38:00,4426.4,4428.85,4422.04,4428.75
2026-09-10 04:43:00,4428.81,4430.43,4427.38,4427.96
2026-09-10 04:48:00,4428.02,4428.65,4423.9,4427.29
2026-09-10 04:53:00,4427.29,4428.13,4425.68,4426.13
2026-09-10 04:58:00,4426.1,4434.62,4426.08,4427.2
2026-09-10 05:03:00,4427.17,4428.66,4423.46,4423.77
2026-09-10 05:08:00,4423.76,4424.95,4418.78,4419.0
2026-09-10 05:13:00,4419.0,4419.83,4413.13,4413.24
2026-09-10 05:18:00,4413.24,4416.18,4410.96,4413.72
2026-09-10 05:23:00,4413.72,4416.19,4411.45,4415.48
2026-09-10 05:28:00,4415.47,4419.07,4413.72,4415.4
2026-09-10 05:33:00,4415.51,4417.05,4413.26,4416.03
2026-09-10 05:38:00,4416.03,4424.7,4416.03,4424.43
2026-09-10 05:43:00,4424.46,4428.88,4424.4,4424.59
2026-09-10 05:48:00,4424.57,4428.73,4423.87,4425.95
2026-09-10 05:53:00,4426.12,4426.51,4424.54,4424.57
2026-09-10 05:58:00,4424.61,4425.52,4416.14,4416.82
2026-09-10 06:03:00,4416.84,4417.47,4414.02,4414.9
2026-09-10 06:08:00,4414.93,4417.26,4413.84,4417.26
2026-09-10 06:13:00,4417.24,4417.36,4411.75,4413.22
2026-09-10 06:18:00,4413.22,4413.44,4410.53,4410.93
2026-09-10 06:23:00,4410.93,4412.97,4408.92,4409.32
2026-09-10 06:28:00,4409.31,4410.21,4406.86,4408.87
2026-09-10 06:33:00,4408.89,4410.73,4404.09,4405.89
2026-09-10 06:38:00,4405.85,4407.62,4405.19,4406.7
2026-09-10 06:43:00,4406.6,4412.73,4406.01,4412.13
2026-09-10 06:48:00,4412.14,4415.39,4411.04,4414.71
2026-09-10 06:53:00,4414.73,4415.17,4411.72,4411.72
2026-09-10 06:58:00,4411.8,4412.82,4409.78,4410.16
2026-09-10 07:03:00,4410.16,4410.44,4406.74,4408.22
2026-09-10 07:08:00,4408.23,4409.84,4407.22,4407.45
2026-09-10 07:13:00,4407.47,4407.92,4404.74,4406.56
2026-09-10 07:18:00,4406.89,4407.06,4405.44,4405.98
2026-09-10 07:23:00,4405.97,4407.77,4404.29,4405.08
2026-09-10 07:28:00,4405.08,4406.35,4401.4,4401.93
2026-09-10 07:33:00,4401.9,4402.04,4399.68,4399.84
2026-09-10 07:38:00,4399.82,4400.94,4395.52,4397.18
2026-09-10 07:43:00,4397.15,4397.42,4393.54,4394.1
2026-09-10 07:48:00,4394.19,4398.35,4392.48,4396.83
2026-09-10 07:53:00,4396.72,4397.3,4393.86,4394.37
2026-09-10 07:58:00,4394.55,4396.08,4393.36,4395.1
2026-09-10 08:03:00,4394.99,4396.63,4391.45,4394.28
2026-09-10 08:08:00,4394.3,4394.91,4390.01,4394.64
2026-09-10 08:13:00,4394.59,4396.89,4393.62,4395.33
2026-09-10 08:18:00,4395.33,4396.35,4393.6,4394.04
2026-09-10 08:23:00,4394.04,4395.59,4391.81,4395.13
2026-09-10 08:28:00,4395.12,4395.12,4389.64,4389.91
2026-09-10 08:33:00,4389.97,4393.08,4389.85,4391.36
2026-09-10 08:38:00,4391.35,4392.2,4388.43,4388.82
2026-09-10 08:43:00,4388.82,4395.35,4388.68,4394.53
2026-09-10 08:48:00,4394.46,4395.83,4393.83,4394.62
2026-09-10 08:53:00,4394.57,4395.79,4393.99,4394.3
2026-09-10 08:58:00,4394.3,4396.56,4391.71,4396.56
2026-09-10 09:03:00,4396.56,4400.04,4396.35,4397.11
2026-09-10 09:08:00,4397.09,4397.26,4390.01,4394.22
2026-09-10 09:13:00,4394.23,4400.18,4394.07,4398.77
2026-09-10 09:18:00,4398.67,4399.33,4396.92,4398.69
2026-09-10 09:23:00,4398.72,4399.07,4394.48,4394.8
2026-09-10 09:28:00,4394.82,4395.79,4387.26,4388.59
2026-09-10 09:33:00,4388.6,4388.87,4377.9,4384.06
2026-09-10 09:38:00,4383.89,4386.55,4382.59,4386.37
2026-09-10 09:43:00,4386.07,4386.4,4382.28,4383.07
2026-09-10 09:48:00,4382.93,4383.63,4375.23,4377.44
2026-09-10 09:53:00,4377.44,4387.65,4376.76,4382.92
2026-09-10 09:58:00,4382.65,4382.83,4377.65,4381.87
2026-09-10 10:03:00,4381.82,4384.53,4379.17,4381.76
2026-09-10 10:08:00,4381.68,4383.0,4375.39,4377.77
2026-09-10 10:13:00,4377.75,4385.63,4377.51,4382.46
2026-09-10 10:18:00,4382.38,4384.39,4379.97,4381.47
2026-09-10 10:23:00,4381.47,4388.75,4381.38,4387.31
2026-09-10 10:28:00,4387.26,4387.83,4385.02,4387.07
2026-09-10 10:33:00,4387.04,4388.69,4384.54,4388.03
2026-09-10 10:38:00,4387.94,4390.76,4386.31,4388.11
2026-09-10 10:43:00,4388.03,4388.37,4381.1,4381.43
2026-09-10 10:48:00,4381.4,4382.69,4375.87,4376.48
2026-09-10 10:53:00,4376.48,4380.67,4374.13,4376.48
2026-09-10 10:58:00,4376.51,4377.72,4371.78,4373.94
2026-09-10 11:03:00,4373.95,4374.81,4369.92,4374.13
2026-09-10 11:08:00,4374.11,4377.82,4371.9,4374.22
2026-09-10 11:13:00,4374.21,4377.16,4366.69,4369.96
2026-09-10 11:18:00,4369.94,4374.16,4367.89,4369.72
2026-09-10 11:23:00,4369.71,4369.71,4361.97,4362.41
2026-09-10 11:28:00,4362.43,4372.8,4349.36,4351.2
2026-09-10 11:33:00,4351.46,4352.87,4331.28,4331.28
2026-09-10 11:38:00,4331.44,4335.15,4324.04,4332.98
2026-09-10 11:43:00,4332.96,4345.88,4330.17,4340.95
2026-09-10 11:48:00,4340.68,4355.0,4338.41,4347.01
2026-09-10 11:53:00,4346.71,4347.09,4336.41,4341.52
2026-09-10 11:58:00,4341.35,4355.42,4338.02,4354.05
2026-09-10 12:03:00,4354.0,4354.39,4346.7,4347.47
2026-09-10 12:08:00,4347.55,4353.41,4344.72,4345.7
2026-09-10 12:13:00,4345.71,4348.51,4341.57,4344.89
2026-09-10 12:18:00,4344.89,4355.95,4344.66,4352.62
2026-09-10 12:23:00,4352.74,4355.37,4344.93,4354.04
2026-09-10 12:28:00,4353.99,4362.85,4351.36,4360.67
2026-09-10 12:33:00,4360.6,4368.23,4359.55,4367.29
2026-09-10 12:38:00,4367.28,4373.45,4366.95,4369.14
2026-09-10 12:43:00,4369.17,4372.59,4363.53,4371.86
2026-09-10 12:48:00,4371.85,4375.92,4362.5,4372.82
2026-09-10 12:53:00,4372.8,4374.67,4365.43,4367.37
2026-09-10 12:58:00,4367.4,4375.16,4364.56,4372.67
2026-09-10 13:03:00,4372.74,4373.25,4361.91,4362.08
2026-09-10 13:08:00,4362.29,4367.15,4359.88,4360.12
2026-09-10 13:13:00,4360.5,4362.8,4355.0,4355.45
2026-09-10 13:18:00,4355.38,4366.8,4354.04,4366.7
2026-09-10 13:23:00,4366.75,4376.56,4359.38,4366.72
2026-09-10 13:28:00,4366.98,4367.89,4360.32,4363.49
2026-09-10 13:33:00,4363.36,4370.36,4362.17,4368.85
2026-09-10 13:38:00,4368.8,4369.37,4360.4,4360.45
2026-09-10 13:43:00,4360.43,4360.43,4354.04,4354.58
2026-09-10 13:48:00,4354.58,4360.52,4354.09,4360.52
2026-09-10 13:53:00,4360.72,4361.73,4354.09,4358.59
2026-09-10 13:58:00,4358.71,4359.14,4352.68,4353.91
2026-09-10 14:03:00,4353.86,4357.36,4352.97,4356.94
2026-09-10 14:08:00,4356.94,4361.47,4355.35,4358.02
2026-09-10 14:13:00,4358.18,4364.48,4356.18,4364.38
2026-09-10 14:18:00,4364.3,4366.52,4361.31,4366.45
2026-09-10 14:23:00,4366.48,4367.82,4364.58,4367.56
2026-09-10 14:28:00,4367.57,4367.66,4362.36,4363.33
2026-09-10 14:33:00,4363.31,4372.26,4362.85,4370.94
2026-09-10 14:38:00,4370.94,4371.37,4365.12,4365.43
2026-09-10 14:43:00,4365.48,4366.56,4361.02,4362.58
2026-09-10 14:48:00,4362.56,4370.16,4362.47,4368.47
2026-09-10 14:53:00,4368.48,4368.88,4363.93,4365.47
2026-09-10 14:58:00,4365.45,4368.85,4364.95,4367.89
2026-09-10 15:03:00,4367.85,4370.01,4363.17,4363.87
2026-09-10 15:08:00,4363.87,4364.31,4354.12,4357.94
2026-09-10 15:13:00,4357.94,4361.23,4355.32,4355.42
2026-09-10 15:18:00,4355.43,4362.18,4355.43,4362.04
2026-09-10 15:23:00,4361.99,4362.88,4359.97,4362.23
2026-09-10 15:28:00,4362.24,4365.57,4361.61,4364.73
2026-09-10 15:33:00,4364.74,4365.0,4355.77,4359.96
2026-09-10 15:38:00,4359.97,4361.47,4357.44,4357.55
2026-09-10 15:43:00,4357.43,4363.16,4356.31,4362.39
2026-09-10 15:48:00,4362.48,4363.94,4359.02,4362.19
2026-09-10 15:53:00,4362.21,4363.73,4359.76,4361.37
2026-09-10 15:58:00,4361.32,4367.75,4361.32,4362.6
2026-09-10 16:03:00,4362.58,4364.65,4359.65,4363.29
2026-09-10 16:08:00,4363.24,4366.29,4360.94,4365.38
2026-09-10 16:13:00,4365.38,4365.5,4361.46,4363.03
2026-09-10 16:18:00,4363.08,4365.63,4361.41,4363.68
2026-09-10 16:23:00,4363.7,4366.88,4362.64,4365.98
2026-09-10 16:28:00,4365.99,4366.87,4363.35,4364.95
2026-09-10 16:33:00,4365.21,4365.49,4361.88,4361.93
2026-09-10 16:38:00,4361.92,4362.6,4355.42,4356.89
2026-09-10 16:43:00,4356.89,4360.21,4356.53,4357.33
2026-09-10 16:48:00,4357.33,4360.3,4356.9,4359.44
2026-09-10 16:53:00,4359.5,4360.0,4351.7,4351.71
2026-09-10 16:58:00,4351.71,4356.08,4349.13,4352.78
2026-09-10 17:03:00,4352.85,4352.85,4347.73,4349.3
2026-09-10 17:08:00,4349.3,4350.43,4340.95,4342.67
2026-09-10 17:13:00,4342.76,4344.94,4339.38,4341.18
2026-09-10 17:18:00,4341.15,4344.84,4340.78,4344.81
2026-09-10 17:23:00,4344.81,4346.35,4337.56,4338.66
2026-09-10 17:28:00,4338.56,4341.45,4334.94,4335.78
2026-09-10 17:33:00,4335.58,4336.01,4332.39,4333.61
2026-09-10 17:38:00,4333.62,4335.58,4331.88,4334.26
2026-09-10 17:43:00,4334.25,4334.79,4331.02,4331.45
2026-09-10 17:48:00,4331.45,4338.65,4329.83,4337.12
2026-09-10 17:53:00,4337.11,4337.33,4330.55,4332.54
2026-09-10 17:58:00,4332.52,4333.46,4315.53,4315.53
2026-09-10 18:03:00,4315.54,4320.33,4313.76,4317.19
2026-09-10 18:08:00,4317.24,4324.65,4317.08,4321.24
2026-09-10 18:13:00,4321.23,4323.71,4319.39,4320.51
2026-09-10 18:18:00,4320.45,4324.69,4319.61,4324.21
2026-09-10 18:23:00,4324.2,4330.89,4323.72,4330.53
2026-09-10 18:28:00,4330.41,4330.41,4325.21,4327.21
2026-09-10 18:33:00,4327.2,4328.01,4324.83,4325.71
2026-09-10 18:38:00,4325.71,4327.92,4324.16,4325.06
2026-09-10 18:43:00,4325.09,4326.16,4322.8,4323.6
2026-09-10 18:48:00,4323.63,4324.05,4320.08,4321.44
2026-09-10 18:53:00,4321.38,4324.82,4321.07,4322.82
2026-09-10 18:58:00,4322.79,4324.51,4321.7,4322.11
2026-09-10 19:03:00,4322.08,4322.55,4320.01,4322.04
2026-09-10 19:08:00,4322.04,4324.28,4321.95,4322.52
2026-09-10 19:13:00,4322.61,4323.1,4321.98,4322.51
2026-09-10 19:18:00,4322.52,4322.97,4317.21,4317.73
2026-09-10 19:23:00,4317.71,4318.9,4316.4,4318.59
2026-09-10 19:28:00,4318.59,4319.19,4316.47,4317.69
2026-09-10 19:33:00,4317.66,4318.22,4315.7,4316.89
2026-09-10 19:38:00,4316.82,4318.23,4315.81,4316.75
2026-09-10 19:43:00,4316.75,4318.76,4316.6,4318.3
2026-09-10 19:48:00,4318.3,4318.45,4314.59,4316.95
2026-09-10 19:53:00,4316.87,4318.9,4316.18,4316.55
2026-09-10 19:58:00,4316.55,4333.28,4316.42,4322.74
2026-09-10 21:04:00,4322.78,4323.61,4320.89,4321.96
2026-09-10 21:09:00,4321.93,4323.06,4320.88,4321.53
2026-09-10 21:14:00,4321.52,4322.15,4319.75,4320.25
2026-09-10 21:19:00,4320.25,4321.52,4319.09,4319.5
2026-09-10 21:24:00,4319.51,4320.32,4318.94,4319.43
2026-09-10 21:29:00,4319.43,4320.36,4315.69,4318.61
2026-09-10 21:34:00,4318.59,4318.88,4316.77,4317.2
2026-09-10 21:39:00,4317.19,4318.0,4313.31,4315.98
2026-09-10 21:44:00,4315.98,4317.59,4314.95,4317.33
2026-09-10 21:49:00,4317.33,4319.27,4316.83,4317.54
2026-09-10 21:54:00,4317.53,4318.8,4317.29,4318.47
2026-09-10 21:59:00,4318.47,4319.9,4317.38,4318.68
2026-09-10 22:04:00,4318.68,4319.66,4318.18,4318.24
2026-09-10 22:09:00,4318.24,4319.43,4316.66,4319.39
2026-09-10 22:14:00,4319.37,4319.89,4319.06,4319.59
2026-09-10 22:19:00,4319.62,4320.49,4318.21,4318.39
2026-09-10 22:24:00,4318.33,4319.29,4317.79,4318.38
2026-09-10 22:29:00,4318.36,4320.32,4317.28,4320.14
2026-09-10 22:34:00,4320.12,4320.16,4314.65,4315.69
2026-09-10 22:39:00,4315.69,4318.16,4315.19,4316.25
2026-09-10 22:44:00,4316.14,4317.97,4314.09,4314.84
2026-09-10 22:49:00,4314.79,4316.34,4313.27,4313.89
2026-09-10 22:54:00,4313.87,4316.28,4311.2,4314.52
2026-09-10 22:59:00,4314.53,4321.31,4312.62,4319.4
2026-09-10 23:04:00,4319.39,4323.75,4318.63,4319.57
2026-09-10 23:09:00,4319.56,4320.97,4315.1,4318.47
2026-09-10 23:14:00,4318.34,4321.34,4317.04,4320.61
2026-09-10 23:19:00,4320.32,4321.99,4318.3,4321.28
2026-09-10 23:24:00,4321.25,4323.88,4317.4,4323.69
2026-09-10 23:29:00,4323.71,4325.1,4319.83,4320.97
2026-09-10 23:34:00,4320.96,4324.41,4319.93,4324.4
2026-09-10 23:39:00,4324.4,4325.67,4321.13,4325.1
2026-09-10 23:44:00,4325.08,4332.93,4325.08,4332.93
2026-09-10 23:49:00,4332.9,4333.87,4331.18,4333.51
2026-09-10 23:54:00,4333.5,4333.58,4330.02,4330.48
2026-09-10 23:59:00,4330.49,4339.55,4328.15,4339.33
2026-09-11 00:04:00,4339.3,4340.44,4333.73,4333.74
2026-09-11 00:09:00,4333.59,4339.11,4333.34,4335.2
2026-09-11 00:14:00,4335.18,4337.41,4331.19,4332.71
2026-09-11 00:19:00,4332.74,4332.93,4324.06,4324.76
2026-09-11 00:24:00,4324.73,4330.59,4320.93,4328.41
2026-09-11 00:29:00,4328.48,4333.21,4326.85,4330.49
2026-09-11 00:34:00,4330.45,4334.93,4330.27,4331.53
2026-09-11 00:39:00,4331.74,4331.83,4322.65,4325.54
2026-09-11 00:44:00,4325.56,4328.16,4324.1,4326.7
2026-09-11 00:49:00,4326.67,4330.15,4324.54,4324.91
2026-09-11 00:54:00,4324.92,4327.59,4324.33,4326.98
2026-09-11 00:59:00,4326.94,4331.62,4326.89,4330.68
2026-09-11 01:04:00,4330.68,4333.54,4327.99,4330.82
2026-09-11 01:09:00,4330.81,4332.22,4329.01,4332.13
2026-09-11 01:14:00,4332.13,4333.6,4329.91,4333.42
2026-09-11 01:19:00,4333.49,4334.65,4328.51,4329.09
2026-09-11 01:24:00,4329.09,4329.27,4323.6,4326.75
2026-09-11 01:29:00,4326.73,4326.76,4317.38,4318.38
2026-09-11 01:34:00,4318.34,4322.15,4316.89,4321.58
2026-09-11 01:39:00,4321.62,4325.58,4320.16,4321.37
2026-09-11 01:44:00,4321.45,4323.77,4315.99,4323.57
2026-09-11 01:49:00,4323.57,4326.82,4323.54,4325.15
2026-09-11 01:54:00,4325.29,4325.38,4321.13,4323.73
2026-09-11 01:59:00,4323.66,4326.51,4321.87,4324.0
2026-09-11 02:04:00,4324.08,4324.73,4315.07,4317.87
2026-09-11 02:09:00,4317.85,4319.46,4314.51,4318.48
2026-09-11 02:14:00,4318.47,4321.56,4317.38,4317.94
2026-09-11 02:19:00,4317.93,4317.93,4304.35,4306.48
2026-09-11 02:24:00,4306.47,4310.64,4304.88,4308.82
2026-09-11 02:29:00,4308.84,4311.43,4306.49,4308.19
2026-09-11 02:34:00,4308.12,4310.83,4306.86,4309.54
2026-09-11 02:39:00,4309.64,4312.62,4308.25,4310.76
2026-09-11 02:44:00,4310.77,4310.92,4302.81,4303.74
2026-09-11 02:49:00,4303.75,4303.97,4300.89,4302.65
2026-09-11 02:54:00,4302.61,4307.07,4301.05,4304.37
2026-09-11 02:59:00,4304.36,4305.86,4302.01,4305.86
2026-09-11 03:04:00,4305.91,4317.82,4305.88,4317.75
2026-09-11 03:09:00,4317.75,4325.0,4316.33,4324.28
2026-09-11 03:14:00,4324.27,4325.03,4319.52,4320.28
2026-09-11 03:19:00,4320.32,4326.23,4320.08,4326.22
2026-09-11 03:24:00,4326.19,4328.74,4325.97,4328.6
2026-09-11 03:29:00,4328.57,4330.22,4327.86,4328.06
2026-09-11 03:34:00,4328.19,4328.54,4325.53,4327.32
2026-09-11 03:39:00,4327.32,4332.58,4327.0,4331.74
2026-09-11 03:44:00,4331.73,4332.91,4329.05,4329.59
2026-09-11 03:49:00,4329.59,4334.81,4329.15,4333.3
2026-09-11 03:54:00,4333.29,4335.33,4332.24,4333.24
2026-09-11 03:59:00,4333.28,4333.46,4328.39,4329.83
2026-09-11 04:04:00,4329.82,4334.33,4328.98,4330.09
2026-09-11 04:09:00,4330.16,4336.27,4330.14,4335.54
2026-09-11 04:14:00,4335.52,4338.75,4334.92,4338.63
2026-09-11 04:19:00,4338.63,4339.32,4335.64,4337.47
2026-09-11 04:24:00,4337.49,4337.63,4333.57,4334.02
2026-09-11 04:29:00,4334.0,4340.01,4333.73,4337.56
2026-09-11 04:34:00,4337.55,4341.0,4336.35,4337.03
2026-09-11 04:39:00,4337.1,4341.29,4334.23,4340.92
2026-09-11 04:44:00,4340.9,4347.09,4339.76,4344.04
2026-09-11 04:49:00,4344.12,4347.77,4343.11,4344.65
2026-09-11 04:54:00,4344.65,4352.02,4344.49,4346.09
2026-09-11 04:59:00,4346.06,4356.16,4345.64,4353.22
2026-09-11 05:04:00,4353.26,4359.12,4351.87,4357.88
2026-09-11 05:09:00,4357.82,4359.57,4354.51,4358.58
2026-09-11 05:14:00,4358.68,4360.97,4356.6,4356.9
2026-09-11 05:19:00,4356.88,4359.07,4353.11,4353.46
2026-09-11 05:24:00,4353.46,4354.27,4351.36,4352.03
2026-09-11 05:29:00,4352.01,4353.07,4347.92,4347.94
2026-09-11 05:34:00,4347.93,4352.15,4347.07,4351.38
2026-09-11 05:39:00,4351.37,4354.02,4349.37,4349.96
2026-09-11 05:44:00,4349.92,4355.35,4349.57,4353.77
2026-09-11 05:49:00,4354.27,4354.41,4349.59,4351.77
2026-09-11 05:54:00,4351.79,4353.54,4350.89,4352.42
2026-09-11 05:59:00,4352.44,4356.2,4352.19,4353.04
2026-09-11 06:04:00,4353.09,4356.09,4350.62,4350.72
2026-09-11 06:09:00,4350.68,4355.42,4349.91,4352.56
2026-09-11 06:14:00,4352.57,4353.1,4350.25,4350.99
2026-09-11 06:19:00,4351.0,4352.06,4347.85,4350.86
2026-09-11 06:24:00,4350.86,4352.38,4346.23,4347.85
2026-09-11 06:29:00,4347.87,4347.92,4345.52,4345.87
