time,open,high,low,close
2010-06-14 20:00:00,1221.05,1236.65,1219.7,1233.95
2010-06-15 20:00:00,1233.9,1237.78,1226.85,1228.98
2010-06-16 20:00:00,1229.0,1251.03,1228.9,1244.83
2010-06-17 20:00:00,1244.75,1262.18,1241.58,1255.63
2010-06-20 20:00:00,1259.05,1265.05,1230.6,1233.53
2010-06-21 20:00:00,1233.55,1242.63,1231.55,1239.85
2010-06-22 20:00:00,1239.8,1246.25,1224.6,1237.15
2010-06-23 20:00:00,1237.2,1248.33,1227.63,1243.23
2010-06-24 20:00:00,1243.2,1258.2,1240.95,1254.48
2010-06-27 20:00:00,1253.95,1262.54,1235.55,1238.75
2010-06-28 20:00:00,1238.8,1244.98,1227.15,1240.4
2010-06-29 20:00:00,1240.38,1247.49,1234.55,1242.08
2010-06-30 20:00:00,1242.13,1243.74,1196.38,1198.78
2010-07-01 20:00:00,1198.8,1213.23,1198.25,1211.15
2010-07-04 20:00:00,1211.6,1214.35,1205.81,1208.65
2010-07-05 20:00:00,1208.45,1213.54,1189.15,1192.5
2010-07-06 20:00:00,1192.48,1203.85,1184.79,1202.35
2010-07-07 20:00:00,1202.4,1207.8,1187.3,1197.85
2010-07-08 20:00:00,1197.9,1213.6,1194.33,1209.6
2010-07-11 20:00:00,1211.45,1212.55,1196.2,1196.6
2010-07-12 20:00:00,1196.68,1217.78,1196.0,1212.14
2010-07-13 20:00:00,1212.16,1217.88,1202.5,1208.08
2010-07-14 20:00:00,1208.13,1217.15,1203.63,1208.05
2010-07-15 20:00:00,1208.03,1210.7,1185.98,1192.65
2010-07-18 20:00:00,1193.6,1194.9,1177.38,1182.7
2010-07-19 20:00:00,1182.68,1193.65,1175.55,1191.88
2010-07-20 20:00:00,1191.85,1197.9,1183.28,1184.7
2010-07-21 20:00:00,1184.65,1201.08,1181.03,1194.73
2010-07-22 20:00:00,1194.78,1203.85,1183.99,1187.18
2010-07-25 20:00:00,1187.6,1194.53,1179.7,1183.38
2010-07-26 20:00:00,1183.33,1186.95,1158.0,1161.5
2010-07-27 20:00:00,1161.4,1165.93,1156.85,1163.35
2010-07-28 20:00:00,1163.28,1169.4,1159.33,1168.08
2010-07-29 20:00:00,1168.05,1183.5,1165.73,1180.7
2010-08-01 20:00:00,1180.25,1190.3,1174.38,1182.62
2010-08-02 20:00:00,1182.67,1190.54,1179.32,1185.94
2010-08-03 20:00:00,1185.92,1202.84,1185.62,1194.78
2010-08-04 20:00:00,1194.81,1199.69,1189.8,1194.75
2010-08-05 20:00:00,1194.72,1210.82,1192.3,1205.16
2010-08-08 20:00:00,1204.1,1209.72,1198.9,1201.15
2010-08-09 20:00:00,1201.12,1207.37,1190.57,1204.04
2010-08-10 20:00:00,1204.07,1207.87,1192.3,1197.85
2010-08-11 20:00:00,1197.87,1215.23,1197.25,1213.64
2010-08-12 20:00:00,1213.55,1217.45,1210.55,1214.72
2010-08-15 20:00:00,1214.7,1227.3,1213.85,1224.96
2010-08-16 20:00:00,1225.02,1228.94,1222.4,1224.64
2010-08-17 20:00:00,1224.61,1232.37,1217.35,1229.2
2010-08-18 20:00:00,1229.23,1237.3,1227.7,1231.96
2010-08-19 20:00:00,1231.94,1233.12,1221.95,1227.3
2010-08-22 20:00:00,1226.7,1231.86,1221.74,1225.9
2010-08-23 20:00:00,1225.8,1235.4,1210.12,1230.4
2010-08-24 20:00:00,1230.35,1241.3,1228.95,1239.85
2010-08-25 20:00:00,1239.75,1244.05,1233.95,1237.35
2010-08-26 20:00:00,1237.45,1242.15,1231.84,1237.92
2010-08-29 20:00:00,1236.7,1238.25,1233.23,1236.68
2010-08-30 20:00:00,1236.7,1249.75,1231.7,1247.2
2010-08-31 20:00:00,1247.23,1254.58,1242.25,1244.03
2010-09-01 20:00:00,1244.08,1253.1,1243.35,1250.7
2010-09-02 20:00:00,1250.65,1253.65,1237.7,1246.5
2010-09-05 20:00:00,1247.35,1251.05,1246.65,1249.75
2010-09-06 20:00:00,1249.95,1259.55,1244.55,1255.3
2010-09-07 20:00:00,1255.35,1262.25,1253.18,1254.65
2010-09-08 20:00:00,1254.7,1258.65,1242.03,1243.48
2010-09-09 20:00:00,1243.55,1251.0,1236.43,1245.53
2010-09-12 20:00:00,1247.05,1249.05,1240.85,1245.38
2010-09-13 20:00:00,1245.45,1274.75,1244.68,1267.98
2010-09-14 20:00:00,1268.03,1271.8,1263.1,1267.9
2010-09-15 20:00:00,1267.88,1277.71,1264.68,1275.0
2010-09-16 20:00:00,1275.03,1282.75,1271.87,1274.6
2010-09-19 20:00:00,1274.63,1283.58,1274.13,1278.18
2010-09-20 20:00:00,1278.23,1290.5,1270.63,1286.9
2010-09-21 20:00:00,1286.85,1296.07,1286.2,1291.14
2010-09-22 20:00:00,1291.17,1295.89,1286.82,1292.22
2010-09-23 20:00:00,1292.17,1299.72,1291.43,1296.11
2010-09-26 20:00:00,1296.58,1299.9,1293.93,1294.18
2010-09-27 20:00:00,1294.13,1309.99,1282.91,1308.89
2010-09-28 20:00:00,1308.97,1313.4,1305.45,1309.64
2010-09-29 20:00:00,1309.67,1315.8,1295.93,1308.15
2010-09-30 20:00:00,1308.12,1320.49,1305.93,1319.15
2010-10-03 20:00:00,1318.48,1320.03,1312.23,1315.03
2010-10-04 20:00:00,1315.08,1341.58,1312.33,1340.48
2010-10-05 20:00:00,1340.58,1349.63,1338.88,1348.75
2010-10-06 20:00:00,1348.76,1364.78,1325.67,1333.37
2010-10-07 20:00:00,1333.34,1349.6,1324.84,1346.83
2010-10-10 20:00:00,1348.23,1355.43,1340.18,1353.81
2010-10-11 20:00:00,1353.8,1355.2,1340.56,1350.16
2010-10-12 20:00:00,1350.19,1374.24,1349.63,1371.9
2010-10-13 20:00:00,1371.85,1387.1,1370.5,1380.91
2010-10-14 20:00:00,1380.94,1385.43,1362.21,1368.37
2010-10-17 20:00:00,1369.13,1374.84,1352.69,1368.24
2010-10-18 20:00:00,1368.26,1370.98,1328.14,1331.8
2010-10-19 20:00:00,1331.75,1347.0,1330.48,1345.99
2010-10-20 20:00:00,1345.94,1349.06,1317.81,1325.46
2010-10-21 20:00:00,1325.5,1328.45,1315.07,1327.65
2010-10-24 20:00:00,1327.23,1349.05,1327.23,1339.69
2010-10-25 20:00:00,1339.72,1343.5,1327.94,1340.25
2010-10-26 20:00:00,1340.3,1343.48,1318.98,1325.15
2010-10-27 20:00:00,1325.13,1345.8,1322.84,1343.85
2010-10-28 20:00:00,1343.88,1359.28,1335.15,1357.52
2010-10-31 20:00:00,1358.03,1365.98,1348.98,1353.67
2010-11-01 20:00:00,1353.69,1359.8,1350.2,1357.25
2010-11-02 20:00:00,1357.15,1364.45,1325.43,1348.38
2010-11-03 20:00:00,1348.4,1393.3,1346.7,1392.28
2010-11-04 20:00:00,1392.3,1398.13,1373.23,1395.15
2010-11-07 19:00:00,1393.42,1410.38,1386.68,1409.35
2010-11-08 19:00:00,1409.33,1424.43,1382.65,1392.73
2010-11-09 19:00:00,1392.78,1410.08,1383.95,1403.78
2010-11-10 19:00:00,1403.83,1417.7,1397.15,1408.35
2010-11-11 19:00:00,1408.4,1409.75,1359.9,1368.38
2010-11-14 19:00:00,1369.53,1376.75,1355.75,1360.48
2010-11-15 19:00:00,1360.53,1364.65,1329.65,1339.55
2010-11-16 19:00:00,1339.5,1344.83,1330.71,1335.88
2010-11-17 19:00:00,1335.9,1359.15,1333.27,1353.15
2010-11-18 19:00:00,1353.13,1363.28,1341.55,1353.15
2010-11-21 19:00:00,1359.28,1367.75,1348.37,1366.62
2010-11-22 19:00:00,1366.63,1382.38,1356.13,1376.26
2010-11-23 19:00:00,1376.21,1381.38,1369.18,1373.18
2010-11-24 19:00:00,1373.23,1375.18,1368.03,1374.73
2010-11-25 19:00:00,1374.98,1375.03,1350.88,1363.53
2010-11-28 19:00:00,1364.05,1369.23,1353.15,1366.08
2010-11-29 19:00:00,1366.03,1389.78,1362.8,1385.73
2010-11-30 19:00:00,1385.86,1396.78,1381.75,1387.58
2010-12-01 19:00:00,1387.56,1398.38,1383.03,1384.93
2010-12-02 19:00:00,1384.96,1413.8,1384.48,1413.38
2010-12-05 19:00:00,1414.2,1427.4,1408.78,1423.5
2010-12-06 19:00:00,1423.53,1430.9,1396.38,1401.68
2010-12-07 19:00:00,1401.61,1404.26,1371.23,1381.73
2010-12-08 19:00:00,1381.76,1394.53,1380.08,1386.71
2010-12-09 19:00:00,1386.73,1392.05,1372.08,1386.6
2010-12-12 19:00:00,1385.68,1399.2,1380.1,1393.77
2010-12-13 19:00:00,1393.8,1408.0,1391.8,1395.91
2010-12-14 19:00:00,1395.96,1397.16,1378.36,1380.51
2010-12-15 19:00:00,1380.48,1386.24,1361.03,1369.86
2010-12-16 19:00:00,1369.88,1378.75,1364.65,1374.53
2010-12-19 19:00:00,1374.58,1388.04,1374.55,1385.06
2010-12-20 19:00:00,1385.03,1391.98,1380.78,1385.21
2010-12-21 19:00:00,1385.23,1390.91,1382.91,1385.08
2010-12-22 19:00:00,1385.06,1388.25,1372.05,1379.66
2010-12-23 19:00:00,1379.71,1385.21,1378.38,1384.66
2010-12-26 19:00:00,1384.64,1386.2,1371.96,1383.41
2010-12-27 19:00:00,1383.51,1406.53,1382.36,1405.64
2010-12-28 19:00:00,1405.67,1413.96,1401.05,1411.38
2010-12-29 19:00:00,1411.33,1414.66,1402.98,1404.41
2010-12-30 19:00:00,1404.45,1419.15,1403.87,1418.52
2011-01-02 19:00:00,1420.98,1423.83,1412.39,1414.53
2011-01-03 19:00:00,1414.57,1417.14,1374.7,1380.27
2011-01-04 19:00:00,1380.3,1384.7,1363.85,1377.93
2011-01-05 19:00:00,1377.96,1379.75,1364.7,1371.18
2011-01-06 19:00:00,1371.16,1378.68,1352.59,1368.75
2011-01-09 19:00:00,1369.51,1375.91,1365.32,1375.33
2011-01-10 19:00:00,1375.38,1386.6,1372.58,1381.18
2011-01-11 19:00:00,1381.23,1388.73,1376.59,1387.58
2011-01-12 19:00:00,1387.63,1393.01,1369.45,1372.98
2011-01-13 19:00:00,1373.33,1377.92,1354.95,1359.65
2011-01-16 19:00:00,1359.78,1365.66,1357.18,1361.23
2011-01-17 19:00:00,1361.28,1376.15,1360.38,1367.98
2011-01-18 19:00:00,1367.95,1379.17,1365.51,1369.66
2011-01-19 19:00:00,1369.79,1371.08,1343.25,1345.86
2011-01-20 19:00:00,1345.89,1350.18,1337.68,1342.88
2011-01-23 19:00:00,1342.45,1353.0,1332.23,1333.79
2011-01-24 19:00:00,1333.82,1338.33,1322.54,1332.07
2011-01-25 19:00:00,1332.09,1346.48,1324.9,1345.57
2011-01-26 19:00:00,1345.62,1347.76,1310.33,1313.58
2011-01-27 19:00:00,1313.63,1347.05,1307.95,1335.2
2011-01-30 19:00:00,1337.7,1345.8,1323.05,1332.45
2011-01-31 19:00:00,1332.4,1342.97,1325.58,1340.88
2011-02-01 19:00:00,1340.98,1343.38,1326.75,1334.85
2011-02-02 19:00:00,1334.9,1355.7,1324.93,1353.93
2011-02-03 19:00:00,1353.98,1358.64,1344.9,1349.05
2011-02-06 19:00:00,1348.55,1353.07,1342.78,1350.95
2011-02-07 19:00:00,1350.9,1367.75,1348.26,1363.55
2011-02-08 19:00:00,1363.6,1367.0,1357.97,1363.35
2011-02-09 19:00:00,1363.4,1365.86,1350.86,1363.5
2011-02-10 19:00:00,1363.55,1368.38,1353.98,1356.28
2011-02-13 19:00:00,1356.1,1366.57,1353.6,1361.48
2011-02-14 19:00:00,1361.5,1376.39,1360.7,1373.45
2011-02-15 19:00:00,1373.41,1381.81,1368.05,1374.08
2011-02-16 19:00:00,1374.18,1384.87,1374.13,1383.7
2011-02-17 19:00:00,1383.73,1391.79,1381.74,1387.55
2011-02-20 19:00:00,1388.85,1408.29,1388.85,1406.05
2011-02-21 19:00:00,1406.03,1410.95,1392.68,1398.68
2011-02-22 19:00:00,1398.63,1416.59,1395.45,1411.39
2011-02-23 19:00:00,1411.41,1418.09,1395.07,1402.3
2011-02-24 19:00:00,1402.35,1411.6,1399.7,1408.0
2011-02-27 19:00:00,1408.95,1416.24,1404.69,1411.03
2011-02-28 19:00:00,1411.08,1434.6,1409.25,1432.83
2011-03-01 19:00:00,1432.85,1440.3,1427.54,1434.03
2011-03-02 19:00:00,1434.28,1436.13,1410.08,1415.63
2011-03-03 19:00:00,1415.68,1431.95,1413.18,1428.05
2011-03-06 19:00:00,1432.2,1444.79,1428.02,1431.63
2011-03-07 19:00:00,1431.68,1436.66,1423.12,1428.58
2011-03-08 19:00:00,1428.53,1436.14,1422.83,1430.53
2011-03-09 19:00:00,1430.58,1431.68,1402.98,1411.4
2011-03-10 19:00:00,1411.35,1423.82,1404.68,1416.52
2011-03-13 20:00:00,1418.97,1432.37,1417.55,1426.15
2011-03-14 20:00:00,1426.3,1429.0,1380.9,1395.35
2011-03-15 20:00:00,1395.4,1406.15,1392.2,1398.6
2011-03-16 20:00:00,1398.7,1404.95,1386.25,1403.7
2011-03-17 20:00:00,1403.7,1423.76,1401.9,1418.45
2011-03-20 20:00:00,1419.5,1434.69,1419.5,1427.25
2011-03-21 20:00:00,1427.03,1432.05,1419.3,1427.35
2011-03-22 20:00:00,1427.38,1440.9,1425.5,1436.9
2011-03-23 20:00:00,1436.93,1447.53,1423.78,1429.85
2011-03-24 20:00:00,1429.88,1437.8,1422.1,1427.75
2011-03-27 20:00:00,1428.05,1428.75,1410.1,1420.03
2011-03-28 20:00:00,1419.95,1423.15,1411.04,1418.08
2011-03-29 20:00:00,1418.13,1429.92,1411.75,1422.55
2011-03-30 20:00:00,1422.7,1439.35,1420.15,1431.7
2011-03-31 20:00:00,1431.73,1436.35,1412.7,1427.3
2011-04-03 20:00:00,1427.8,1438.55,1427.6,1433.5
2011-04-04 20:00:00,1433.6,1456.78,1429.84,1455.4
2011-04-05 20:00:00,1455.45,1462.1,1451.2,1459.25
2011-04-06 20:00:00,1459.2,1465.0,1452.45,1457.65
2011-04-07 20:00:00,1457.55,1474.9,1456.03,1473.3
2011-04-10 20:00:00,1474.55,1476.24,1459.3,1462.93
2011-04-11 20:00:00,1462.9,1467.29,1444.02,1452.65
2011-04-12 20:00:00,1452.63,1462.25,1451.1,1456.85
2011-04-13 20:00:00,1456.9,1474.58,1452.3,1473.78
2011-04-14 20:00:00,1473.75,1487.93,1471.4,1487.25
2011-04-17 20:00:00,1485.45,1497.55,1477.3,1494.98
2011-04-18 20:00:00,1494.93,1499.38,1487.34,1495.9
2011-04-19 20:00:00,1495.85,1505.74,1492.95,1501.8
2011-04-20 20:00:00,1501.7,1508.83,1500.39,1504.4
2011-04-21 20:00:00,1504.35,1511.9,1503.35,1504.6
2011-04-24 20:00:00,1509.95,1518.12,1501.7,1506.8
2011-04-25 20:00:00,1506.8,1508.05,1492.72,1505.93
2011-04-26 20:00:00,1505.9,1530.0,1502.83,1526.6
2011-04-27 20:00:00,1526.58,1538.18,1523.85,1536.05
2011-04-28 20:00:00,1536.1,1569.03,1531.73,1562.25
2011-05-01 20:00:00,1570.45,1574.95,1539.95,1545.08
2011-05-02 20:00:00,1545.05,1550.95,1526.95,1535.58
2011-05-03 20:00:00,1535.63,1542.85,1505.53,1515.85
2011-05-04 20:00:00,1515.8,1521.88,1462.24,1473.85
2011-05-05 20:00:00,1475.5,1498.29,1470.9,1488.55
2011-05-08 20:00:00,1494.05,1513.85,1489.0,1512.98
2011-05-09 20:00:00,1511.0,1519.6,1505.8,1515.6
2011-05-10 20:00:00,1516.1,1526.55,1495.56,1501.3
2011-05-11 20:00:00,1499.35,1507.87,1478.0,1505.65
2011-05-12 20:00:00,1506.15,1516.5,1482.75,1492.84
2011-05-15 20:00:00,1492.85,1504.31,1486.85,1489.15
2011-05-16 20:00:00,1490.55,1497.55,1471.68,1486.45
2011-05-17 20:00:00,1486.5,1499.75,1484.75,1496.45
2011-05-18 20:00:00,1495.85,1499.55,1486.15,1492.95
2011-05-19 20:00:00,1493.7,1515.72,1486.6,1512.67
2011-05-22 20:00:00,1511.95,1518.65,1503.75,1516.66
2011-05-23 20:00:00,1517.3,1527.56,1513.1,1526.02
2011-05-24 20:00:00,1525.6,1532.08,1521.04,1524.9
2011-05-25 20:00:00,1524.95,1530.52,1514.45,1518.72
2011-05-26 20:00:00,1518.6,1538.21,1518.6,1536.2
2011-05-29 20:00:00,1536.57,1538.9,1534.05,1538.65
2011-05-30 20:00:00,1537.85,1540.65,1532.03,1535.3
2011-05-31 20:00:00,1535.55,1550.05,1529.3,1539.4
2011-06-01 20:00:00,1540.5,1544.32,1519.3,1533.25
2011-06-02 20:00:00,1533.6,1547.05,1523.78,1540.95
2011-06-05 20:00:00,1541.78,1553.37,1540.59,1544.06
2011-06-06 20:00:00,1543.88,1550.01,1535.97,1543.64
2011-06-07 20:00:00,1542.55,1546.0,1530.57,1537.21
2011-06-08 20:00:00,1538.35,1549.46,1533.12,1543.49
2011-06-09 20:00:00,1544.21,1544.94,1525.65,1530.56
2011-06-12 20:00:00,1529.75,1532.5,1510.75,1515.15
2011-06-13 20:00:00,1515.5,1525.95,1512.11,1523.53
2011-06-14 20:00:00,1524.4,1534.4,1513.78,1530.55
2011-06-15 20:00:00,1530.0,1532.85,1521.4,1529.11
2011-06-16 20:00:00,1528.3,1541.8,1522.38,1538.7
2011-06-19 20:00:00,1540.1,1546.68,1532.77,1540.45
2011-06-20 20:00:00,1540.75,1547.8,1538.45,1546.0
2011-06-21 20:00:00,1547.15,1557.91,1541.05,1548.75
2011-06-22 20:00:00,1547.4,1548.55,1512.6,1521.45
2011-06-23 20:00:00,1521.65,1525.55,1498.23,1499.74
2011-06-26 20:00:00,1499.9,1505.35,1490.7,1497.79
2011-06-27 20:00:00,1497.4,1506.25,1495.38,1501.15
2011-06-28 20:00:00,1501.95,1512.92,1500.15,1512.25
2011-06-29 20:00:00,1512.15,1513.76,1498.74,1500.08
2011-06-30 20:00:00,1501.4,1502.6,1477.99,1487.49
2011-07-03 20:00:00,1487.23,1496.45,1486.17,1495.59
2011-07-04 20:00:00,1494.9,1516.54,1493.11,1516.0
2011-07-05 20:00:00,1515.7,1533.56,1510.05,1528.47
2011-07-06 20:00:00,1528.5,1534.3,1522.52,1532.06
2011-07-07 20:00:00,1531.75,1545.2,1524.63,1542.06
2011-07-10 20:00:00,1542.48,1556.62,1541.37,1553.22
2011-07-11 20:00:00,1553.35,1573.45,1540.57,1567.53
2011-07-12 20:00:00,1566.95,1587.74,1564.15,1581.81
2011-07-13 20:00:00,1583.57,1594.15,1578.77,1587.1
2011-07-14 20:00:00,1586.85,1593.46,1575.7,1593.15
2011-07-17 20:00:00,1593.4,1607.3,1591.25,1604.35
2011-07-18 20:00:00,1605.35,1609.9,1582.3,1588.15
2011-07-19 20:00:00,1587.65,1601.4,1581.0,1600.35
2011-07-20 20:00:00,1601.25,1604.5,1584.65,1590.6
2011-07-21 20:00:00,1589.15,1607.05,1583.3,1602.45
2011-07-24 20:00:00,1609.0,1623.2,1603.48,1613.99
2011-07-25 20:00:00,1614.15,1620.1,1607.8,1618.97
2011-07-26 20:00:00,1619.3,1628.55,1608.75,1613.3
2011-07-27 20:00:00,1613.55,1620.05,1602.9,1615.93
2011-07-28 20:00:00,1616.6,1632.7,1610.5,1624.55
2011-07-31 20:00:00,1610.3,1631.74,1607.05,1619.35
2011-08-01 20:00:00,1619.3,1659.75,1616.25,1659.75
2011-08-02 20:00:00,1659.45,1673.03,1651.83,1661.35
2011-08-03 20:00:00,1660.4,1682.0,1639.91,1647.2
2011-08-04 20:00:00,1646.25,1670.04,1641.6,1660.75
2011-08-07 20:00:00,1683.98,1720.3,1682.25,1719.05
2011-08-08 20:00:00,1717.1,1779.55,1714.95,1739.96
2011-08-09 20:00:00,1742.8,1797.5,1737.44,1792.89
2011-08-10 20:00:00,1794.5,1814.65,1731.8,1763.6
2011-08-11 20:00:00,1765.05,1768.0,1723.05,1745.2
2011-08-14 20:00:00,1746.26,1765.65,1727.85,1765.43
2011-08-15 20:00:00,1765.85,1786.78,1761.0,1785.11
2011-08-16 20:00:00,1785.55,1794.51,1778.9,1790.85
2011-08-17 20:00:00,1789.05,1828.55,1783.61,1823.5
2011-08-18 20:00:00,1823.95,1877.59,1821.45,1848.05
2011-08-21 20:00:00,1864.67,1898.3,1857.5,1897.15
2011-08-22 20:00:00,1898.05,1911.8,1823.35,1828.1
2011-08-23 20:00:00,1829.6,1853.7,1749.6,1758.55
2011-08-24 20:00:00,1750.4,1774.79,1702.85,1774.79
2011-08-25 20:00:00,1771.8,1823.01,1757.45,1822.77
2011-08-28 20:00:00,1835.07,1835.17,1775.94,1788.14
2011-08-29 20:00:00,1789.0,1840.18,1783.54,1835.33
2011-08-30 20:00:00,1836.2,1839.8,1811.35,1825.7
2011-08-31 20:00:00,1825.7,1831.0,1813.45,1825.9
2011-09-01 20:00:00,1825.0,1884.5,1824.25,1882.2
2011-09-04 20:00:00,1880.05,1902.75,1874.21,1899.59
2011-09-05 20:00:00,1901.9,1920.7,1858.81,1874.95
2011-09-06 20:00:00,1870.8,1880.1,1792.59,1816.95
2011-09-07 20:00:00,1817.4,1870.6,1813.35,1869.65
2011-09-08 20:00:00,1869.65,1886.0,1822.8,1855.8
2011-09-11 20:00:00,1860.75,1861.5,1801.15,1814.8
2011-09-12 20:00:00,1814.75,1843.9,1794.34,1833.25
2011-09-13 20:00:00,1834.1,1844.7,1808.45,1819.45
2011-09-14 20:00:00,1819.5,1826.45,1772.45,1788.3
2011-09-15 20:00:00,1788.15,1821.43,1762.35,1807.15
2011-09-18 20:00:00,1814.95,1827.42,1770.35,1778.5
2011-09-19 20:00:00,1778.55,1811.4,1769.6,1803.15
2011-09-20 20:00:00,1802.95,1816.4,1778.4,1781.8
2011-09-21 20:00:00,1780.05,1786.15,1720.6,1740.25
2011-09-22 20:00:00,1738.45,1755.0,1628.2,1640.5
2011-09-25 20:00:00,1646.8,1663.3,1532.4,1626.55
2011-09-26 20:00:00,1625.6,1677.2,1614.45,1650.15
2011-09-27 20:00:00,1650.1,1669.25,1598.45,1608.75
2011-09-28 20:00:00,1606.9,1634.95,1582.8,1614.4
2011-09-29 20:00:00,1616.15,1640.4,1606.3,1622.65
2011-10-02 20:00:00,1626.05,1664.75,1621.65,1658.45
2011-10-03 20:00:00,1660.7,1678.7,1595.65,1623.3
2011-10-04 20:00:00,1624.55,1646.75,1597.55,1640.7
2011-10-05 20:00:00,1640.8,1654.85,1631.45,1651.0
2011-10-06 20:00:00,1650.75,1666.05,1626.2,1637.0
2011-10-09 20:00:00,1638.2,1677.5,1638.2,1676.23
2011-10-10 20:00:00,1682.46,1684.55,1653.7,1662.05
2011-10-11 20:00:00,1662.55,1692.1,1660.26,1676.25
2011-10-12 20:00:00,1675.65,1684.25,1652.63,1667.75
2011-10-13 20:00:00,1666.25,1683.6,1660.96,1679.75
2011-10-16 20:00:00,1680.85,1694.75,1664.36,1670.45
2011-10-17 20:00:00,1670.4,1676.55,1626.6,1657.65
2011-10-18 20:00:00,1655.7,1664.95,1639.53,1640.3
2011-10-19 20:00:00,1640.85,1644.8,1603.7,1620.51
2011-10-20 20:00:00,1619.25,1648.45,1611.25,1639.9
2011-10-23 20:00:00,1638.33,1661.8,1635.35,1653.33
2011-10-24 20:00:00,1653.2,1708.65,1643.18,1704.85
2011-10-25 20:00:00,1704.8,1726.4,1694.8,1724.45
2011-10-26 20:00:00,1725.15,1749.9,1706.0,1744.7
2011-10-27 20:00:00,1744.1,1752.4,1732.15,1743.55
2011-10-30 20:00:00,1743.48,1744.85,1704.62,1714.6
2011-10-31 20:00:00,1714.24,1724.09,1681.23,1720.2
2011-11-01 20:00:00,1720.15,1744.25,1714.45,1738.97
2011-11-02 20:00:00,1737.45,1767.9,1722.7,1763.9
2011-11-03 20:00:00,1766.7,1766.7,1748.8,1755.35
2011-11-06 19:00:00,1754.23,1798.38,1753.1,1794.9
2011-11-07 19:00:00,1794.95,1802.84,1776.91,1786.1
2011-11-08 19:00:00,1786.17,1799.69,1764.08,1769.68
2011-11-09 19:00:00,1769.7,1775.35,1735.99,1758.23
2011-11-10 19:00:00,1757.78,1788.8,1744.6,1788.22
2011-11-13 19:00:00,1788.18,1796.31,1773.72,1780.25
2011-11-14 19:00:00,1780.3,1786.15,1760.28,1780.61
2011-11-15 19:00:00,1780.65,1783.48,1753.32,1763.17
2011-11-16 19:00:00,1763.25,1766.87,1710.45,1721.36
2011-11-17 19:00:00,1721.39,1737.43,1710.92,1723.8
2011-11-20 19:00:00,1723.73,1726.34,1666.4,1677.1
2011-11-21 19:00:00,1677.05,1705.55,1668.05,1699.55
2011-11-22 19:00:00,1699.18,1709.98,1677.23,1692.0
2011-11-23 19:00:00,1692.1,1701.85,1687.65,1694.98
2011-11-24 19:00:00,1695.03,1697.88,1671.85,1683.28
2011-11-27 19:00:00,1684.19,1720.65,1681.68,1711.98
2011-11-28 19:00:00,1711.59,1720.13,1703.62,1715.45
2011-11-29 19:00:00,1715.4,1750.48,1700.88,1746.05
2011-11-30 19:00:00,1746.15,1754.1,1733.55,1744.35
2011-12-01 19:00:00,1744.5,1762.85,1737.9,1745.55
2011-12-04 19:00:00,1749.1,1754.6,1717.53,1722.65
2011-12-05 19:00:00,1723.35,1732.95,1701.87,1728.35
2011-12-06 19:00:00,1728.26,1742.54,1719.84,1741.6
2011-12-07 19:00:00,1742.66,1755.95,1703.79,1708.0
2011-12-08 19:00:00,1704.6,1723.8,1703.25,1711.0
2011-12-11 19:00:00,1713.4,1714.7,1657.06,1666.05
2011-12-12 19:00:00,1664.1,1678.04,1622.15,1631.05
2011-12-13 19:00:00,1628.07,1641.75,1563.32,1573.7
2011-12-14 19:00:00,1578.87,1593.95,1560.1,1570.25
2011-12-15 19:00:00,1569.86,1601.02,1569.85,1597.2
2011-12-18 19:00:00,1599.65,1608.5,1583.21,1594.08
2011-12-19 19:00:00,1592.4,1618.55,1591.75,1615.5
2011-12-20 19:00:00,1614.7,1641.54,1605.85,1614.9
2011-12-21 19:00:00,1614.05,1616.68,1597.55,1605.57
2011-12-22 19:00:00,1604.5,1613.65,1602.55,1607.21
2011-12-26 19:00:00,1604.79,1605.17,1589.5,1592.75
2011-12-27 19:00:00,1592.4,1592.79,1549.43,1556.45
2011-12-28 19:00:00,1556.2,1561.15,1522.45,1545.0
2011-12-29 19:00:00,1544.65,1581.21,1544.65,1562.8
2012-01-02 19:00:00,1569.05,1607.2,1566.65,1603.6
2012-01-03 19:00:00,1603.45,1618.3,1592.59,1611.65
2012-01-04 19:00:00,1611.45,1625.7,1596.64,1621.95
2012-01-05 19:00:00,1621.05,1630.93,1608.4,1616.3
2012-01-08 19:00:00,1615.55,1623.52,1604.86,1610.85
2012-01-09 19:00:00,1611.0,1640.17,1608.3,1631.95
2012-01-10 19:00:00,1631.2,1647.05,1629.95,1641.5
2012-01-11 19:00:00,1642.25,1661.8,1640.0,1649.6
2012-01-12 19:00:00,1648.8,1649.55,1625.1,1639.25
2012-01-15 19:00:00,1635.28,1646.89,1631.28,1643.55
2012-01-16 19:00:00,1642.58,1667.55,1641.6,1651.8
2012-01-17 19:00:00,1651.93,1662.24,1642.62,1659.4
2012-01-18 19:00:00,1660.45,1669.92,1649.0,1658.3
2012-01-19 19:00:00,1656.73,1666.71,1644.9,1666.3
2012-01-22 19:00:00,1664.78,1681.24,1662.35,1676.4
2012-01-23 19:00:00,1676.81,1679.7,1661.35,1665.13
2012-01-24 19:00:00,1666.17,1712.8,1648.84,1710.61
2012-01-25 19:00:00,1710.45,1730.46,1702.71,1722.05
2012-01-26 19:00:00,1720.46,1739.65,1714.25,1738.62
2012-01-29 19:00:00,1736.6,1739.73,1716.15,1729.59
2012-01-30 19:00:00,1731.56,1747.42,1725.87,1738.05
2012-01-31 19:00:00,1738.15,1750.98,1732.5,1743.4
2012-02-01 19:00:00,1743.4,1761.06,1740.91,1759.19
2012-02-02 19:00:00,1758.63,1763.12,1723.65,1725.87
2012-02-05 19:00:00,1728.15,1738.15,1711.75,1719.95
2012-02-06 19:00:00,1719.97,1749.75,1710.2,1745.05
2012-02-07 19:00:00,1745.03,1752.0,1724.45,1732.89
2012-02-08 19:00:00,1731.8,1752.3,1725.93,1729.4
2012-02-09 19:00:00,1729.4,1734.8,1704.64,1721.55
2012-02-12 19:00:00,1724.7,1733.31,1716.04,1722.1
2012-02-13 19:00:00,1722.05,1727.55,1712.08,1720.1
2012-02-14 19:00:00,1720.08,1737.34,1718.55,1728.0
2012-02-15 19:00:00,1727.95,1729.85,1705.1,1727.93
2012-02-16 19:00:00,1727.95,1735.7,1717.05,1723.2
2012-02-19 19:00:00,1726.8,1737.05,1726.03,1733.82
2012-02-20 19:00:00,1734.93,1759.82,1730.75,1759.05
2012-02-21 19:00:00,1758.85,1781.71,1749.27,1776.16
2012-02-22 19:00:00,1776.45,1787.34,1772.05,1780.51
2012-02-23 19:00:00,1780.75,1782.78,1770.3,1772.0
2012-02-26 19:00:00,1775.05,1779.15,1761.38,1767.45
2012-02-27 19:00:00,1767.4,1789.8,1765.57,1784.0
2012-02-28 19:00:00,1784.0,1790.55,1687.9,1696.65
2012-02-29 19:00:00,1696.1,1725.8,1694.36,1718.0
2012-03-01 19:00:00,1718.1,1724.11,1704.71,1712.18
2012-03-04 19:00:00,1710.8,1716.55,1693.63,1706.25
2012-03-05 19:00:00,1706.2,1708.95,1663.3,1674.22
2012-03-06 19:00:00,1673.75,1687.9,1671.25,1684.7
2012-03-07 19:00:00,1683.75,1703.87,1682.51,1699.78
2012-03-08 19:00:00,1699.45,1714.7,1676.52,1713.67
2012-03-11 20:00:00,1714.5,1716.55,1692.4,1701.13
2012-03-12 20:00:00,1699.7,1705.7,1661.8,1673.55
2012-03-13 20:00:00,1673.6,1682.25,1634.4,1644.5
2012-03-14 20:00:00,1643.55,1666.45,1636.1,1658.38
2012-03-15 20:00:00,1657.2,1664.85,1639.55,1659.65
2012-03-18 20:00:00,1658.6,1669.7,1652.17,1664.3
2012-03-19 20:00:00,1663.9,1664.5,1641.44,1650.55
2012-03-20 20:00:00,1649.7,1661.75,1646.45,1650.2
2012-03-21 20:00:00,1650.26,1656.4,1627.9,1645.8
2012-03-22 20:00:00,1645.79,1666.2,1642.06,1661.63
2012-03-25 20:00:00,1662.48,1693.6,1655.35,1689.9
2012-03-26 20:00:00,1689.82,1696.95,1679.35,1680.45
2012-03-27 20:00:00,1679.75,1684.39,1654.55,1663.45
2012-03-28 20:00:00,1663.3,1664.75,1644.95,1661.4
2012-03-29 20:00:00,1661.25,1670.85,1659.45,1667.97
2012-04-01 20:00:00,1669.3,1683.5,1662.95,1677.6
2012-04-02 20:00:00,1676.3,1680.85,1638.7,1646.0
2012-04-03 20:00:00,1644.85,1647.95,1612.1,1620.5
2012-04-04 20:00:00,1620.15,1633.47,1619.81,1631.05
2012-04-08 20:00:00,1642.55,1648.63,1635.45,1640.15
2012-04-09 20:00:00,1640.25,1662.8,1631.7,1659.7
2012-04-10 20:00:00,1659.0,1662.31,1652.5,1658.8
2012-04-11 20:00:00,1658.95,1680.05,1650.35,1675.63
2012-04-12 20:00:00,1675.0,1677.97,1649.12,1658.1
2012-04-15 20:00:00,1657.2,1657.8,1641.05,1651.75
2012-04-16 20:00:00,1651.11,1657.31,1634.37,1649.5
2012-04-17 20:00:00,1649.65,1654.3,1637.75,1642.0
2012-04-18 20:00:00,1640.9,1653.7,1630.87,1642.6
2012-04-19 20:00:00,1642.2,1647.16,1638.34,1642.71
2012-04-22 20:00:00,1641.64,1643.15,1623.13,1638.43
2012-04-23 20:00:00,1637.75,1649.15,1633.75,1641.7
2012-04-24 20:00:00,1640.45,1646.15,1624.55,1643.48
2012-04-25 20:00:00,1643.2,1660.77,1641.75,1656.92
2012-04-26 20:00:00,1654.28,1667.48,1650.4,1662.45
2012-04-29 20:00:00,1664.05,1666.2,1645.0,1664.63
2012-04-30 20:00:00,1663.65,1671.53,1656.7,1662.2
2012-05-01 20:00:00,1661.95,1663.0,1645.83,1653.3
2012-05-02 20:00:00,1653.2,1653.5,1630.93,1635.76
2012-05-03 20:00:00,1635.81,1647.21,1626.46,1642.1
2012-05-06 20:00:00,1642.5,1642.5,1631.77,1638.26
2012-05-07 20:00:00,1637.61,1639.01,1595.2,1605.37
2012-05-08 20:00:00,1605.11,1606.31,1579.51,1589.36
2012-05-09 20:00:00,1589.31,1602.01,1585.66,1593.81
2012-05-10 20:00:00,1593.41,1594.96,1573.63,1579.2
2012-05-13 20:00:00,1585.07,1585.71,1556.06,1556.45
2012-05-14 20:00:00,1556.45,1563.69,1540.9,1543.35
2012-05-15 20:00:00,1543.2,1552.13,1526.91,1539.41
2012-05-16 20:00:00,1539.31,1579.71,1538.36,1573.96
2012-05-17 20:00:00,1573.71,1597.48,1567.86,1592.81
2012-05-20 20:00:00,1590.3,1599.11,1584.76,1592.96
2012-05-21 20:00:00,1592.85,1594.36,1561.36,1568.31
2012-05-22 20:00:00,1567.96,1568.41,1533.16,1561.21
2012-05-23 20:00:00,1560.76,1577.81,1551.46,1558.86
2012-05-24 20:00:00,1557.71,1574.01,1551.24,1572.56
2012-05-27 20:00:00,1573.86,1583.8,1571.09,1574.53
2012-05-28 20:00:00,1573.66,1582.62,1548.47,1554.93
2012-05-29 20:00:00,1554.56,1569.51,1532.66,1563.11
2012-05-30 20:00:00,1562.51,1573.23,1551.95,1560.26
2012-05-31 20:00:00,1560.31,1629.81,1544.96,1623.85
2012-06-03 20:00:00,1622.6,1627.91,1608.76,1618.61
2012-06-04 20:00:00,1618.26,1623.41,1611.98,1616.81
2012-06-05 20:00:00,1617.21,1640.91,1613.02,1619.19
2012-06-06 20:00:00,1619.99,1629.02,1578.17,1589.04
2012-06-07 20:00:00,1589.05,1594.97,1554.22,1592.87
2012-06-10 20:00:00,1601.25,1608.01,1581.51,1596.36
2012-06-11 20:00:00,1595.76,1617.51,1586.24,1609.62
2012-06-12 20:00:00,1609.56,1624.48,1605.91,1616.86
2012-06-13 20:00:00,1617.11,1627.98,1609.48,1623.51
2012-06-14 20:00:00,1622.71,1632.63,1619.93,1627.03
2012-06-17 20:00:00,1628.61,1629.99,1606.36,1627.81
2012-06-18 20:00:00,1627.86,1633.26,1617.27,1618.26
2012-06-19 20:00:00,1617.56,1622.51,1590.09,1607.21
2012-06-20 20:00:00,1606.41,1606.81,1564.12,1565.9
2012-06-21 20:00:00,1564.95,1573.3,1557.91,1572.36
2012-06-24 20:00:00,1568.5,1588.11,1566.24,1584.25
2012-06-25 20:00:00,1583.7,1586.7,1567.46,1572.7
2012-06-26 20:00:00,1571.85,1582.38,1562.4,1573.85
2012-06-27 20:00:00,1573.85,1578.75,1547.85,1552.4
2012-06-28 20:00:00,1552.1,1606.81,1550.6,1597.28
2012-07-01 20:00:00,1599.0,1602.37,1587.2,1596.8
2012-07-02 20:00:00,1596.65,1624.72,1594.55,1617.03
2012-07-03 20:00:00,1616.6,1620.09,1611.27,1615.35
2012-07-04 20:00:00,1615.3,1623.5,1597.05,1604.15
2012-07-05 20:00:00,1604.15,1609.52,1576.17,1583.45
2012-07-08 20:00:00,1581.65,1592.5,1575.95,1587.4
2012-07-09 20:00:00,1587.4,1601.07,1564.2,1566.95
2012-07-10 20:00:00,1566.9,1583.0,1565.44,1576.1
2012-07-11 20:00:00,1576.1,1577.61,1554.8,1571.35
2012-07-12 20:00:00,1571.95,1596.51,1565.7,1589.0
2012-07-15 20:00:00,1590.25,1594.61,1577.66,1589.2
2012-07-16 20:00:00,1588.55,1598.61,1571.1,1583.0
2012-07-17 20:00:00,1582.1,1585.75,1567.45,1573.25
2012-07-18 20:00:00,1573.15,1591.47,1572.5,1581.3
2012-07-19 20:00:00,1581.3,1587.05,1573.5,1584.1
2012-07-22 20:00:00,1581.85,1582.7,1563.06,1576.6
2012-07-23 20:00:00,1576.65,1584.35,1568.63,1580.65
2012-07-24 20:00:00,1580.35,1610.22,1578.57,1604.25
2012-07-25 20:00:00,1604.15,1621.67,1601.1,1615.49
2012-07-26 20:00:00,1615.35,1629.5,1611.55,1623.1
2012-07-29 20:00:00,1623.26,1625.9,1614.11,1621.9
2012-07-30 20:00:00,1621.9,1627.94,1610.75,1614.16
2012-07-31 20:00:00,1613.8,1618.4,1591.77,1599.53
2012-08-01 20:00:00,1599.45,1614.87,1584.73,1588.35
2012-08-02 20:00:00,1588.3,1606.63,1585.53,1603.31
2012-08-05 20:00:00,1604.36,1615.37,1602.35,1610.53
2012-08-06 20:00:00,1610.3,1618.5,1608.69,1612.05
2012-08-07 20:00:00,1612.05,1616.71,1603.25,1612.1
2012-08-08 20:00:00,1611.8,1618.27,1609.59,1617.1
2012-08-09 20:00:00,1617.0,1626.43,1605.59,1619.99
2012-08-12 20:00:00,1620.88,1625.54,1607.12,1609.59
2012-08-13 20:00:00,1609.54,1616.34,1592.65,1598.84
2012-08-14 20:00:00,1598.89,1606.39,1589.84,1602.91
2012-08-15 20:00:00,1602.86,1618.46,1600.76,1614.81
2012-08-16 20:00:00,1614.91,1620.06,1611.63,1615.51
2012-08-19 20:00:00,1615.66,1622.4,1609.6,1620.26
2012-08-20 20:00:00,1620.3,1641.3,1618.51,1637.55
2012-08-21 20:00:00,1637.51,1655.85,1634.4,1654.45
2012-08-22 20:00:00,1654.2,1674.85,1652.55,1670.3
2012-08-23 20:00:00,1670.3,1673.81,1662.55,1670.4
2012-08-26 20:00:00,1669.25,1676.65,1662.9,1663.75
2012-08-27 20:00:00,1663.65,1672.25,1657.3,1666.65
2012-08-28 20:00:00,1666.5,1669.7,1652.2,1656.15
2012-08-29 20:00:00,1656.25,1663.96,1651.15,1655.3
2012-08-30 20:00:00,1655.25,1692.9,1650.21,1691.65
2012-09-02 20:00:00,1690.7,1695.2,1685.35,1691.9
2012-09-03 20:00:00,1691.9,1698.72,1687.87,1695.5
2012-09-04 20:00:00,1695.39,1696.0,1687.35,1692.85
2012-09-05 20:00:00,1692.8,1713.75,1691.35,1700.05
2012-09-06 20:00:00,1700.1,1741.9,1688.9,1735.6
2012-09-09 20:00:00,1735.18,1740.0,1724.69,1725.95
2012-09-10 20:00:00,1725.85,1737.9,1724.55,1731.75
2012-09-11 20:00:00,1731.65,1746.99,1725.25,1730.45
2012-09-12 20:00:00,1730.9,1772.63,1719.65,1766.62
2012-09-13 20:00:00,1766.66,1777.7,1765.45,1770.15
2012-09-16 20:00:00,1770.75,1776.35,1754.25,1761.25
2012-09-17 20:00:00,1761.35,1773.3,1752.0,1771.65
2012-09-18 20:00:00,1771.8,1779.35,1762.1,1770.2
2012-09-19 20:00:00,1770.25,1772.15,1755.85,1768.3
2012-09-20 20:00:00,1768.15,1787.4,1766.65,1772.8
2012-09-23 20:00:00,1772.2,1772.3,1755.5,1764.2
2012-09-24 20:00:00,1764.25,1774.95,1758.75,1760.4
2012-09-25 20:00:00,1760.5,1765.5,1736.3,1752.55
2012-09-26 20:00:00,1752.4,1780.21,1750.95,1777.05
2012-09-27 20:00:00,1777.0,1783.2,1767.25,1771.95
2012-09-30 20:00:00,1770.65,1790.8,1763.25,1774.9
2012-10-01 20:00:00,1775.0,1784.25,1770.46,1774.3
2012-10-02 20:00:00,1774.25,1781.75,1770.8,1777.9
2012-10-03 20:00:00,1777.95,1795.0,1777.6,1790.15
2012-10-04 20:00:00,1790.2,1795.8,1772.6,1780.45
2012-10-07 20:00:00,1779.57,1779.8,1766.48,1774.75
2012-10-08 20:00:00,1774.8,1779.6,1760.29,1764.05
2012-10-09 20:00:00,1763.95,1768.15,1756.9,1762.0
2012-10-10 20:00:00,1761.95,1774.85,1758.5,1767.0
2012-10-11 20:00:00,1766.9,1773.16,1752.0,1753.55
2012-10-14 20:00:00,1753.15,1754.8,1728.4,1737.3
2012-10-15 20:00:00,1737.2,1748.05,1734.75,1747.3
2012-10-16 20:00:00,1747.35,1753.42,1742.7,1750.0
2012-10-17 20:00:00,1749.95,1752.1,1738.0,1741.25
2012-10-18 20:00:00,1741.25,1743.25,1715.8,1721.35
2012-10-21 20:00:00,1719.67,1729.3,1713.46,1728.45
2012-10-22 20:00:00,1728.45,1730.25,1703.8,1707.3
2012-10-23 20:00:00,1707.35,1714.25,1698.3,1701.95
2012-10-24 20:00:00,1701.7,1717.93,1701.35,1711.83
2012-10-25 20:00:00,1711.88,1718.88,1700.83,1710.99
2012-10-28 20:00:00,1710.56,1717.13,1706.08,1709.08
2012-10-29 20:00:00,1709.13,1715.13,1704.69,1709.63
2012-10-30 20:00:00,1709.63,1725.89,1708.73,1720.43
2012-10-31 20:00:00,1720.18,1726.88,1713.47,1714.13
2012-11-01 20:00:00,1714.08,1716.78,1674.47,1677.62
2012-11-04 19:00:00,1676.59,1686.13,1672.42,1684.68
2012-11-05 19:00:00,1684.73,1720.73,1683.53,1715.88
2012-11-06 19:00:00,1715.83,1731.96,1702.95,1717.48
2012-11-07 19:00:00,1717.18,1734.93,1712.63,1731.12
2012-11-08 19:00:00,1731.12,1738.78,1726.89,1731.28
2012-11-11 19:00:00,1731.59,1738.1,1725.8,1728.1
2012-11-12 19:00:00,1728.05,1732.91,1717.73,1724.78
2012-11-13 19:00:00,1724.58,1733.83,1720.63,1726.41
2012-11-14 19:00:00,1726.18,1727.78,1704.73,1715.68
2012-11-15 19:00:00,1716.48,1717.48,1705.62,1713.72
2012-11-18 19:00:00,1714.54,1735.47,1714.04,1731.52
2012-11-19 19:00:00,1731.47,1735.43,1722.07,1727.02
2012-11-20 19:00:00,1727.02,1731.92,1719.84,1728.77
2012-11-21 19:00:00,1728.77,1732.45,1728.02,1729.69
2012-11-22 19:00:00,1730.4,1754.25,1727.58,1751.5
2012-11-25 19:00:00,1751.42,1752.08,1745.86,1748.73
2012-11-26 19:00:00,1748.73,1751.78,1740.48,1742.18
2012-11-27 19:00:00,1742.18,1742.98,1705.49,1719.32
2012-11-28 19:00:00,1719.37,1728.69,1718.0,1725.18
2012-11-29 19:00:00,1725.17,1731.52,1708.39,1713.81
2012-12-02 19:00:00,1713.82,1722.63,1712.73,1715.81
2012-12-03 19:00:00,1715.81,1717.29,1691.12,1697.25
2012-12-04 19:00:00,1697.2,1706.8,1684.8,1693.85
2012-12-05 19:00:00,1693.8,1703.25,1685.9,1699.7
2012-12-06 19:00:00,1699.75,1705.43,1683.5,1704.3
2012-12-09 19:00:00,1703.95,1717.24,1702.38,1712.75
2012-12-10 19:00:00,1712.65,1714.4,1704.8,1710.1
2012-12-11 19:00:00,1710.0,1723.16,1707.01,1711.4
2012-12-12 19:00:00,1711.35,1711.55,1689.33,1696.75
2012-12-13 19:00:00,1696.7,1700.4,1692.8,1695.75
2012-12-16 19:00:00,1697.06,1699.67,1686.36,1698.05
2012-12-17 19:00:00,1698.1,1703.2,1660.79,1671.05
2012-12-18 19:00:00,1670.92,1676.68,1663.09,1667.05
2012-12-19 19:00:00,1667.05,1671.75,1635.38,1647.81
2012-12-20 19:00:00,1647.65,1659.65,1635.54,1656.9
2012-12-23 19:00:00,1656.78,1665.7,1651.9,1659.9
2012-12-25 19:00:00,1653.64,1667.88,1650.1,1659.6
2012-12-26 19:00:00,1659.6,1665.4,1652.6,1663.9
2012-12-27 19:00:00,1663.85,1666.3,1653.6,1655.55
2012-12-30 19:00:00,1655.44,1668.74,1655.25,1662.5
2013-01-01 19:00:00,1674.4,1694.76,1670.0,1686.6
2013-01-02 19:00:00,1686.55,1690.0,1660.7,1663.85
2013-01-03 19:00:00,1663.8,1664.1,1625.69,1655.34
2013-01-06 19:00:00,1655.92,1662.49,1642.72,1646.65
2013-01-07 19:00:00,1646.62,1662.45,1645.81,1659.11
2013-01-08 19:00:00,1659.01,1665.81,1651.36,1657.51
2013-01-09 19:00:00,1657.56,1678.74,1653.76,1675.01
2013-01-10 19:00:00,1674.96,1676.79,1653.25,1662.54
2013-01-13 19:00:00,1658.74,1674.72,1658.74,1667.55
2013-01-14 19:00:00,1667.41,1685.01,1666.41,1679.11
2013-01-15 19:00:00,1679.06,1684.74,1673.38,1679.71
2013-01-16 19:00:00,1679.66,1696.75,1666.64,1687.46
2013-01-17 19:00:00,1687.41,1695.19,1683.51,1683.81
2013-01-20 19:00:00,1685.42,1691.26,1684.83,1689.84
2013-01-21 19:00:00,1689.21,1695.99,1686.73,1692.46
2013-01-22 19:00:00,1692.46,1694.96,1683.58,1685.81
2013-01-23 19:00:00,1685.81,1686.06,1664.86,1667.76
2013-01-24 19:00:00,1667.71,1672.25,1655.89,1658.45
2013-01-27 19:00:00,1658.76,1662.27,1651.86,1655.46
2013-01-28 19:00:00,1655.46,1666.0,1654.46,1663.66
2013-01-29 19:00:00,1663.66,1683.86,1662.61,1676.7
2013-01-30 19:00:00,1676.71,1680.75,1657.73,1663.46
2013-01-31 19:00:00,1663.51,1681.99,1660.01,1667.05
2013-02-03 19:00:00,1668.3,1677.47,1661.47,1674.11
2013-02-04 19:00:00,1674.11,1684.93,1666.57,1672.71
2013-02-05 19:00:00,1672.71,1679.7,1668.21,1677.37
2013-02-06 19:00:00,1677.36,1683.07,1662.8,1671.36
2013-02-07 19:00:00,1671.36,1673.52,1665.02,1667.0
2013-02-10 19:00:00,1666.55,1669.46,1643.63,1647.81
2013-02-11 19:00:00,1647.8,1653.26,1639.09,1651.0
2013-02-12 19:00:00,1651.02,1653.49,1640.45,1642.35
2013-02-13 19:00:00,1642.3,1649.89,1632.83,1634.65
2013-02-14 19:00:00,1634.55,1636.0,1597.95,1609.68
2013-02-17 19:00:00,1611.8,1618.7,1607.07,1609.1
2013-02-18 19:00:00,1609.05,1615.1,1600.65,1604.95
2013-02-19 19:00:00,1604.95,1609.0,1558.51,1564.3
2013-02-20 19:00:00,1564.3,1584.82,1554.95,1575.9
2013-02-21 19:00:00,1575.8,1587.14,1569.95,1581.45
2013-02-24 19:00:00,1580.8,1596.81,1575.11,1593.1
2013-02-25 19:00:00,1592.85,1620.01,1584.37,1613.63
2013-02-26 19:00:00,1613.61,1614.7,1592.32,1597.1
2013-02-27 19:00:00,1597.15,1602.9,1574.9,1579.4
2013-02-28 19:00:00,1579.4,1587.24,1564.82,1575.39
2013-03-03 19:00:00,1578.2,1584.76,1569.3,1573.7
2013-03-04 19:00:00,1573.8,1586.33,1571.95,1575.14
2013-03-05 19:00:00,1574.65,1584.81,1567.26,1583.46
2013-03-06 19:00:00,1583.45,1585.37,1574.87,1578.7
2013-03-07 19:00:00,1578.5,1583.86,1561.6,1578.9
2013-03-10 20:00:00,1579.3,1583.38,1575.56,1581.35
2013-03-11 20:00:00,1581.37,1598.3,1579.92,1592.58
2013-03-12 20:00:00,1592.55,1599.29,1585.5,1587.65
2013-03-13 20:00:00,1587.65,1593.35,1576.62,1589.83
2013-03-14 20:00:00,1589.85,1598.92,1588.4,1591.9
2013-03-17 20:00:00,1598.08,1611.11,1590.87,1605.3
2013-03-18 20:00:00,1605.35,1615.57,1599.97,1612.55
2013-03-19 20:00:00,1612.59,1614.7,1600.91,1606.8
2013-03-20 20:00:00,1606.85,1617.0,1604.35,1614.4
2013-03-21 20:00:00,1614.4,1615.98,1603.47,1608.55
2013-03-24 20:00:00,1609.5,1613.5,1589.57,1604.81
2013-03-25 20:00:00,1604.75,1605.91,1594.49,1599.85
2013-03-26 20:00:00,1599.85,1608.2,1591.27,1605.03
2013-03-27 20:00:00,1605.02,1607.61,1593.85,1596.95
2013-03-31 20:00:00,1597.5,1600.97,1594.72,1599.31
2013-04-01 20:00:00,1599.13,1603.75,1573.77,1575.7
2013-04-02 20:00:00,1575.7,1577.1,1549.75,1557.7
2013-04-03 20:00:00,1557.65,1559.46,1539.97,1554.4
2013-04-04 20:00:00,1554.53,1581.06,1549.25,1580.94
2013-04-07 20:00:00,1581.0,1583.0,1567.22,1573.2
2013-04-08 20:00:00,1573.2,1590.21,1570.33,1585.35
2013-04-09 20:00:00,1585.35,1588.49,1555.65,1558.25
2013-04-10 20:00:00,1558.25,1568.21,1553.28,1561.15
2013-04-11 20:00:00,1560.95,1564.53,1480.68,1482.98
2013-04-14 20:00:00,1480.62,1495.38,1335.21,1347.62
2013-04-15 20:00:00,1347.6,1403.41,1321.4,1367.1
2013-04-16 20:00:00,1367.08,1394.93,1364.95,1376.14
2013-04-17 20:00:00,1376.17,1401.95,1336.48,1390.3
2013-04-18 20:00:00,1389.93,1424.95,1385.7,1403.44
2013-04-21 20:00:00,1408.36,1438.95,1403.77,1426.19
2013-04-22 20:00:00,1426.21,1432.63,1404.8,1412.84
2013-04-23 20:00:00,1412.78,1433.87,1412.15,1431.53
2013-04-24 20:00:00,1431.45,1469.14,1426.93,1467.67
2013-04-25 20:00:00,1467.66,1485.18,1448.0,1461.35
2013-04-28 20:00:00,1466.49,1478.71,1462.16,1475.64
2013-04-29 20:00:00,1475.64,1480.05,1460.91,1476.4
2013-04-30 20:00:00,1476.4,1477.85,1440.28,1457.48
2013-05-01 20:00:00,1457.32,1473.73,1448.74,1466.76
2013-05-02 20:00:00,1466.73,1487.86,1456.05,1470.29
2013-05-05 20:00:00,1469.69,1478.75,1464.52,1469.13
2013-05-06 20:00:00,1468.64,1470.55,1441.31,1452.4
2013-05-07 20:00:00,1452.32,1476.61,1447.52,1473.77
2013-05-08 20:00:00,1473.83,1476.23,1453.31,1457.87
2013-05-09 20:00:00,1457.87,1462.06,1419.59,1447.88
2013-05-12 20:00:00,1448.9,1448.9,1425.9,1430.41
2013-05-13 20:00:00,1430.38,1445.36,1421.11,1425.14
2013-05-14 20:00:00,1425.07,1430.69,1388.67,1392.73
2013-05-15 20:00:00,1392.68,1398.21,1369.6,1385.78
2013-05-16 20:00:00,1385.67,1392.88,1355.17,1359.24
2013-05-19 20:00:00,1363.72,1399.4,1337.99,1393.54
2013-05-20 20:00:00,1393.46,1401.43,1359.65,1375.99
2013-05-21 20:00:00,1375.92,1414.11,1354.53,1370.04
2013-05-22 20:00:00,1370.09,1398.17,1356.72,1390.77
2013-05-23 20:00:00,1390.77,1398.11,1382.27,1386.47
2013-05-26 20:00:00,1385.99,1396.7,1384.38,1394.63
2013-05-27 20:00:00,1393.76,1401.79,1373.67,1380.94
2013-05-28 20:00:00,1381.04,1395.25,1379.99,1392.62
2013-05-29 20:00:00,1392.72,1417.95,1388.68,1413.97
2013-05-30 20:00:00,1413.89,1421.81,1384.75,1387.62
2013-06-02 20:00:00,1388.35,1416.83,1388.34,1411.08
2013-06-03 20:00:00,1410.86,1414.91,1388.91,1399.07
2013-06-04 20:00:00,1398.94,1410.45,1395.68,1402.93
2013-06-05 20:00:00,1402.88,1423.76,1391.7,1413.63
2013-06-06 20:00:00,1413.6,1417.74,1377.67,1382.76
2013-06-09 20:00:00,1382.81,1388.85,1375.66,1386.17
2013-06-10 20:00:00,1386.01,1387.5,1365.84,1377.95
2013-06-11 20:00:00,1377.74,1394.49,1373.77,1388.61
2013-06-12 20:00:00,1388.43,1394.78,1374.44,1385.84
2013-06-13 20:00:00,1385.82,1392.18,1378.31,1390.39
2013-06-16 20:00:00,1390.44,1391.8,1380.46,1385.03
2013-06-17 20:00:00,1384.9,1385.91,1360.95,1367.38
2013-06-18 20:00:00,1367.38,1376.35,1349.05,1350.87
2013-06-19 20:00:00,1351.25,1351.98,1276.13,1284.51
2013-06-20 20:00:00,1284.54,1302.31,1269.37,1296.23
2013-06-23 20:00:00,1297.12,1301.36,1276.06,1281.96
2013-06-24 20:00:00,1282.04,1289.47,1271.58,1277.45
2013-06-25 20:00:00,1277.35,1277.83,1221.65,1226.35
2013-06-26 20:00:00,1226.35,1244.6,1196.69,1200.3
2013-06-27 20:00:00,1200.18,1235.0,1180.04,1234.14
2013-06-30 20:00:00,1233.93,1261.74,1225.1,1252.1
2013-07-01 20:00:00,1252.05,1267.38,1239.49,1243.1
2013-07-02 20:00:00,1243.1,1259.9,1236.77,1252.55
2013-07-03 20:00:00,1252.65,1257.82,1244.9,1249.58
2013-07-04 20:00:00,1249.2,1250.6,1208.1,1222.93
2013-07-07 20:00:00,1222.11,1238.64,1215.64,1236.75
2013-07-08 20:00:00,1236.55,1260.36,1233.44,1251.21
2013-07-09 20:00:00,1251.05,1265.87,1243.96,1259.48
2013-07-10 20:00:00,1259.48,1298.69,1259.08,1285.7
2013-07-11 20:00:00,1285.45,1288.51,1267.79,1285.14
2013-07-14 20:00:00,1284.89,1294.6,1273.93,1284.45
2013-07-15 20:00:00,1284.5,1295.51,1277.05,1291.85
2013-07-16 20:00:00,1291.9,1300.55,1270.16,1275.55
2013-07-17 20:00:00,1275.5,1288.64,1274.0,1283.95
2013-07-18 20:00:00,1283.95,1297.81,1282.27,1295.64
2013-07-21 20:00:00,1296.99,1339.29,1295.91,1335.6
2013-07-22 20:00:00,1335.45,1346.58,1326.58,1344.95
2013-07-23 20:00:00,1344.95,1347.64,1313.05,1321.93
2013-07-24 20:00:00,1321.85,1337.85,1308.81,1333.45
2013-07-25 20:00:00,1333.5,1340.83,1312.41,1333.07
2013-07-28 20:00:00,1333.0,1338.28,1322.81,1327.85
2013-07-29 20:00:00,1327.85,1330.05,1317.29,1326.05
2013-07-30 20:00:00,1326.1,1339.05,1305.5,1324.7
2013-07-31 20:00:00,1324.7,1330.94,1307.7,1310.1
2013-08-01 20:00:00,1310.1,1318.34,1283.0,1311.5
2013-08-04 20:00:00,1312.3,1320.68,1297.36,1302.7
2013-08-05 20:00:00,1302.71,1306.92,1279.21,1282.85
2013-08-06 20:00:00,1282.85,1289.37,1272.75,1287.06
2013-08-07 20:00:00,1287.1,1314.22,1282.9,1313.04
2013-08-08 20:00:00,1313.05,1317.14,1304.99,1313.94
2013-08-11 20:00:00,1315.44,1343.92,1314.67,1338.11
2013-08-12 20:00:00,1337.89,1341.23,1318.39,1321.23
2013-08-13 20:00:00,1321.11,1336.13,1315.82,1335.75
2013-08-14 20:00:00,1335.75,1369.94,1318.65,1365.9
2013-08-15 20:00:00,1365.55,1379.48,1357.48,1376.46
2013-08-18 20:00:00,1378.9,1384.34,1362.4,1365.65
2013-08-19 20:00:00,1365.65,1377.47,1352.04,1370.9
2013-08-20 20:00:00,1371.05,1379.05,1359.65,1366.31
2013-08-21 20:00:00,1366.1,1381.65,1354.9,1375.7
2013-08-22 20:00:00,1375.75,1399.85,1368.45,1397.41
2013-08-25 20:00:00,1398.57,1406.66,1389.31,1404.35
2013-08-26 20:00:00,1404.25,1423.6,1395.38,1414.85
2013-08-27 20:00:00,1414.8,1433.6,1413.2,1417.15
2013-08-28 20:00:00,1417.3,1418.2,1402.27,1407.5
2013-08-29 20:00:00,1407.4,1411.25,1391.99,1394.92
2013-09-01 20:00:00,1393.25,1398.07,1373.45,1391.9
2013-09-02 20:00:00,1391.45,1416.24,1384.28,1412.08
2013-09-03 20:00:00,1412.05,1414.81,1384.65,1391.34
2013-09-04 20:00:00,1391.34,1399.82,1364.76,1367.25
2013-09-05 20:00:00,1366.95,1393.18,1358.23,1391.5
2013-09-08 20:00:00,1390.59,1394.37,1381.95,1386.7
2013-09-09 20:00:00,1386.6,1390.8,1357.64,1363.55
2013-09-10 20:00:00,1363.8,1368.42,1356.19,1364.95
2013-09-11 20:00:00,1364.91,1366.25,1320.55,1321.64
2013-09-12 20:00:00,1321.65,1330.63,1304.75,1325.9
2013-09-15 20:00:00,1334.9,1335.43,1302.89,1311.93
2013-09-16 20:00:00,1311.95,1323.88,1306.09,1310.35
2013-09-17 20:00:00,1310.3,1367.2,1291.65,1363.05
2013-09-18 20:00:00,1363.03,1374.99,1358.44,1365.5
2013-09-19 20:00:00,1365.55,1368.05,1324.65,1325.3
2013-09-22 20:00:00,1326.3,1331.64,1313.22,1322.35
2013-09-23 20:00:00,1322.35,1329.05,1305.53,1322.95
2013-09-24 20:00:00,1323.0,1337.98,1316.4,1334.0
2013-09-25 20:00:00,1333.95,1339.25,1318.72,1323.65
2013-09-26 20:00:00,1323.55,1343.97,1319.58,1336.78
2013-09-29 20:00:00,1341.55,1352.44,1322.78,1328.65
2013-09-30 20:00:00,1328.7,1337.38,1282.28,1287.25
2013-10-01 20:00:00,1287.05,1323.81,1277.72,1315.85
2013-10-02 20:00:00,1315.65,1322.1,1301.88,1316.6
2013-10-03 20:00:00,1316.65,1325.32,1305.49,1310.6
2013-10-06 20:00:00,1311.74,1328.97,1308.43,1322.6
2013-10-07 20:00:00,1322.5,1330.02,1315.32,1318.95
2013-10-08 20:00:00,1318.85,1322.16,1294.44,1304.8
2013-10-09 20:00:00,1305.25,1311.68,1282.45,1287.25
2013-10-10 20:00:00,1287.15,1294.56,1260.91,1271.8
2013-10-13 20:00:00,1276.5,1290.0,1268.49,1271.8
2013-10-14 20:00:00,1271.75,1287.88,1251.55,1282.05
2013-10-15 20:00:00,1282.08,1288.06,1269.09,1282.15
2013-10-16 20:00:00,1282.1,1324.27,1274.35,1319.6
2013-10-17 20:00:00,1319.63,1327.56,1311.6,1315.85
2013-10-20 20:00:00,1316.1,1323.98,1312.8,1315.7
2013-10-21 20:00:00,1315.65,1344.61,1310.02,1339.75
2013-10-22 20:00:00,1339.7,1342.15,1329.02,1333.2
2013-10-23 20:00:00,1332.9,1351.8,1330.25,1346.35
2013-10-24 20:00:00,1346.4,1355.68,1336.44,1350.3
2013-10-27 20:00:00,1353.46,1361.65,1346.28,1352.3
2013-10-28 20:00:00,1352.2,1360.41,1340.04,1344.7
2013-10-29 20:00:00,1344.7,1359.48,1334.6,1344.04
2013-10-30 20:00:00,1344.12,1344.3,1319.0,1322.66
2013-10-31 20:00:00,1322.68,1327.37,1305.98,1315.75
2013-11-03 19:00:00,1313.75,1322.49,1311.04,1314.27
2013-11-04 19:00:00,1314.26,1319.85,1305.75,1311.31
2013-11-05 19:00:00,1311.28,1321.98,1309.05,1317.36
2013-11-06 19:00:00,1317.35,1326.17,1296.53,1307.12
2013-11-07 19:00:00,1307.12,1313.72,1280.97,1287.99
2013-11-10 19:00:00,1287.9,1288.75,1279.03,1282.36
2013-11-11 19:00:00,1282.31,1285.37,1261.28,1267.61
2013-11-12 19:00:00,1267.59,1284.12,1265.73,1281.26
2013-11-13 19:00:00,1281.66,1294.26,1278.06,1286.85
2013-11-14 19:00:00,1286.86,1291.15,1280.32,1289.79
2013-11-17 19:00:00,1289.25,1289.56,1269.99,1274.88
2013-11-18 19:00:00,1274.89,1278.8,1269.07,1275.09
2013-11-19 19:00:00,1275.04,1276.31,1241.0,1243.8
2013-11-20 19:00:00,1243.8,1250.37,1236.69,1242.53
2013-11-21 19:00:00,1242.52,1248.87,1241.04,1243.13
2013-11-24 19:00:00,1242.19,1253.77,1226.72,1251.08
2013-11-25 19:00:00,1251.09,1257.86,1239.57,1242.55
2013-11-26 19:00:00,1242.4,1254.74,1236.19,1237.43
2013-11-27 19:00:00,1237.34,1245.77,1234.64,1244.61
2013-11-28 19:00:00,1243.72,1254.71,1240.66,1251.39
2013-12-01 19:00:00,1250.66,1250.66,1217.66,1219.4
2013-12-02 19:00:00,1219.42,1226.15,1215.17,1222.94
2013-12-03 19:00:00,1222.92,1251.47,1211.66,1243.32
2013-12-04 19:00:00,1243.11,1243.19,1216.93,1224.85
2013-12-05 19:00:00,1224.98,1244.35,1212.12,1228.63
2013-12-08 19:00:00,1230.46,1243.06,1225.2,1239.97
2013-12-09 19:00:00,1239.95,1267.78,1237.86,1261.79
2013-12-10 19:00:00,1261.84,1263.3,1251.03,1251.91
2013-12-11 19:00:00,1251.78,1256.92,1223.85,1225.07
2013-12-12 19:00:00,1225.05,1238.68,1220.48,1238.42
2013-12-15 19:00:00,1237.95,1251.87,1227.69,1240.93
2013-12-16 19:00:00,1240.98,1248.02,1227.32,1230.57
2013-12-17 19:00:00,1230.43,1244.5,1216.01,1218.01
2013-12-18 19:00:00,1217.73,1226.42,1187.17,1188.19
2013-12-19 19:00:00,1188.22,1207.46,1186.88,1202.91
2013-12-22 19:00:00,1202.81,1206.15,1192.65,1198.36
2013-12-23 19:00:00,1198.17,1205.49,1196.07,1204.2
2013-12-24 19:00:00,1203.83,1204.53,1201.4,1201.41
2013-12-25 19:00:00,1203.31,1204.01,1202.08,1203.29
2013-12-26 19:00:00,1210.21,1218.96,1208.83,1212.82
2013-12-29 19:00:00,1213.7,1216.06,1194.62,1196.17
2013-12-30 19:00:00,1196.16,1214.65,1182.43,1205.2
2014-01-01 19:00:00,1203.72,1230.78,1203.19,1223.98
2014-01-02 19:00:00,1223.98,1240.11,1221.69,1236.44
2014-01-05 19:00:00,1236.97,1248.32,1220.98,1237.64
2014-01-06 19:00:00,1237.65,1245.2,1224.87,1231.73
2014-01-07 19:00:00,1231.75,1232.37,1218.35,1225.62
2014-01-08 19:00:00,1225.63,1231.42,1223.41,1227.65
2014-01-09 19:00:00,1227.64,1248.85,1227.09,1248.04
2014-01-12 19:00:00,1248.05,1254.98,1243.61,1252.8
2014-01-13 19:00:00,1252.81,1255.2,1241.58,1244.74
2014-01-14 19:00:00,1244.79,1245.14,1234.15,1241.52
2014-01-15 19:00:00,1241.55,1245.15,1236.3,1242.07
2014-01-16 19:00:00,1242.08,1254.84,1237.64,1253.67
2014-01-19 19:00:00,1252.95,1261.86,1252.61,1254.68
2014-01-20 19:00:00,1253.16,1255.69,1235.53,1241.08
2014-01-21 19:00:00,1241.07,1243.49,1235.9,1236.88
2014-01-22 19:00:00,1236.62,1265.34,1231.47,1263.69
2014-01-23 19:00:00,1263.58,1272.49,1256.86,1269.33
2014-01-26 19:00:00,1269.13,1278.99,1251.91,1256.74
2014-01-27 19:00:00,1256.72,1261.38,1248.72,1256.48
2014-01-28 19:00:00,1256.52,1270.0,1248.72,1266.95
2014-01-29 19:00:00,1267.57,1268.29,1238.0,1243.32
2014-01-30 19:00:00,1243.28,1254.88,1238.44,1244.22
2014-02-02 19:00:00,1241.93,1266.19,1240.76,1257.15
2014-02-03 19:00:00,1257.11,1260.84,1247.22,1254.35
2014-02-04 19:00:00,1254.37,1274.22,1252.24,1257.49
2014-02-05 19:00:00,1257.48,1266.84,1252.69,1257.84
2014-02-06 19:00:00,1257.96,1271.85,1256.15,1267.02
2014-02-09 19:00:00,1265.49,1277.79,1265.03,1274.54
2014-02-10 19:00:00,1274.22,1293.75,1273.61,1291.07
2014-02-11 19:00:00,1290.63,1296.17,1283.86,1290.76
2014-02-12 19:00:00,1290.83,1302.86,1286.12,1302.39
2014-02-13 19:00:00,1302.38,1320.92,1299.86,1318.35
2014-02-16 19:00:00,1318.98,1329.71,1318.79,1328.49
2014-02-17 19:00:00,1329.22,1332.0,1312.5,1321.59
2014-02-18 19:00:00,1321.61,1322.89,1308.83,1311.26
2014-02-19 19:00:00,1311.26,1324.9,1307.28,1322.72
2014-02-20 19:00:00,1322.7,1328.43,1316.02,1323.61
2014-02-23 19:00:00,1325.4,1338.79,1318.7,1336.6
2014-02-24 19:00:00,1336.32,1343.48,1331.11,1340.34
2014-02-25 19:00:00,1340.27,1345.26,1322.22,1330.35
2014-02-26 19:00:00,1330.35,1336.1,1323.72,1331.09
2014-02-27 19:00:00,1331.08,1333.24,1319.23,1325.98
2014-03-02 19:00:00,1332.28,1354.65,1330.54,1350.26
2014-03-03 19:00:00,1350.25,1352.49,1331.15,1334.15
2014-03-04 19:00:00,1334.14,1341.72,1332.56,1336.67
2014-03-05 19:00:00,1336.51,1353.51,1331.09,1350.52
2014-03-06 19:00:00,1350.54,1352.89,1328.6,1339.85
2014-03-09 20:00:00,1339.54,1344.52,1327.84,1339.36
2014-03-10 20:00:00,1339.37,1352.49,1337.6,1348.65
2014-03-11 20:00:00,1348.66,1370.77,1345.37,1366.6
2014-03-12 20:00:00,1366.59,1374.95,1364.42,1370.0
2014-03-13 20:00:00,1370.3,1387.89,1367.8,1382.81
2014-03-16 20:00:00,1382.37,1392.08,1361.78,1366.78
2014-03-17 20:00:00,1366.8,1367.51,1350.61,1355.36
2014-03-18 20:00:00,1355.35,1359.58,1327.72,1329.31
2014-03-19 20:00:00,1329.45,1334.48,1320.41,1327.47
2014-03-20 20:00:00,1327.48,1342.3,1327.02,1334.13
2014-03-23 20:00:00,1332.85,1334.82,1307.8,1308.48
2014-03-24 20:00:00,1308.5,1317.27,1305.62,1310.76
2014-03-25 20:00:00,1310.87,1316.21,1298.52,1304.17
2014-03-26 20:00:00,1304.18,1306.72,1288.97,1291.03
2014-03-27 20:00:00,1290.87,1298.62,1285.6,1294.95
2014-03-30 20:00:00,1293.4,1298.48,1282.27,1283.76
2014-03-31 20:00:00,1283.78,1287.89,1277.57,1278.68
2014-04-01 20:00:00,1278.65,1294.43,1278.26,1289.68
2014-04-02 20:00:00,1289.67,1293.83,1281.48,1286.37
2014-04-03 20:00:00,1286.35,1306.92,1284.14,1303.16
2014-04-06 20:00:00,1303.9,1304.05,1295.5,1297.04
2014-04-07 20:00:00,1297.06,1314.22,1296.33,1308.33
2014-04-08 20:00:00,1308.29,1314.99,1300.79,1311.46
2014-04-09 20:00:00,1312.16,1324.44,1310.68,1318.65
2014-04-10 20:00:00,1317.91,1323.78,1314.07,1318.09
2014-04-13 20:00:00,1322.05,1331.05,1318.62,1327.64
2014-04-14 20:00:00,1327.59,1328.19,1284.23,1302.07
2014-04-15 20:00:00,1302.04,1307.02,1293.38,1302.19
2014-04-16 20:00:00,1302.17,1304.11,1293.02,1294.54
2014-04-20 20:00:00,1294.38,1301.78,1281.83,1289.48
2014-04-21 20:00:00,1289.47,1292.67,1277.32,1283.43
2014-04-22 20:00:00,1283.38,1288.92,1280.78,1283.5
2014-04-23 20:00:00,1283.49,1298.6,1268.4,1292.98
2014-04-24 20:00:00,1292.9,1304.98,1290.33,1302.99
2014-04-27 20:00:00,1302.75,1306.41,1291.91,1296.14
2014-04-28 20:00:00,1296.11,1301.24,1286.19,1295.6
2014-04-29 20:00:00,1295.63,1298.11,1284.81,1291.27
2014-04-30 20:00:00,1291.25,1292.8,1277.18,1284.06
2014-05-01 20:00:00,1283.88,1304.53,1273.07,1298.77
2014-05-04 20:00:00,1300.16,1315.53,1299.3,1309.97
2014-05-05 20:00:00,1309.96,1313.97,1304.26,1307.64
2014-05-06 20:00:00,1307.65,1314.52,1286.48,1289.64
2014-05-07 20:00:00,1289.65,1295.32,1284.6,1289.16
2014-05-08 20:00:00,1289.18,1294.33,1285.43,1287.79
2014-05-11 20:00:00,1289.21,1303.83,1277.64,1295.74
2014-05-12 20:00:00,1295.86,1298.75,1289.0,1293.39
2014-05-13 20:00:00,1293.37,1309.02,1291.49,1305.7
2014-05-14 20:00:00,1305.53,1307.08,1290.86,1295.87
2014-05-15 20:00:00,1295.88,1298.28,1287.72,1292.78
2014-05-18 20:00:00,1292.12,1305.42,1289.48,1292.8
2014-05-19 20:00:00,1292.81,1296.86,1285.88,1293.92
2014-05-20 20:00:00,1293.91,1296.33,1283.18,1291.76
2014-05-21 20:00:00,1291.75,1303.7,1290.01,1293.83
2014-05-22 20:00:00,1293.63,1295.47,1286.59,1292.28
2014-05-25 20:00:00,1293.68,1294.11,1290.63,1292.66
2014-05-26 20:00:00,1291.87,1293.4,1264.33,1264.58
2014-05-27 20:00:00,1264.56,1267.16,1255.88,1257.83
2014-05-28 20:00:00,1257.88,1260.41,1251.42,1255.41
2014-05-29 20:00:00,1255.38,1260.39,1242.23,1249.34
2014-06-01 20:00:00,1249.82,1250.81,1241.02,1243.56
2014-06-02 20:00:00,1243.54,1247.7,1240.41,1244.7
2014-06-03 20:00:00,1244.71,1249.0,1242.85,1243.62
2014-06-04 20:00:00,1243.63,1257.56,1241.07,1253.3
2014-06-05 20:00:00,1253.29,1257.75,1245.83,1252.97
2014-06-08 20:00:00,1252.51,1256.98,1251.42,1251.93
2014-06-09 20:00:00,1251.92,1263.6,1250.15,1259.54
2014-06-10 20:00:00,1259.53,1265.19,1257.64,1260.74
2014-06-11 20:00:00,1260.72,1274.73,1259.8,1273.01
2014-06-12 20:00:00,1273.03,1277.89,1270.75,1276.51
2014-06-15 20:00:00,1276.16,1284.9,1270.57,1271.64
2014-06-16 20:00:00,1271.65,1273.28,1258.56,1270.41
2014-06-17 20:00:00,1270.43,1278.43,1266.27,1277.46
2014-06-18 20:00:00,1277.98,1321.53,1275.9,1320.03
2014-06-19 20:00:00,1319.93,1321.97,1306.41,1314.48
2014-06-22 20:00:00,1313.51,1318.51,1309.82,1317.2
2014-06-23 20:00:00,1317.22,1325.98,1313.8,1318.06
2014-06-24 20:00:00,1318.01,1324.85,1309.7,1318.99
2014-06-25 20:00:00,1318.98,1319.76,1306.25,1316.39
2014-06-26 20:00:00,1316.36,1322.27,1312.65,1315.91
2014-06-29 20:00:00,1316.36,1329.47,1310.3,1327.1
2014-06-30 20:00:00,1327.07,1332.64,1323.22,1326.12
2014-07-01 20:00:00,1326.22,1332.01,1321.31,1326.51
2014-07-02 20:00:00,1326.7,1327.45,1308.73,1319.23
2014-07-03 20:00:00,1319.26,1323.17,1318.62,1320.23
2014-07-06 20:00:00,1320.2,1320.66,1311.45,1319.6
2014-07-07 20:00:00,1319.68,1324.77,1313.4,1318.95
2014-07-08 20:00:00,1318.97,1332.28,1317.79,1327.57
2014-07-09 20:00:00,1327.53,1345.24,1324.2,1335.41
2014-07-10 20:00:00,1335.39,1339.21,1333.63,1338.37
2014-07-13 20:00:00,1338.91,1339.41,1303.21,1306.82
2014-07-14 20:00:00,1306.86,1313.8,1292.18,1293.72
2014-07-15 20:00:00,1293.74,1303.71,1292.78,1298.94
2014-07-16 20:00:00,1299.19,1323.86,1297.68,1318.84
2014-07-17 20:00:00,1318.62,1324.62,1304.51,1310.63
2014-07-20 20:00:00,1310.05,1318.35,1307.4,1312.16
2014-07-21 20:00:00,1312.01,1315.8,1302.0,1306.08
2014-07-22 20:00:00,1306.25,1311.24,1303.12,1304.34
2014-07-23 20:00:00,1303.83,1305.11,1287.36,1293.37
2014-07-24 20:00:00,1293.48,1308.64,1290.89,1306.86
2014-07-27 20:00:00,1307.64,1309.19,1301.34,1303.79
2014-07-28 20:00:00,1303.77,1312.2,1296.13,1298.91
2014-07-29 20:00:00,1298.86,1303.64,1291.73,1295.92
2014-07-30 20:00:00,1295.9,1297.22,1280.28,1282.34
2014-07-31 20:00:00,1282.37,1297.2,1279.97,1293.51
2014-08-03 20:00:00,1292.99,1295.37,1286.07,1287.93
2014-08-04 20:00:00,1287.96,1294.01,1282.5,1288.5
2014-08-05 20:00:00,1288.47,1309.59,1287.69,1305.54
2014-08-06 20:00:00,1305.51,1314.87,1301.93,1312.28
2014-08-07 20:00:00,1312.27,1322.71,1305.9,1309.25
2014-08-10 20:00:00,1308.75,1311.55,1305.15,1308.11
2014-08-11 20:00:00,1308.2,1317.86,1305.65,1309.1
2014-08-12 20:00:00,1309.06,1315.02,1304.85,1312.54
2014-08-13 20:00:00,1312.42,1319.44,1308.73,1313.19
2014-08-14 20:00:00,1313.08,1315.14,1292.22,1304.48
2014-08-17 20:00:00,1302.99,1303.63,1295.56,1298.02
2014-08-18 20:00:00,1298.01,1302.4,1293.8,1295.5
2014-08-19 20:00:00,1295.53,1297.97,1287.83,1291.61
2014-08-20 20:00:00,1291.49,1291.56,1272.94,1276.43
2014-08-21 20:00:00,1276.5,1282.93,1274.09,1280.9
2014-08-24 20:00:00,1279.55,1280.88,1269.46,1276.57
2014-08-25 20:00:00,1276.56,1290.95,1275.41,1280.85
2014-08-26 20:00:00,1280.88,1287.37,1279.67,1282.36
2014-08-27 20:00:00,1282.59,1296.5,1281.5,1289.35
2014-08-28 20:00:00,1289.2,1291.37,1283.36,1286.87
2014-08-31 20:00:00,1287.26,1289.92,1284.8,1286.94
2014-09-01 20:00:00,1285.22,1287.55,1262.41,1265.15
2014-09-02 20:00:00,1265.31,1271.59,1261.23,1269.23
2014-09-03 20:00:00,1269.11,1277.29,1260.57,1261.53
2014-09-04 20:00:00,1261.68,1273.72,1257.21,1268.65
2014-09-07 20:00:00,1267.52,1271.85,1251.47,1255.3
2014-09-08 20:00:00,1256.06,1258.12,1247.58,1255.33
2014-09-09 20:00:00,1255.18,1257.82,1243.8,1249.57
2014-09-10 20:00:00,1249.52,1250.22,1234.89,1240.64
2014-09-11 20:00:00,1240.48,1241.65,1227.49,1229.27
2014-09-14 20:00:00,1226.69,1238.53,1225.51,1232.98
2014-09-15 20:00:00,1232.11,1242.01,1231.58,1235.31
2014-09-16 20:00:00,1235.05,1239.3,1221.35,1223.39
2014-09-17 20:00:00,1223.18,1227.92,1215.76,1225.07
2014-09-18 20:00:00,1225.01,1228.59,1213.76,1215.33
2014-09-21 20:00:00,1214.74,1220.43,1208.2,1214.87
2014-09-22 20:00:00,1214.83,1235.35,1213.96,1223.12
2014-09-23 20:00:00,1223.13,1226.05,1215.67,1216.88
2014-09-24 20:00:00,1216.64,1224.61,1206.75,1221.43
2014-09-25 20:00:00,1221.35,1231.29,1212.24,1218.13
2014-09-28 20:00:00,1217.59,1223.27,1214.86,1215.69
2014-09-29 20:00:00,1215.63,1220.13,1204.5,1207.96
2014-09-30 20:00:00,1207.96,1219.42,1204.63,1213.74
2014-10-01 20:00:00,1213.56,1222.38,1208.61,1214.39
2014-10-02 20:00:00,1214.09,1215.29,1189.97,1190.64
2014-10-05 20:00:00,1191.21,1209.04,1182.97,1207.1
2014-10-06 20:00:00,1206.9,1213.43,1202.88,1208.82
2014-10-07 20:00:00,1208.76,1224.13,1204.91,1220.96
2014-10-08 20:00:00,1220.92,1233.33,1218.99,1224.13
2014-10-09 20:00:00,1224.07,1225.43,1217.32,1222.93
2014-10-12 20:00:00,1223.01,1237.75,1223.01,1235.61
2014-10-13 20:00:00,1235.6,1238.24,1230.93,1232.7
2014-10-14 20:00:00,1232.7,1249.73,1221.87,1241.83
2014-10-15 20:00:00,1241.31,1245.19,1235.38,1238.63
2014-10-16 20:00:00,1238.76,1241.68,1231.63,1237.8
2014-10-19 20:00:00,1237.77,1248.69,1234.63,1246.79
2014-10-20 20:00:00,1246.79,1255.23,1245.34,1248.4
2014-10-21 20:00:00,1248.38,1249.74,1240.4,1241.08
2014-10-22 20:00:00,1241.04,1244.6,1226.27,1231.64
2014-10-23 20:00:00,1231.58,1234.25,1228.65,1230.83
2014-10-26 20:00:00,1230.39,1232.02,1225.4,1226.42
2014-10-27 20:00:00,1226.47,1235.58,1222.45,1228.41
2014-10-28 20:00:00,1228.35,1230.52,1208.31,1211.95
2014-10-29 20:00:00,1211.91,1216.75,1195.9,1198.56
2014-10-30 20:00:00,1198.56,1202.74,1161.58,1172.49
2014-11-02 19:00:00,1170.66,1173.83,1161.66,1165.37
2014-11-03 19:00:00,1165.34,1174.98,1163.9,1168.17
2014-11-04 19:00:00,1168.26,1169.66,1137.76,1140.19
2014-11-05 19:00:00,1139.99,1149.58,1138.09,1141.57
2014-11-06 19:00:00,1141.51,1178.7,1131.67,1177.85
2014-11-09 19:00:00,1177.06,1177.27,1147.27,1151.18
2014-11-10 19:00:00,1151.34,1173.25,1146.09,1163.78
2014-11-11 19:00:00,1163.71,1170.11,1157.27,1162.26
2014-11-12 19:00:00,1162.26,1168.05,1153.93,1162.2
2014-11-13 19:00:00,1162.26,1193.55,1146.87,1188.56
2014-11-16 19:00:00,1185.58,1194.24,1181.46,1186.42
2014-11-17 19:00:00,1186.67,1204.65,1183.41,1196.75
2014-11-18 19:00:00,1196.81,1202.19,1175.08,1182.33
2014-11-19 19:00:00,1182.18,1197.1,1176.78,1193.32
2014-11-20 19:00:00,1193.41,1207.75,1186.8,1201.32
2014-11-23 19:00:00,1199.93,1204.33,1192.78,1196.75
2014-11-24 19:00:00,1196.66,1202.91,1190.41,1200.59
2014-11-25 19:00:00,1200.54,1202.79,1194.85,1197.69
2014-11-26 19:00:00,1197.93,1199.67,1185.62,1194.1
2014-11-27 19:00:00,1194.1,1194.1,1165.2,1166.92
2014-11-30 19:00:00,1166.92,1221.06,1142.75,1211.38
2014-12-01 19:00:00,1211.33,1213.26,1191.93,1197.89
2014-12-02 19:00:00,1197.7,1215.06,1194.46,1209.26
2014-12-03 19:00:00,1209.27,1213.35,1201.28,1205.07
2014-12-04 19:00:00,1205.07,1207.55,1186.25,1192.0
2014-12-07 19:00:00,1190.73,1208.88,1187.07,1203.1
2014-12-08 19:00:00,1203.1,1238.18,1199.31,1230.57
2014-12-09 19:00:00,1230.62,1238.18,1224.56,1226.17
2014-12-10 19:00:00,1226.08,1232.67,1215.88,1227.08
2014-12-11 19:00:00,1227.09,1228.06,1214.27,1222.35
2014-12-14 19:00:00,1220.11,1224.25,1190.59,1192.93
2014-12-15 19:00:00,1192.9,1223.44,1187.48,1196.67
2014-12-16 19:00:00,1196.65,1202.9,1183.56,1189.26
2014-12-17 19:00:00,1189.37,1213.77,1188.4,1198.32
2014-12-18 19:00:00,1198.16,1201.22,1193.63,1195.51
2014-12-21 19:00:00,1195.3,1203.28,1170.64,1176.11
2014-12-22 19:00:00,1176.35,1184.9,1172.55,1176.25
2014-12-23 19:00:00,1176.24,1181.13,1172.84,1174.78
2014-12-25 19:00:00,1176.5,1199.14,1176.31,1195.76
2014-12-28 19:00:00,1194.09,1197.44,1178.77,1182.84
2014-12-29 19:00:00,1182.69,1210.59,1180.69,1200.25
2014-12-30 19:00:00,1200.23,1203.8,1179.63,1183.99
2015-01-01 19:00:00,1183.96,1194.97,1167.51,1188.5
2015-01-04 19:00:00,1187.34,1207.5,1178.13,1204.24
2015-01-05 19:00:00,1203.95,1223.13,1201.63,1218.03
2015-01-06 19:00:00,1217.93,1218.75,1208.75,1211.09
2015-01-07 19:00:00,1210.19,1216.65,1204.55,1208.59
2015-01-08 19:00:00,1208.59,1223.98,1206.92,1223.06
2015-01-11 19:00:00,1222.83,1235.82,1217.54,1232.94
2015-01-12 19:00:00,1232.95,1244.09,1227.18,1230.43
2015-01-13 19:00:00,1230.44,1244.43,1225.02,1228.36
2015-01-14 19:00:00,1228.39,1266.71,1225.99,1262.09
2015-01-15 19:00:00,1261.93,1282.07,1254.96,1280.32
2015-01-18 19:00:00,1279.93,1281.56,1272.03,1276.7
2015-01-19 19:00:00,1276.42,1297.18,1273.95,1294.88
2015-01-20 19:00:00,1294.43,1305.22,1284.58,1292.91
2015-01-21 19:00:00,1292.85,1307.56,1279.54,1301.81
2015-01-22 19:00:00,1301.6,1302.55,1284.36,1294.0
2015-01-25 19:00:00,1292.14,1299.11,1275.83,1281.03
2015-01-26 19:00:00,1281.13,1297.54,1272.21,1292.09
2015-01-27 19:00:00,1291.89,1293.76,1279.66,1284.1
2015-01-28 19:00:00,1283.43,1285.86,1252.03,1256.85
2015-01-29 19:00:00,1256.57,1284.8,1256.57,1283.07
2015-02-01 19:00:00,1281.48,1283.29,1266.44,1274.09
2015-02-02 19:00:00,1273.91,1285.9,1255.47,1259.91
2015-02-03 19:00:00,1259.46,1272.71,1256.6,1268.74
2015-02-04 19:00:00,1268.19,1274.17,1256.26,1264.44
2015-02-05 19:00:00,1264.37,1268.76,1228.32,1233.4
2015-02-08 19:00:00,1233.28,1243.63,1233.28,1238.66
2015-02-09 19:00:00,1238.11,1245.87,1230.95,1233.07
2015-02-10 19:00:00,1233.17,1238.76,1216.6,1218.75
2015-02-11 19:00:00,1217.95,1232.95,1216.44,1221.8
2015-02-12 19:00:00,1221.71,1234.95,1221.58,1229.44
2015-02-15 19:00:00,1229.42,1236.7,1227.55,1230.74
2015-02-16 19:00:00,1229.41,1233.91,1203.79,1209.42
2015-02-17 19:00:00,1208.77,1213.52,1197.54,1212.31
2015-02-18 19:00:00,1212.22,1222.94,1205.37,1206.41
2015-02-19 19:00:00,1206.49,1215.4,1198.22,1200.96
2015-02-22 19:00:00,1202.71,1210.32,1190.74,1201.28
2015-02-23 19:00:00,1201.25,1204.55,1190.28,1200.27
2015-02-24 19:00:00,1200.24,1211.89,1199.39,1204.79
2015-02-25 19:00:00,1204.26,1219.98,1203.6,1209.06
2015-02-26 19:00:00,1209.02,1219.38,1204.47,1212.97
2015-03-01 19:00:00,1213.02,1223.24,1204.57,1206.48
2015-03-02 19:00:00,1205.84,1214.74,1195.41,1203.52
2015-03-03 19:00:00,1203.44,1209.0,1198.27,1200.04
2015-03-04 19:00:00,1200.05,1209.48,1196.49,1198.03
2015-03-05 19:00:00,1197.55,1200.72,1163.74,1166.96
2015-03-08 20:00:00,1169.28,1175.33,1165.81,1166.99
2015-03-09 20:00:00,1166.9,1170.46,1155.26,1161.59
2015-03-10 20:00:00,1161.08,1165.17,1147.51,1155.2
2015-03-11 20:00:00,1154.54,1166.56,1148.62,1153.5
2015-03-12 20:00:00,1153.49,1161.76,1151.48,1158.23
2015-03-15 20:00:00,1158.16,1164.1,1150.3,1154.62
2015-03-16 20:00:00,1154.57,1159.88,1142.75,1149.36
2015-03-17 20:00:00,1148.94,1175.68,1145.98,1167.51
2015-03-18 20:00:00,1166.2,1177.81,1159.53,1170.89
2015-03-19 20:00:00,1170.41,1187.91,1168.76,1182.32
2015-03-22 20:00:00,1182.18,1191.67,1179.33,1189.39
2015-03-23 20:00:00,1189.31,1195.0,1185.42,1193.18
2015-03-24 20:00:00,1192.57,1199.67,1186.62,1195.31
2015-03-25 20:00:00,1194.66,1219.8,1194.41,1204.64
2015-03-26 20:00:00,1204.28,1206.2,1192.54,1198.29
2015-03-29 20:00:00,1198.06,1199.33,1182.37,1185.88
2015-03-30 20:00:00,1185.91,1190.72,1178.41,1183.29
2015-03-31 20:00:00,1182.27,1208.61,1180.81,1203.84
2015-04-01 20:00:00,1203.42,1207.32,1194.92,1202.44
2015-04-05 20:00:00,1208.25,1224.22,1208.25,1214.61
2015-04-06 20:00:00,1213.61,1215.79,1207.48,1208.94
2015-04-07 20:00:00,1208.85,1212.33,1197.47,1202.33
2015-04-08 20:00:00,1202.0,1203.46,1192.63,1194.63
2015-04-09 20:00:00,1194.19,1210.72,1193.27,1207.38
2015-04-12 20:00:00,1206.3,1209.5,1196.37,1198.63
2015-04-13 20:00:00,1198.15,1201.55,1183.96,1192.54
2015-04-14 20:00:00,1191.66,1204.62,1188.84,1202.38
2015-04-15 20:00:00,1202.42,1209.17,1194.69,1198.36
2015-04-16 20:00:00,1197.84,1207.85,1197.39,1204.0
2015-04-19 20:00:00,1203.56,1209.16,1191.37,1195.71
2015-04-20 20:00:00,1194.89,1204.26,1193.07,1202.04
2015-04-21 20:00:00,1201.92,1204.84,1185.69,1186.92
2015-04-22 20:00:00,1186.69,1198.06,1184.35,1193.66
2015-04-23 20:00:00,1193.09,1196.0,1175.22,1179.1
2015-04-26 20:00:00,1178.87,1207.25,1178.64,1201.67
2015-04-27 20:00:00,1201.7,1215.07,1199.22,1211.65
2015-04-28 20:00:00,1211.38,1214.06,1201.35,1204.46
2015-04-29 20:00:00,1204.24,1207.23,1177.11,1184.04
2015-05-03 20:00:00,1177.72,1192.83,1177.69,1187.88
2015-05-04 20:00:00,1187.62,1199.91,1185.74,1193.03
2015-05-05 20:00:00,1192.94,1197.68,1188.25,1191.97
2015-05-06 20:00:00,1191.6,1192.84,1178.89,1184.2
2015-05-07 20:00:00,1184.02,1193.62,1181.76,1187.93
2015-05-10 20:00:00,1189.27,1191.74,1178.87,1183.62
2015-05-11 20:00:00,1183.4,1197.21,1180.79,1193.57
2015-05-12 20:00:00,1193.26,1218.89,1191.3,1215.43
2015-05-13 20:00:00,1214.96,1227.22,1212.34,1220.76
2015-05-14 20:00:00,1220.48,1226.16,1211.0,1223.75
2015-05-17 20:00:00,1223.49,1232.36,1221.61,1225.2
2015-05-18 20:00:00,1224.78,1225.58,1205.75,1207.52
2015-05-19 20:00:00,1207.17,1213.45,1203.25,1209.37
2015-05-20 20:00:00,1209.31,1212.8,1201.49,1205.79
2015-05-21 20:00:00,1205.7,1214.89,1201.49,1205.91
2015-05-24 20:00:00,1205.37,1208.66,1202.86,1206.99
2015-05-25 20:00:00,1206.91,1207.57,1185.58,1186.98
2015-05-26 20:00:00,1186.79,1190.94,1183.71,1187.66
2015-05-27 20:00:00,1187.4,1192.2,1180.35,1188.1
2015-05-28 20:00:00,1187.69,1193.99,1185.74,1190.24
2015-05-31 20:00:00,1189.7,1204.28,1184.45,1191.04
2015-06-01 20:00:00,1188.71,1196.29,1185.99,1192.91
2015-06-02 20:00:00,1192.54,1195.5,1179.45,1184.7
2015-06-03 20:00:00,1184.6,1186.47,1172.92,1176.68
2015-06-04 20:00:00,1176.27,1178.59,1162.73,1171.75
2015-06-07 20:00:00,1170.65,1177.64,1169.13,1172.45
2015-06-08 20:00:00,1173.81,1182.96,1172.58,1176.19
2015-06-09 20:00:00,1176.14,1192.33,1175.25,1185.54
2015-06-10 20:00:00,1185.49,1187.99,1175.73,1181.54
2015-06-11 20:00:00,1181.46,1184.39,1176.75,1181.39
2015-06-14 20:00:00,1180.65,1190.38,1172.8,1188.31
2015-06-15 20:00:00,1185.95,1187.87,1176.14,1181.82
2015-06-16 20:00:00,1181.45,1189.22,1174.67,1184.51
2015-06-17 20:00:00,1184.57,1205.75,1183.66,1201.3
2015-06-18 20:00:00,1201.28,1204.23,1198.41,1199.82
2015-06-21 20:00:00,1199.95,1201.09,1182.14,1185.44
2015-06-22 20:00:00,1185.35,1188.12,1176.23,1178.32
2015-06-23 20:00:00,1178.09,1180.28,1170.49,1174.48
2015-06-24 20:00:00,1174.44,1178.13,1171.61,1172.91
2015-06-25 20:00:00,1172.9,1178.69,1168.56,1175.22
2015-06-28 20:00:00,1184.22,1188.22,1173.86,1178.58
2015-06-29 20:00:00,1179.92,1180.49,1166.76,1172.03
2015-06-30 20:00:00,1172.43,1175.06,1167.55,1168.51
2015-07-01 20:00:00,1168.16,1169.7,1157.06,1164.18
2015-07-02 20:00:00,1165.66,1170.34,1164.71,1168.01
2015-07-05 20:00:00,1172.86,1175.03,1162.88,1172.54
2015-07-06 20:00:00,1170.08,1170.42,1148.05,1154.78
2015-07-07 20:00:00,1154.92,1164.7,1147.23,1158.01
2015-07-08 20:00:00,1158.37,1167.76,1156.0,1159.11
2015-07-09 20:00:00,1159.6,1165.45,1157.46,1160.09
2015-07-12 20:00:00,1163.15,1164.85,1151.14,1156.71
2015-07-13 20:00:00,1157.47,1159.8,1152.95,1155.78
2015-07-14 20:00:00,1154.94,1156.93,1143.25,1149.18
2015-07-15 20:00:00,1147.13,1149.41,1142.31,1145.05
2015-07-16 20:00:00,1145.41,1145.79,1131.1,1133.92
2015-07-19 20:00:00,1133.19,1133.42,1069.51,1108.21
2015-07-20 20:00:00,1098.75,1109.92,1097.01,1100.98
2015-07-21 20:00:00,1100.77,1103.4,1087.08,1093.83
2015-07-22 20:00:00,1093.18,1105.8,1087.27,1090.19
2015-07-23 20:00:00,1090.5,1091.67,1077.29,1085.83
2015-07-26 20:00:00,1099.53,1105.09,1088.57,1097.35
2015-07-27 20:00:00,1094.74,1099.05,1091.66,1095.2
2015-07-28 20:00:00,1095.07,1101.96,1090.43,1096.52
2015-07-29 20:00:00,1096.92,1098.69,1082.56,1088.22
2015-07-30 20:00:00,1088.4,1103.5,1080.06,1094.49
2015-08-02 20:00:00,1095.73,1097.78,1089.25,1091.49
2015-08-03 20:00:00,1084.17,1094.86,1081.03,1087.67
2015-08-04 20:00:00,1087.61,1092.62,1083.06,1085.2
2015-08-05 20:00:00,1085.21,1094.11,1081.36,1089.49
2015-08-06 20:00:00,1089.48,1099.57,1082.58,1094.35
2015-08-09 20:00:00,1094.58,1109.0,1089.72,1106.75
2015-08-10 20:00:00,1104.43,1119.5,1093.94,1108.75
2015-08-11 20:00:00,1108.75,1125.87,1101.85,1124.25
2015-08-12 20:00:00,1124.88,1126.8,1113.71,1114.57
2015-08-13 20:00:00,1114.68,1121.1,1111.83,1113.63
2015-08-16 20:00:00,1114.7,1122.83,1113.67,1119.07
2015-08-17 20:00:00,1117.43,1121.2,1109.71,1117.54
2015-08-18 20:00:00,1117.29,1134.63,1116.31,1133.8
2015-08-19 20:00:00,1133.55,1154.12,1132.67,1151.99
2015-08-20 20:00:00,1152.01,1168.33,1149.0,1160.07
2015-08-23 20:00:00,1161.12,1170.11,1152.38,1155.77
2015-08-24 20:00:00,1154.83,1156.67,1134.69,1140.48
2015-08-25 20:00:00,1140.09,1146.52,1117.78,1125.06
2015-08-26 20:00:00,1124.68,1129.38,1118.35,1124.73
2015-08-27 20:00:00,1125.43,1140.85,1123.82,1135.24
2015-08-30 20:00:00,1133.07,1135.81,1125.69,1133.63
2015-08-31 20:00:00,1134.42,1147.95,1134.38,1140.01
2015-09-01 20:00:00,1139.72,1142.52,1132.15,1133.84
2015-09-02 20:00:00,1133.63,1134.36,1121.91,1125.14
2015-09-03 20:00:00,1125.04,1132.25,1116.77,1120.75
2015-09-06 20:00:00,1123.55,1124.84,1116.06,1119.07
2015-09-07 20:00:00,1118.62,1126.81,1118.54,1121.4
2015-09-08 20:00:00,1121.28,1125.45,1101.33,1107.66
2015-09-09 20:00:00,1106.44,1115.09,1103.9,1110.75
2015-09-10 20:00:00,1111.73,1112.93,1098.79,1105.01
2015-09-13 20:00:00,1108.01,1110.52,1103.61,1108.93
2015-09-14 20:00:00,1108.83,1109.42,1102.58,1105.02
2015-09-15 20:00:00,1105.15,1124.26,1104.02,1119.25
2015-09-16 20:00:00,1119.22,1135.4,1115.46,1131.19
2015-09-17 20:00:00,1130.6,1141.77,1127.6,1137.97
2015-09-20 20:00:00,1139.42,1139.97,1129.55,1133.09
2015-09-21 20:00:00,1133.1,1136.65,1121.38,1124.67
2015-09-22 20:00:00,1124.32,1134.32,1121.93,1130.02
2015-09-23 20:00:00,1130.02,1156.79,1130.02,1153.85
2015-09-24 20:00:00,1151.38,1151.41,1140.81,1145.76
2015-09-27 20:00:00,1145.22,1148.24,1128.08,1131.8
2015-09-28 20:00:00,1131.96,1134.8,1124.33,1127.34
2015-09-29 20:00:00,1127.33,1128.18,1111.72,1114.88
2015-09-30 20:00:00,1114.78,1119.24,1111.14,1113.44
2015-10-01 20:00:00,1113.31,1141.32,1104.64,1136.06
2015-10-04 20:00:00,1137.53,1141.99,1130.16,1135.44
2015-10-05 20:00:00,1135.26,1151.27,1135.02,1147.06
2015-10-06 20:00:00,1146.62,1153.66,1141.85,1145.26
2015-10-07 20:00:00,1145.38,1151.28,1136.65,1138.79
2015-10-08 20:00:00,1138.89,1159.69,1138.59,1158.83
2015-10-11 20:00:00,1155.17,1169.01,1154.8,1163.61
2015-10-12 20:00:00,1163.13,1168.75,1151.82,1168.63
2015-10-13 20:00:00,1168.41,1189.81,1163.45,1184.28
2015-10-14 20:00:00,1183.95,1191.58,1174.37,1182.91
2015-10-15 20:00:00,1182.44,1184.56,1175.41,1182.16
2015-10-18 20:00:00,1176.54,1178.3,1168.57,1170.53
2015-10-19 20:00:00,1170.81,1180.9,1167.39,1175.84
2015-10-20 20:00:00,1175.43,1179.21,1163.78,1166.92
2015-10-21 20:00:00,1166.81,1171.84,1162.6,1165.52
2015-10-22 20:00:00,1165.68,1179.41,1158.96,1163.14
2015-10-25 20:00:00,1163.92,1169.67,1162.16,1162.85
2015-10-26 20:00:00,1162.95,1168.81,1160.8,1166.7
2015-10-27 20:00:00,1166.6,1182.94,1152.32,1155.88
2015-10-28 20:00:00,1155.88,1162.67,1144.71,1145.68
2015-10-29 20:00:00,1146.9,1150.11,1139.28,1143.24
2015-11-01 19:00:00,1141.73,1143.02,1132.65,1133.51
2015-11-02 19:00:00,1133.33,1138.33,1114.41,1117.59
2015-11-03 19:00:00,1117.43,1122.83,1106.42,1107.59
2015-11-04 19:00:00,1107.45,1111.58,1102.99,1103.68
2015-11-05 19:00:00,1103.94,1110.46,1085.47,1088.82
2015-11-08 19:00:00,1089.96,1095.74,1088.39,1091.98
2015-11-09 19:00:00,1091.68,1095.06,1085.32,1089.43
2015-11-10 19:00:00,1089.51,1094.12,1084.17,1086.14
2015-11-11 19:00:00,1085.94,1089.67,1074.17,1084.88
2015-11-12 19:00:00,1084.14,1088.61,1079.67,1080.96
2015-11-15 19:00:00,1089.51,1098.14,1081.34,1082.68
2015-11-16 19:00:00,1083.22,1085.16,1065.48,1070.19
2015-11-17 19:00:00,1071.19,1075.49,1064.28,1070.23
2015-11-18 19:00:00,1070.05,1087.46,1069.56,1081.78
2015-11-19 19:00:00,1080.92,1088.07,1075.84,1077.99
2015-11-22 19:00:00,1076.73,1077.15,1066.75,1068.87
2015-11-23 19:00:00,1068.98,1081.15,1068.8,1075.44
2015-11-24 19:00:00,1075.22,1080.85,1067.92,1071.08
2015-11-25 19:00:00,1071.15,1074.88,1069.68,1071.79
2015-11-26 19:00:00,1071.64,1073.82,1052.74,1058.22
2015-11-29 19:00:00,1057.72,1069.74,1053.21,1064.38
2015-11-30 19:00:00,1064.89,1074.67,1063.27,1068.98
2015-12-01 19:00:00,1068.24,1071.56,1050.65,1053.39
2015-12-02 19:00:00,1054.0,1065.48,1046.35,1062.04
2015-12-03 19:00:00,1062.9,1088.89,1058.2,1086.24
2015-12-06 19:00:00,1085.81,1086.7,1066.32,1071.11
2015-12-07 19:00:00,1071.11,1079.09,1067.63,1074.68
2015-12-08 19:00:00,1074.84,1085.41,1069.31,1072.53
2015-12-09 19:00:00,1071.89,1076.53,1069.4,1071.29
2015-12-10 19:00:00,1071.68,1079.68,1062.41,1074.45
2015-12-13 19:00:00,1073.24,1077.53,1058.69,1059.59
2015-12-14 19:00:00,1059.88,1068.67,1058.93,1060.91
2015-12-15 19:00:00,1060.86,1078.4,1060.86,1071.99
2015-12-16 19:00:00,1072.8,1073.26,1047.67,1050.93
2015-12-17 19:00:00,1052.31,1071.64,1050.83,1066.08
2015-12-20 19:00:00,1065.73,1081.78,1063.92,1078.13
2015-12-21 19:00:00,1078.04,1080.75,1071.85,1072.18
2015-12-22 19:00:00,1072.58,1075.51,1068.32,1070.07
2015-12-23 19:00:00,1070.09,1077.04,1070.02,1075.82
2015-12-27 19:00:00,1075.68,1076.96,1066.52,1068.77
2015-12-28 19:00:00,1068.78,1075.28,1067.53,1068.82
2015-12-29 19:00:00,1068.81,1072.26,1059.41,1061.18
2015-12-30 19:00:00,1061.12,1063.56,1058.04,1061.13
2016-01-03 19:00:00,1062.4,1083.52,1061.8,1074.39
2016-01-04 19:00:00,1073.51,1082.09,1072.64,1077.29
2016-01-05 19:00:00,1077.04,1095.2,1075.03,1093.41
2016-01-06 19:00:00,1093.86,1110.17,1091.43,1108.65
2016-01-07 19:00:00,1108.86,1113.14,1092.18,1104.04
2016-01-10 19:00:00,1103.84,1108.52,1093.64,1093.95
2016-01-11 19:00:00,1094.12,1099.26,1083.46,1086.18
2016-01-12 19:00:00,1086.87,1095.55,1079.84,1093.39
2016-01-13 19:00:00,1093.56,1095.31,1071.44,1078.24
2016-01-14 19:00:00,1079.33,1097.4,1076.26,1088.48
2016-01-17 19:00:00,1089.43,1093.38,1087.55,1088.93
2016-01-18 19:00:00,1088.71,1094.57,1082.47,1087.15
2016-01-19 19:00:00,1087.23,1109.66,1087.19,1100.58
2016-01-20 19:00:00,1100.38,1104.59,1092.52,1100.99
2016-01-21 19:00:00,1102.9,1102.9,1094.08,1097.56
2016-01-24 19:00:00,1097.48,1108.99,1097.22,1107.53
2016-01-25 19:00:00,1107.95,1122.94,1107.04,1119.66
2016-01-26 19:00:00,1119.56,1128.1,1114.92,1124.83
2016-01-27 19:00:00,1125.57,1125.86,1111.53,1115.04
2016-01-28 19:00:00,1114.68,1118.45,1108.38,1117.81
2016-01-31 19:00:00,1117.57,1129.78,1115.47,1128.08
2016-02-01 19:00:00,1128.18,1131.07,1122.32,1128.52
2016-02-02 19:00:00,1128.48,1145.55,1124.43,1142.28
2016-02-03 19:00:00,1141.83,1157.37,1139.55,1155.34
2016-02-04 19:00:00,1155.11,1174.55,1145.25,1173.16
2016-02-07 19:00:00,1173.13,1200.88,1164.29,1188.84
2016-02-08 19:00:00,1188.58,1198.97,1185.8,1188.78
2016-02-09 19:00:00,1189.15,1197.75,1181.51,1196.93
2016-02-10 19:00:00,1196.53,1263.43,1195.85,1246.47
2016-02-11 19:00:00,1245.67,1248.26,1232.42,1237.55
2016-02-14 19:00:00,1235.46,1235.46,1202.22,1209.13
2016-02-15 19:00:00,1208.21,1216.96,1190.89,1200.1
2016-02-16 19:00:00,1200.81,1213.76,1195.66,1208.33
2016-02-17 19:00:00,1208.72,1240.01,1200.73,1230.75
2016-02-18 19:00:00,1230.5,1234.53,1220.01,1225.86
2016-02-21 19:00:00,1225.67,1226.23,1201.94,1208.51
2016-02-22 19:00:00,1208.49,1228.32,1207.21,1225.44
2016-02-23 19:00:00,1225.38,1253.32,1221.85,1228.46
2016-02-24 19:00:00,1229.01,1243.05,1221.21,1232.96
2016-02-25 19:00:00,1231.75,1240.34,1211.47,1222.28
2016-02-28 19:00:00,1222.45,1241.15,1215.75,1238.37
2016-02-29 19:00:00,1238.08,1248.54,1227.18,1231.92
2016-03-01 19:00:00,1231.58,1244.05,1224.75,1239.78
2016-03-02 19:00:00,1239.99,1268.31,1237.44,1263.99
2016-03-03 19:00:00,1263.5,1279.8,1250.38,1259.08
2016-03-06 19:00:00,1259.74,1273.19,1256.72,1267.02
2016-03-07 19:00:00,1266.08,1278.12,1260.23,1261.25
2016-03-08 19:00:00,1261.13,1264.96,1242.98,1252.9
2016-03-09 19:00:00,1252.83,1273.4,1237.07,1271.93
2016-03-10 19:00:00,1270.83,1283.6,1248.23,1250.31
2016-03-13 20:00:00,1249.4,1261.06,1229.24,1234.92
2016-03-14 20:00:00,1235.85,1238.08,1225.71,1232.0
2016-03-15 20:00:00,1232.74,1263.89,1226.72,1262.23
2016-03-16 20:00:00,1261.17,1270.97,1254.45,1257.75
2016-03-17 20:00:00,1256.99,1266.94,1247.89,1255.05
2016-03-20 20:00:00,1254.79,1255.96,1240.64,1243.7
2016-03-21 20:00:00,1243.95,1260.23,1242.4,1248.23
2016-03-22 20:00:00,1247.94,1249.44,1215.38,1219.89
2016-03-23 20:00:00,1220.4,1223.8,1212.7,1216.67
2016-03-27 20:00:00,1215.83,1223.14,1208.38,1221.46
2016-03-28 20:00:00,1221.45,1242.94,1215.39,1241.95
2016-03-29 20:00:00,1240.79,1244.08,1223.25,1224.95
2016-03-30 20:00:00,1225.16,1240.43,1223.65,1232.53
2016-03-31 20:00:00,1232.34,1235.29,1208.99,1222.41
2016-04-03 20:00:00,1220.85,1222.6,1214.66,1215.2
2016-04-04 20:00:00,1215.35,1236.8,1214.77,1231.1
2016-04-05 20:00:00,1231.12,1232.2,1216.83,1222.16
2016-04-06 20:00:00,1222.74,1243.28,1222.67,1240.16
2016-04-07 20:00:00,1239.98,1242.82,1229.54,1238.74
2016-04-10 20:00:00,1239.8,1258.74,1239.8,1257.69
2016-04-11 20:00:00,1257.94,1262.68,1251.13,1255.3
2016-04-12 20:00:00,1255.29,1256.67,1239.73,1242.43
2016-04-13 20:00:00,1241.96,1244.12,1223.84,1227.71
2016-04-14 20:00:00,1227.16,1235.91,1225.27,1233.76
2016-04-17 20:00:00,1234.71,1241.63,1230.07,1232.05
2016-04-18 20:00:00,1232.3,1256.65,1227.71,1249.88
2016-04-19 20:00:00,1249.52,1258.03,1242.43,1244.08
2016-04-20 20:00:00,1242.53,1270.26,1242.53,1247.92
2016-04-21 20:00:00,1246.57,1252.52,1227.43,1232.55
2016-04-24 20:00:00,1233.01,1242.33,1230.05,1237.91
2016-04-25 20:00:00,1237.99,1244.88,1231.38,1243.22
2016-04-26 20:00:00,1243.7,1252.63,1239.35,1245.37
2016-04-27 20:00:00,1245.47,1269.55,1237.75,1265.96
2016-04-28 20:00:00,1266.18,1296.63,1265.0,1292.87
2016-05-01 20:00:00,1290.73,1303.7,1287.57,1291.29
2016-05-02 20:00:00,1291.3,1301.76,1282.14,1286.43
2016-05-03 20:00:00,1285.57,1289.74,1271.84,1279.4
2016-05-04 20:00:00,1279.66,1286.44,1268.9,1277.7
2016-05-05 20:00:00,1277.34,1295.62,1274.49,1287.62
2016-05-08 20:00:00,1284.96,1287.57,1261.35,1263.64
2016-05-09 20:00:00,1264.12,1269.92,1256.93,1265.65
2016-05-10 20:00:00,1265.72,1279.13,1264.78,1277.19
2016-05-11 20:00:00,1277.43,1280.92,1261.64,1263.41
2016-05-12 20:00:00,1263.51,1276.37,1262.98,1272.73
2016-05-15 20:00:00,1271.69,1288.74,1270.59,1273.94
2016-05-16 20:00:00,1273.39,1282.3,1269.1,1278.73
2016-05-17 20:00:00,1279.1,1281.55,1255.08,1258.35
2016-05-18 20:00:00,1257.98,1261.34,1243.77,1254.41
2016-05-19 20:00:00,1254.62,1260.22,1248.85,1251.86
2016-05-22 20:00:00,1250.52,1256.14,1243.17,1248.82
2016-05-23 20:00:00,1248.88,1252.29,1226.28,1227.0
2016-05-24 20:00:00,1226.99,1230.18,1217.83,1224.12
2016-05-25 20:00:00,1223.49,1234.34,1218.32,1219.56
2016-05-26 20:00:00,1219.57,1223.61,1206.74,1212.6
2016-05-29 20:00:00,1212.9,1213.48,1199.43,1204.98
2016-05-30 20:00:00,1206.0,1218.26,1205.57,1214.88
2016-05-31 20:00:00,1215.14,1220.44,1206.07,1212.83
2016-06-01 20:00:00,1213.56,1217.66,1209.91,1210.76
2016-06-02 20:00:00,1210.67,1244.77,1207.0,1244.23
2016-06-05 20:00:00,1242.8,1248.71,1239.89,1245.06
2016-06-06 20:00:00,1245.02,1246.62,1234.77,1243.52
2016-06-07 20:00:00,1244.09,1264.43,1243.1,1262.26
2016-06-08 20:00:00,1261.96,1271.79,1256.8,1269.47
2016-06-09 20:00:00,1268.89,1278.19,1264.6,1273.56
2016-06-12 20:00:00,1275.62,1287.19,1272.47,1283.63
2016-06-13 20:00:00,1283.04,1289.9,1276.13,1285.61
2016-06-14 20:00:00,1285.06,1296.85,1278.48,1291.54
2016-06-15 20:00:00,1291.96,1315.63,1277.07,1277.8
2016-06-16 20:00:00,1279.02,1299.53,1276.4,1297.78
2016-06-19 20:00:00,1288.96,1292.22,1278.03,1289.74
2016-06-20 20:00:00,1289.79,1294.25,1264.55,1267.85
2016-06-21 20:00:00,1268.25,1270.75,1261.17,1266.05
2016-06-22 20:00:00,1265.13,1272.15,1254.47,1256.34
2016-06-23 20:00:00,1251.17,1358.28,1250.27,1315.21
2016-06-26 20:00:00,1319.67,1335.37,1317.63,1324.18
2016-06-27 20:00:00,1324.12,1326.29,1305.54,1311.38
2016-06-28 20:00:00,1310.64,1327.83,1310.2,1318.9
2016-06-29 20:00:00,1317.4,1324.21,1312.87,1321.47
2016-06-30 20:00:00,1322.09,1344.57,1320.58,1340.66
2016-07-03 20:00:00,1342.42,1357.54,1336.0,1350.91
2016-07-04 20:00:00,1348.46,1357.61,1338.15,1355.89
2016-07-05 20:00:00,1355.32,1375.17,1354.79,1363.49
2016-07-06 20:00:00,1363.56,1370.77,1350.78,1360.06
2016-07-07 20:00:00,1359.34,1370.32,1335.23,1365.74
2016-07-10 20:00:00,1367.08,1375.13,1350.81,1355.11
2016-07-11 20:00:00,1355.07,1357.8,1330.45,1333.06
2016-07-12 20:00:00,1332.78,1345.3,1327.6,1342.09
2016-07-13 20:00:00,1343.54,1347.17,1320.22,1334.43
2016-07-14 20:00:00,1335.56,1338.74,1322.47,1336.38
2016-07-17 20:00:00,1332.34,1335.54,1323.52,1328.5
2016-07-18 20:00:00,1328.24,1335.09,1325.59,1331.47
2016-07-19 20:00:00,1331.59,1338.39,1312.59,1315.71
2016-07-20 20:00:00,1316.11,1333.91,1310.87,1330.71
2016-07-21 20:00:00,1330.87,1333.8,1319.67,1321.35
2016-07-24 20:00:00,1322.85,1323.71,1312.12,1315.05
2016-07-25 20:00:00,1315.16,1324.49,1313.77,1319.87
2016-07-26 20:00:00,1319.62,1342.01,1315.86,1339.4
2016-07-27 20:00:00,1339.25,1345.61,1332.51,1335.35
2016-07-28 20:00:00,1335.55,1354.98,1328.34,1350.25
2016-07-31 20:00:00,1349.8,1354.84,1346.25,1352.78
2016-08-01 20:00:00,1353.18,1367.27,1347.1,1363.33
2016-08-02 20:00:00,1363.13,1366.47,1354.17,1357.85
2016-08-03 20:00:00,1358.03,1365.12,1349.19,1360.85
2016-08-04 20:00:00,1360.62,1364.74,1334.65,1335.05
2016-08-07 20:00:00,1335.12,1338.29,1329.94,1334.84
2016-08-08 20:00:00,1334.69,1342.63,1330.63,1340.21
2016-08-09 20:00:00,1339.61,1357.3,1339.51,1346.19
2016-08-10 20:00:00,1346.69,1353.42,1335.71,1338.39
2016-08-11 20:00:00,1338.59,1356.31,1333.31,1334.88
2016-08-14 20:00:00,1338.17,1343.83,1335.73,1338.4
2016-08-15 20:00:00,1339.41,1358.05,1339.38,1345.73
2016-08-16 20:00:00,1345.22,1351.66,1335.83,1348.31
2016-08-17 20:00:00,1348.68,1356.09,1346.08,1351.89
2016-08-18 20:00:00,1352.54,1352.88,1337.75,1340.46
2016-08-21 20:00:00,1340.63,1341.23,1331.73,1338.29
2016-08-22 20:00:00,1338.72,1344.76,1335.16,1336.91
2016-08-23 20:00:00,1337.34,1340.19,1323.73,1323.86
2016-08-24 20:00:00,1323.97,1327.07,1318.05,1321.73
2016-08-25 20:00:00,1321.56,1342.25,1318.37,1320.82
2016-08-28 20:00:00,1320.71,1325.12,1314.88,1323.05
2016-08-29 20:00:00,1323.24,1325.42,1309.21,1310.81
2016-08-30 20:00:00,1311.69,1316.16,1304.25,1308.68
2016-08-31 20:00:00,1308.41,1315.13,1302.5,1313.49
2016-09-01 20:00:00,1314.19,1330.0,1305.7,1324.91
2016-09-04 20:00:00,1324.32,1328.59,1321.75,1327.23
2016-09-05 20:00:00,1326.28,1352.54,1324.86,1349.59
2016-09-06 20:00:00,1349.08,1352.62,1342.69,1344.94
2016-09-07 20:00:00,1344.69,1349.34,1335.46,1338.08
2016-09-08 20:00:00,1337.73,1339.54,1327.63,1327.65
2016-09-11 20:00:00,1328.0,1330.23,1320.39,1327.38
2016-09-12 20:00:00,1327.38,1331.98,1315.71,1318.34
2016-09-13 20:00:00,1319.03,1325.96,1313.43,1322.69
2016-09-14 20:00:00,1322.08,1327.8,1309.29,1314.43
2016-09-15 20:00:00,1314.93,1318.03,1306.19,1310.02
2016-09-18 20:00:00,1309.81,1318.45,1309.46,1312.78
2016-09-19 20:00:00,1312.3,1317.91,1312.05,1314.46
2016-09-20 20:00:00,1314.48,1336.97,1307.82,1334.74
2016-09-21 20:00:00,1334.75,1343.69,1331.17,1336.84
2016-09-22 20:00:00,1336.64,1340.56,1333.78,1337.54
2016-09-25 20:00:00,1336.76,1342.09,1332.73,1337.63
2016-09-26 20:00:00,1337.8,1339.52,1324.52,1326.99
2016-09-27 20:00:00,1326.73,1327.55,1317.99,1321.06
2016-09-28 20:00:00,1321.18,1325.81,1316.04,1319.88
2016-09-29 20:00:00,1319.78,1328.11,1313.23,1315.73
2016-10-02 20:00:00,1318.31,1319.6,1309.34,1311.24
2016-10-03 20:00:00,1311.98,1313.01,1267.0,1267.91
2016-10-04 20:00:00,1268.36,1277.18,1262.12,1266.24
2016-10-05 20:00:00,1267.16,1269.42,1249.88,1253.84
2016-10-06 20:00:00,1254.99,1265.35,1241.31,1256.88
2016-10-09 20:00:00,1256.99,1264.91,1256.45,1259.04
2016-10-10 20:00:00,1259.25,1262.17,1252.14,1252.14
2016-10-11 20:00:00,1250.04,1258.92,1249.76,1255.2
2016-10-12 20:00:00,1255.7,1262.32,1253.12,1257.68
2016-10-13 20:00:00,1257.89,1259.57,1246.12,1250.6
2016-10-16 20:00:00,1251.14,1257.23,1250.27,1255.42
2016-10-17 20:00:00,1254.69,1264.67,1254.69,1262.0
2016-10-18 20:00:00,1262.4,1273.31,1260.32,1268.73
2016-10-19 20:00:00,1269.29,1274.42,1264.84,1265.19
2016-10-20 20:00:00,1265.77,1267.98,1261.15,1265.65
2016-10-23 20:00:00,1265.19,1271.91,1260.14,1263.82
2016-10-24 20:00:00,1264.87,1276.71,1262.13,1272.81
2016-10-25 20:00:00,1273.06,1276.44,1264.74,1266.29
2016-10-26 20:00:00,1266.76,1272.77,1265.1,1267.51
2016-10-27 20:00:00,1268.09,1284.09,1261.76,1274.47
2016-10-30 20:00:00,1277.44,1279.52,1271.2,1276.58
2016-10-31 20:00:00,1277.14,1291.88,1275.56,1287.48
2016-11-01 20:00:00,1287.77,1308.01,1287.33,1296.18
2016-11-02 20:00:00,1296.43,1306.77,1285.65,1301.78
2016-11-03 20:00:00,1301.83,1307.09,1294.75,1304.02
2016-11-06 19:00:00,1292.78,1295.87,1278.17,1280.59
2016-11-07 19:00:00,1281.72,1290.69,1272.86,1275.45
2016-11-08 19:00:00,1275.34,1337.35,1268.01,1277.54
2016-11-09 19:00:00,1277.8,1292.12,1252.3,1258.32
2016-11-10 19:00:00,1259.03,1265.41,1219.05,1226.97
2016-11-13 19:00:00,1227.03,1231.25,1211.62,1220.48
2016-11-14 19:00:00,1221.23,1231.54,1218.88,1228.13
2016-11-15 19:00:00,1227.49,1233.07,1221.46,1224.34
2016-11-16 19:00:00,1224.61,1231.4,1211.0,1215.35
2016-11-17 19:00:00,1215.81,1217.77,1202.89,1207.93
2016-11-20 19:00:00,1207.54,1217.66,1205.61,1213.1
2016-11-21 19:00:00,1213.42,1221.04,1206.14,1211.21
2016-11-22 19:00:00,1212.29,1214.98,1181.8,1187.95
2016-11-23 19:00:00,1187.02,1190.87,1180.3,1183.99
2016-11-24 19:00:00,1182.82,1193.25,1170.88,1183.76
2016-11-27 19:00:00,1184.65,1197.63,1182.69,1193.36
2016-11-28 19:00:00,1193.95,1195.08,1181.08,1187.56
2016-11-29 19:00:00,1188.4,1194.93,1170.71,1172.53
2016-11-30 19:00:00,1173.25,1176.73,1160.73,1170.99
2016-12-01 19:00:00,1172.1,1178.15,1166.82,1176.78
2016-12-04 19:00:00,1180.15,1188.12,1157.13,1169.69
2016-12-05 19:00:00,1170.49,1175.33,1166.79,1169.34
2016-12-06 19:00:00,1169.29,1180.28,1165.62,1173.73
2016-12-07 19:00:00,1174.47,1178.64,1169.24,1170.09
2016-12-08 19:00:00,1170.57,1172.01,1156.28,1159.95
2016-12-11 19:00:00,1159.38,1165.84,1151.21,1161.54
2016-12-12 19:00:00,1162.6,1164.98,1154.64,1157.71
2016-12-13 19:00:00,1157.65,1165.29,1139.24,1142.39
2016-12-14 19:00:00,1141.34,1144.45,1122.73,1128.02
2016-12-15 19:00:00,1128.17,1141.32,1126.67,1134.69
2016-12-18 19:00:00,1133.87,1142.37,1133.69,1137.47
2016-12-19 19:00:00,1137.04,1139.79,1125.77,1131.36
2016-12-20 19:00:00,1132.22,1137.17,1129.41,1130.98
2016-12-21 19:00:00,1131.41,1134.14,1127.58,1127.79
2016-12-22 19:00:00,1128.22,1135.95,1128.17,1132.21
2016-12-26 19:00:00,1133.8,1150.88,1131.7,1138.14
2016-12-27 19:00:00,1137.99,1144.5,1136.54,1140.75
2016-12-28 19:00:00,1142.25,1159.58,1141.73,1157.49
2016-12-29 19:00:00,1158.2,1163.23,1150.55,1151.75
2017-01-02 19:00:00,1150.27,1164.68,1146.11,1158.19
2017-01-03 19:00:00,1158.33,1167.95,1156.18,1162.94
2017-01-04 19:00:00,1163.52,1185.1,1162.95,1179.96
2017-01-05 19:00:00,1180.15,1182.82,1170.94,1171.89
2017-01-08 19:00:00,1171.95,1186.13,1171.35,1180.69
2017-01-09 19:00:00,1181.02,1190.64,1180.22,1187.2
2017-01-10 19:00:00,1187.86,1198.27,1177.2,1190.65
2017-01-11 19:00:00,1190.82,1207.01,1190.52,1194.58
2017-01-12 19:00:00,1194.58,1200.78,1187.87,1196.64
2017-01-15 19:00:00,1199.54,1208.66,1198.23,1202.92
2017-01-16 19:00:00,1202.97,1218.82,1202.69,1216.23
2017-01-17 19:00:00,1217.59,1217.72,1202.42,1203.52
2017-01-18 19:00:00,1203.33,1206.69,1195.89,1204.06
2017-01-19 19:00:00,1204.86,1214.98,1198.63,1209.62
2017-01-22 19:00:00,1209.45,1219.51,1209.32,1217.85
2017-01-23 19:00:00,1218.2,1220.22,1206.63,1208.4
2017-01-24 19:00:00,1209.02,1209.82,1193.32,1200.08
2017-01-25 19:00:00,1200.95,1202.59,1184.47,1187.77
2017-01-26 19:00:00,1188.87,1191.66,1180.59,1189.84
2017-01-29 19:00:00,1192.56,1199.48,1188.29,1194.89
2017-01-30 19:00:00,1195.71,1215.37,1193.72,1210.06
2017-01-31 19:00:00,1210.84,1213.23,1198.2,1209.06
2017-02-01 19:00:00,1209.14,1225.32,1208.41,1215.1
2017-02-02 19:00:00,1215.65,1221.41,1206.98,1219.96
2017-02-05 19:00:00,1219.55,1235.78,1219.21,1234.3
2017-02-06 19:00:00,1234.81,1235.83,1227.73,1233.22
2017-02-07 19:00:00,1233.62,1244.74,1230.07,1241.24
2017-02-08 19:00:00,1240.83,1244.52,1225.95,1227.55
2017-02-09 19:00:00,1228.07,1237.22,1221.65,1232.92
2017-02-12 19:00:00,1232.56,1232.93,1219.38,1224.12
2017-02-13 19:00:00,1225.28,1234.52,1221.9,1226.88
2017-02-14 19:00:00,1227.42,1233.35,1216.7,1232.39
2017-02-15 19:00:00,1233.11,1242.42,1232.1,1238.01
2017-02-16 19:00:00,1238.91,1243.81,1234.45,1234.85
2017-02-19 19:00:00,1235.04,1238.98,1232.76,1237.31
2017-02-20 19:00:00,1237.55,1238.85,1226.13,1234.73
2017-02-21 19:00:00,1235.89,1240.72,1231.17,1236.11
2017-02-22 19:00:00,1237.39,1251.15,1235.76,1248.54
2017-02-23 19:00:00,1249.17,1260.12,1247.76,1256.84
2017-02-26 19:00:00,1257.69,1263.93,1251.0,1252.05
2017-02-27 19:00:00,1252.05,1258.45,1247.19,1247.19
2017-02-28 19:00:00,1247.8,1250.63,1236.92,1248.63
2017-03-01 19:00:00,1249.36,1249.93,1230.95,1232.97
2017-03-02 19:00:00,1233.99,1236.26,1222.88,1234.56
2017-03-05 19:00:00,1232.81,1236.81,1224.71,1224.71
2017-03-06 19:00:00,1225.17,1227.16,1214.19,1215.04
2017-03-07 19:00:00,1215.38,1218.57,1206.67,1208.15
2017-03-08 19:00:00,1207.82,1208.98,1199.21,1199.92
2017-03-09 19:00:00,1200.42,1206.33,1194.95,1204.47
2017-03-12 20:00:00,1204.99,1211.22,1202.43,1203.48
2017-03-13 20:00:00,1203.48,1207.64,1197.21,1197.93
2017-03-14 20:00:00,1198.47,1222.0,1197.55,1218.74
2017-03-15 20:00:00,1218.69,1233.82,1218.1,1225.45
2017-03-16 20:00:00,1226.07,1231.66,1224.54,1229.28
2017-03-19 20:00:00,1229.42,1235.54,1229.31,1233.35
2017-03-20 20:00:00,1233.96,1247.56,1226.9,1244.19
2017-03-21 20:00:00,1244.0,1251.32,1243.91,1248.17
2017-03-22 20:00:00,1248.46,1253.32,1242.76,1244.47
2017-03-23 20:00:00,1244.47,1251.84,1240.99,1245.09
2017-03-26 20:00:00,1246.38,1261.07,1246.38,1254.18
2017-03-27 20:00:00,1253.46,1258.43,1247.69,1250.61
2017-03-28 20:00:00,1250.61,1254.66,1247.33,1252.44
2017-03-29 20:00:00,1253.35,1253.79,1241.6,1241.6
2017-03-30 20:00:00,1242.18,1250.55,1239.65,1248.99
2017-04-02 20:00:00,1249.84,1253.76,1244.49,1253.05
2017-04-03 20:00:00,1253.39,1261.4,1253.39,1255.37
2017-04-04 20:00:00,1256.0,1257.36,1243.75,1254.55
2017-04-05 20:00:00,1255.73,1258.87,1249.82,1251.48
2017-04-06 20:00:00,1251.62,1270.75,1250.61,1254.04
2017-04-09 20:00:00,1253.86,1257.12,1247.11,1253.43
2017-04-10 20:00:00,1254.57,1275.16,1253.07,1273.48
2017-04-11 20:00:00,1274.7,1286.77,1271.88,1286.17
2017-04-12 20:00:00,1285.9,1288.62,1281.83,1286.88
2017-04-16 20:00:00,1290.34,1295.49,1281.38,1283.55
2017-04-17 20:00:00,1284.3,1292.38,1278.98,1288.32
2017-04-18 20:00:00,1289.42,1290.74,1274.08,1279.1
2017-04-19 20:00:00,1279.43,1283.47,1276.69,1280.94
2017-04-20 20:00:00,1281.75,1288.32,1278.49,1283.39
2017-04-23 20:00:00,1275.71,1277.45,1265.41,1274.72
2017-04-24 20:00:00,1276.22,1278.19,1261.58,1262.68
2017-04-25 20:00:00,1264.13,1270.57,1259.86,1268.34
2017-04-26 20:00:00,1268.53,1269.54,1261.21,1263.22
2017-04-27 20:00:00,1264.04,1268.5,1262.99,1266.84
2017-04-30 20:00:00,1267.63,1271.12,1254.22,1255.42
2017-05-01 20:00:00,1256.22,1257.81,1251.99,1256.13
2017-05-02 20:00:00,1256.37,1256.97,1235.8,1237.46
2017-05-03 20:00:00,1237.97,1241.32,1225.73,1227.39
2017-05-04 20:00:00,1227.79,1235.63,1226.14,1227.58
2017-05-07 20:00:00,1221.8,1236.59,1220.47,1225.95
2017-05-08 20:00:00,1225.68,1228.68,1214.24,1220.73
2017-05-09 20:00:00,1221.78,1225.68,1217.55,1218.85
2017-05-10 20:00:00,1218.84,1227.76,1216.95,1224.63
2017-05-11 20:00:00,1224.67,1231.77,1224.44,1227.68
2017-05-14 20:00:00,1228.2,1237.34,1226.99,1230.31
2017-05-15 20:00:00,1231.27,1239.19,1230.35,1236.74
2017-05-16 20:00:00,1236.8,1261.26,1236.48,1260.93
2017-05-17 20:00:00,1260.82,1265.11,1246.0,1246.77
2017-05-18 20:00:00,1246.06,1256.45,1246.04,1255.4
2017-05-21 20:00:00,1257.27,1262.59,1251.8,1260.16
2017-05-22 20:00:00,1260.54,1263.8,1250.73,1250.79
2017-05-23 20:00:00,1250.5,1259.0,1247.96,1258.26
2017-05-24 20:00:00,1257.14,1259.68,1253.86,1255.08
2017-05-25 20:00:00,1255.19,1269.52,1253.12,1266.67
2017-05-28 20:00:00,1267.44,1269.09,1265.02,1266.9
2017-05-29 20:00:00,1266.12,1270.52,1259.45,1262.82
2017-05-30 20:00:00,1261.96,1274.12,1259.61,1268.62
2017-05-31 20:00:00,1268.11,1270.36,1261.53,1265.84
2017-06-01 20:00:00,1264.68,1279.51,1259.02,1278.92
2017-06-04 20:00:00,1279.7,1283.47,1277.85,1279.29
2017-06-05 20:00:00,1279.08,1296.13,1279.06,1293.9
2017-06-06 20:00:00,1293.41,1294.91,1282.67,1286.78
2017-06-07 20:00:00,1286.43,1288.98,1271.33,1277.82
2017-06-08 20:00:00,1280.45,1281.6,1264.67,1266.34
2017-06-11 20:00:00,1266.68,1270.42,1263.66,1265.77
2017-06-12 20:00:00,1264.61,1268.96,1259.31,1266.2
2017-06-13 20:00:00,1265.46,1280.53,1257.23,1260.63
2017-06-14 20:00:00,1259.77,1266.75,1251.49,1253.77
2017-06-15 20:00:00,1253.17,1257.21,1251.88,1253.49
2017-06-18 20:00:00,1254.26,1255.72,1243.09,1243.61
2017-06-19 20:00:00,1243.15,1248.16,1241.37,1242.8
2017-06-20 20:00:00,1242.06,1247.86,1240.85,1245.55
2017-06-21 20:00:00,1245.1,1254.93,1245.1,1250.16
2017-06-22 20:00:00,1249.71,1258.91,1249.66,1256.44
2017-06-25 20:00:00,1257.34,1258.16,1236.22,1244.41
2017-06-26 20:00:00,1243.4,1253.13,1241.43,1246.92
2017-06-27 20:00:00,1246.05,1255.01,1245.95,1249.0
2017-06-28 20:00:00,1249.02,1253.22,1239.82,1245.19
2017-06-29 20:00:00,1244.82,1248.27,1239.26,1241.34
2017-07-02 20:00:00,1241.69,1242.72,1218.55,1220.05
2017-07-03 20:00:00,1220.43,1226.52,1220.39,1223.38
2017-07-04 20:00:00,1223.93,1228.88,1217.24,1226.75
2017-07-05 20:00:00,1226.86,1229.21,1222.57,1225.09
2017-07-06 20:00:00,1224.88,1228.51,1207.33,1212.76
2017-07-09 20:00:00,1211.99,1215.61,1204.85,1214.23
2017-07-10 20:00:00,1214.31,1217.46,1208.21,1217.33
2017-07-11 20:00:00,1216.85,1225.8,1213.49,1220.3
2017-07-12 20:00:00,1219.09,1224.47,1216.55,1217.24
2017-07-13 20:00:00,1216.95,1232.96,1214.76,1228.73
2017-07-16 20:00:00,1229.14,1236.03,1228.27,1233.96
2017-07-17 20:00:00,1233.83,1244.59,1232.84,1242.34
2017-07-18 20:00:00,1242.08,1244.09,1235.88,1241.14
2017-07-19 20:00:00,1240.98,1247.57,1235.3,1244.37
2017-07-20 20:00:00,1244.22,1255.73,1243.4,1254.87
2017-07-23 20:00:00,1255.04,1258.9,1251.96,1255.18
2017-07-24 20:00:00,1255.05,1257.79,1249.15,1249.86
2017-07-25 20:00:00,1250.23,1263.5,1243.78,1260.82
2017-07-26 20:00:00,1260.44,1265.38,1254.55,1258.98
2017-07-27 20:00:00,1258.95,1270.89,1257.4,1269.25
2017-07-30 20:00:00,1270.12,1271.11,1265.81,1269.31
2017-07-31 20:00:00,1269.41,1274.15,1262.53,1268.69
2017-08-01 20:00:00,1268.79,1272.87,1262.9,1266.42
2017-08-02 20:00:00,1266.35,1270.85,1256.66,1268.47
2017-08-03 20:00:00,1268.81,1270.39,1254.23,1258.78
2017-08-06 20:00:00,1258.61,1259.93,1255.8,1257.73
2017-08-07 20:00:00,1257.09,1265.23,1251.55,1260.83
2017-08-08 20:00:00,1261.53,1278.73,1260.83,1277.2
2017-08-09 20:00:00,1277.41,1287.84,1274.69,1286.34
2017-08-10 20:00:00,1286.81,1291.92,1281.34,1288.97
2017-08-13 20:00:00,1289.69,1289.91,1278.64,1281.75
2017-08-14 20:00:00,1281.59,1281.95,1267.31,1271.32
2017-08-15 20:00:00,1271.62,1283.82,1267.83,1282.92
2017-08-16 20:00:00,1283.72,1290.15,1280.93,1287.82
2017-08-17 20:00:00,1288.78,1300.83,1283.53,1284.41
2017-08-20 20:00:00,1283.9,1293.82,1280.58,1291.78
2017-08-21 20:00:00,1290.95,1292.61,1282.04,1284.81
2017-08-22 20:00:00,1284.9,1291.54,1282.76,1290.61
2017-08-23 20:00:00,1290.51,1291.15,1284.47,1286.25
2017-08-24 20:00:00,1286.18,1294.52,1276.11,1291.02
2017-08-27 20:00:00,1292.88,1312.21,1291.82,1309.82
2017-08-28 20:00:00,1317.48,1326.05,1305.03,1309.39
2017-08-29 20:00:00,1309.69,1313.82,1304.9,1308.68
2017-08-30 20:00:00,1308.82,1323.6,1298.29,1321.21
2017-08-31 20:00:00,1321.6,1328.87,1316.43,1324.94
2017-09-03 20:00:00,1334.49,1339.7,1331.73,1334.46
2017-09-04 20:00:00,1333.88,1344.36,1326.06,1339.58
2017-09-05 20:00:00,1339.56,1342.45,1331.65,1334.08
2017-09-06 20:00:00,1334.26,1349.9,1332.57,1348.9
2017-09-07 20:00:00,1348.8,1357.53,1342.73,1346.44
2017-09-10 20:00:00,1334.5,1340.04,1326.41,1327.51
2017-09-11 20:00:00,1327.84,1332.18,1322.64,1331.92
2017-09-12 20:00:00,1333.72,1334.65,1320.87,1323.15
2017-09-13 20:00:00,1323.47,1330.7,1315.64,1329.55
2017-09-14 20:00:00,1328.69,1334.32,1319.76,1320.16
2017-09-17 20:00:00,1319.49,1319.66,1304.61,1307.33
2017-09-18 20:00:00,1307.92,1311.65,1305.09,1310.87
2017-09-19 20:00:00,1310.87,1316.05,1295.85,1301.16
2017-09-20 20:00:00,1301.04,1301.7,1288.11,1291.14
2017-09-21 20:00:00,1291.64,1298.69,1291.26,1297.02
2017-09-24 20:00:00,1297.37,1312.11,1289.12,1310.46
2017-09-25 20:00:00,1309.83,1313.63,1292.01,1293.52
2017-09-26 20:00:00,1293.51,1296.21,1281.44,1282.55
2017-09-27 20:00:00,1283.12,1288.76,1277.74,1287.29
2017-09-28 20:00:00,1286.61,1290.36,1275.51,1278.69
2017-10-01 20:00:00,1279.83,1279.83,1269.13,1270.74
2017-10-02 20:00:00,1270.79,1274.73,1268.28,1271.65
2017-10-03 20:00:00,1271.5,1282.25,1270.55,1274.37
2017-10-04 20:00:00,1275.4,1279.0,1266.14,1268.02
2017-10-05 20:00:00,1268.79,1276.59,1260.64,1276.43
2017-10-08 20:00:00,1275.59,1285.47,1275.33,1283.76
2017-10-09 20:00:00,1283.99,1294.26,1282.17,1287.63
2017-10-10 20:00:00,1287.96,1293.6,1284.54,1291.65
2017-10-11 20:00:00,1291.84,1297.48,1289.68,1293.35
2017-10-12 20:00:00,1293.71,1303.81,1290.6,1303.51
2017-10-15 20:00:00,1303.55,1306.1,1290.34,1294.8
2017-10-16 20:00:00,1295.71,1296.29,1281.36,1284.85
2017-10-17 20:00:00,1284.98,1288.89,1277.02,1280.92
2017-10-18 20:00:00,1281.17,1290.43,1276.5,1289.72
2017-10-19 20:00:00,1289.78,1291.07,1277.94,1280.65
2017-10-22 20:00:00,1277.62,1283.33,1272.55,1282.02
2017-10-23 20:00:00,1281.89,1283.69,1273.74,1276.7
2017-10-24 20:00:00,1276.69,1280.1,1270.97,1277.47
2017-10-25 20:00:00,1277.58,1282.54,1265.73,1267.08
2017-10-26 20:00:00,1267.89,1274.07,1263.48,1274.0
2017-10-29 20:00:00,1272.32,1278.87,1268.95,1276.33
2017-10-30 20:00:00,1276.35,1278.13,1267.68,1270.77
2017-10-31 20:00:00,1270.88,1280.91,1267.98,1274.58
2017-11-01 20:00:00,1274.63,1284.17,1273.21,1275.93
2017-11-02 20:00:00,1276.2,1280.12,1265.5,1269.74
2017-11-05 19:00:00,1270.72,1282.95,1266.06,1281.88
2017-11-06 19:00:00,1281.61,1281.73,1271.84,1275.01
2017-11-07 19:00:00,1276.29,1287.26,1275.92,1281.25
2017-11-08 19:00:00,1281.82,1288.51,1279.96,1284.85
2017-11-09 19:00:00,1284.75,1287.07,1273.42,1275.44
2017-11-12 19:00:00,1275.15,1279.8,1274.16,1278.28
2017-11-13 19:00:00,1278.1,1283.65,1269.91,1280.17
2017-11-14 19:00:00,1280.08,1289.57,1276.7,1278.2
2017-11-15 19:00:00,1278.14,1281.8,1275.13,1278.6
2017-11-16 19:00:00,1278.28,1296.99,1278.27,1294.14
2017-11-19 19:00:00,1292.48,1294.81,1274.47,1276.83
2017-11-20 19:00:00,1277.2,1284.77,1276.27,1280.39
2017-11-21 19:00:00,1280.86,1294.71,1279.06,1292.07
2017-11-22 19:00:00,1291.67,1293.58,1286.97,1290.77
2017-11-23 19:00:00,1291.48,1293.27,1285.58,1288.42
2017-11-26 19:00:00,1289.28,1299.26,1286.81,1294.12
2017-11-27 19:00:00,1294.44,1297.45,1290.51,1293.59
2017-11-28 19:00:00,1293.65,1296.73,1282.01,1283.47
2017-11-29 19:00:00,1283.9,1285.34,1270.41,1274.67
2017-11-30 19:00:00,1274.42,1289.4,1271.64,1280.26
2017-12-03 19:00:00,1274.58,1277.53,1271.03,1275.72
2017-12-04 19:00:00,1276.08,1277.08,1260.98,1265.61
2017-12-05 19:00:00,1266.25,1269.28,1262.56,1263.02
2017-12-06 19:00:00,1262.81,1264.5,1243.75,1246.9
2017-12-07 19:00:00,1247.43,1252.37,1243.53,1248.3
2017-12-10 19:00:00,1247.49,1251.57,1240.73,1241.74
2017-12-11 19:00:00,1241.63,1246.25,1236.54,1244.39
2017-12-12 19:00:00,1244.24,1257.12,1240.29,1255.22
2017-12-13 19:00:00,1255.14,1259.1,1250.51,1252.51
2017-12-14 19:00:00,1252.77,1261.87,1252.73,1254.57
2017-12-17 19:00:00,1255.16,1264.03,1252.79,1261.74
2017-12-18 19:00:00,1262.03,1265.28,1259.27,1261.31
2017-12-19 19:00:00,1261.45,1267.92,1261.38,1265.04
2017-12-20 19:00:00,1265.08,1269.02,1262.84,1266.31
2017-12-21 19:00:00,1266.69,1276.27,1264.75,1264.88
2017-12-25 19:00:00,1274.3,1283.84,1273.39,1282.56
2017-12-26 19:00:00,1283.37,1289.05,1281.36,1286.73
2017-12-27 19:00:00,1287.66,1295.26,1287.03,1294.63
2017-12-28 19:00:00,1294.81,1307.61,1293.91,1302.78
2018-01-01 19:00:00,1303.05,1318.95,1302.28,1317.24
2018-01-02 19:00:00,1317.5,1321.49,1307.52,1312.83
2018-01-03 19:00:00,1313.0,1326.01,1305.93,1322.17
2018-01-04 19:00:00,1322.47,1323.46,1313.72,1319.11
2018-01-07 19:00:00,1320.76,1322.19,1314.86,1320.08
2018-01-08 19:00:00,1320.2,1320.48,1308.88,1312.43
2018-01-09 19:00:00,1312.2,1327.28,1308.27,1316.58
2018-01-10 19:00:00,1316.27,1323.95,1315.76,1322.02
2018-01-11 19:00:00,1322.16,1339.39,1321.17,1337.67
2018-01-14 19:00:00,1336.56,1344.75,1335.93,1340.06
2018-01-15 19:00:00,1339.89,1342.33,1331.89,1338.42
2018-01-16 19:00:00,1338.66,1344.01,1326.07,1326.3
2018-01-17 19:00:00,1326.92,1333.12,1324.29,1326.83
2018-01-18 19:00:00,1326.34,1338.11,1326.34,1331.51
2018-01-21 19:00:00,1335.05,1335.67,1328.39,1333.78
2018-01-22 19:00:00,1333.25,1341.83,1331.36,1341.3
2018-01-23 19:00:00,1341.23,1362.15,1339.55,1358.39
2018-01-24 19:00:00,1357.59,1366.11,1342.47,1348.05
2018-01-25 19:00:00,1347.03,1357.16,1344.35,1350.16
2018-01-28 19:00:00,1350.04,1352.43,1337.64,1340.3
2018-01-29 19:00:00,1340.92,1348.92,1334.44,1338.55
2018-01-30 19:00:00,1338.44,1347.61,1332.38,1345.07
2018-01-31 19:00:00,1344.37,1351.07,1337.3,1348.82
2018-02-01 19:00:00,1348.4,1350.09,1327.49,1332.81
2018-02-04 19:00:00,1332.15,1341.51,1329.0,1339.58
2018-02-05 19:00:00,1338.26,1346.13,1320.24,1324.37
2018-02-06 19:00:00,1324.8,1332.35,1311.4,1318.45
2018-02-07 19:00:00,1318.08,1322.17,1307.04,1318.86
2018-02-08 19:00:00,1319.21,1322.7,1311.1,1316.12
2018-02-11 19:00:00,1314.42,1326.83,1314.21,1322.61
2018-02-12 19:00:00,1322.66,1331.01,1321.61,1329.39
2018-02-13 19:00:00,1329.47,1355.53,1316.7,1350.45
2018-02-14 19:00:00,1349.98,1357.2,1348.59,1353.26
2018-02-15 19:00:00,1353.95,1361.78,1344.63,1347.19
2018-02-18 19:00:00,1347.85,1351.41,1345.76,1346.65
2018-02-19 19:00:00,1346.78,1348.16,1328.42,1329.47
2018-02-20 19:00:00,1329.1,1336.21,1322.42,1324.49
2018-02-21 19:00:00,1324.85,1332.17,1320.98,1332.07
2018-02-22 19:00:00,1331.31,1332.21,1325.84,1328.99
2018-02-25 19:00:00,1327.86,1341.04,1326.57,1333.03
2018-02-26 19:00:00,1332.61,1336.79,1313.45,1318.49
2018-02-27 19:00:00,1317.9,1322.5,1315.67,1318.11
2018-02-28 19:00:00,1319.12,1320.84,1302.81,1316.99
2018-03-01 19:00:00,1317.02,1325.52,1315.27,1322.4
2018-03-04 19:00:00,1323.62,1327.81,1317.56,1319.89
2018-03-05 19:00:00,1320.22,1338.5,1320.02,1334.65
2018-03-06 19:00:00,1338.82,1340.5,1322.17,1325.55
2018-03-07 19:00:00,1325.23,1329.04,1319.01,1321.94
2018-03-08 19:00:00,1321.67,1325.19,1312.91,1323.32
2018-03-11 20:00:00,1323.64,1324.21,1315.15,1322.69
2018-03-12 20:00:00,1322.81,1328.36,1313.82,1326.41
2018-03-13 20:00:00,1326.1,1330.08,1321.49,1324.96
2018-03-14 20:00:00,1324.66,1327.95,1314.98,1316.15
2018-03-15 20:00:00,1316.52,1321.79,1309.67,1313.86
2018-03-18 20:00:00,1313.77,1319.69,1307.81,1316.76
2018-03-19 20:00:00,1317.0,1318.31,1307.22,1311.14
2018-03-20 20:00:00,1310.46,1336.69,1309.88,1332.07
2018-03-21 20:00:00,1332.01,1335.04,1324.75,1328.95
2018-03-22 20:00:00,1329.02,1350.25,1328.99,1346.99
2018-03-25 20:00:00,1347.86,1355.96,1343.51,1352.99
2018-03-26 20:00:00,1353.61,1356.87,1339.81,1344.71
2018-03-27 20:00:00,1345.1,1347.06,1323.27,1324.79
2018-03-28 20:00:00,1324.86,1328.38,1321.23,1325.18
2018-04-01 20:00:00,1326.06,1344.97,1324.87,1340.96
2018-04-02 20:00:00,1341.22,1342.53,1328.9,1332.43
2018-04-03 20:00:00,1332.49,1348.28,1331.53,1332.82
2018-04-04 20:00:00,1332.82,1334.93,1322.75,1326.25
2018-04-05 20:00:00,1327.2,1335.45,1319.7,1333.05
2018-04-08 20:00:00,1334.27,1338.02,1326.91,1336.29
2018-04-09 20:00:00,1336.4,1342.65,1331.12,1339.59
2018-04-10 20:00:00,1339.26,1365.31,1339.11,1353.23
2018-04-11 20:00:00,1352.74,1353.23,1333.82,1335.03
2018-04-12 20:00:00,1335.72,1347.22,1333.28,1345.04
2018-04-15 20:00:00,1344.04,1350.56,1340.03,1345.85
2018-04-16 20:00:00,1345.85,1349.44,1337.71,1347.27
2018-04-17 20:00:00,1347.36,1355.72,1342.33,1349.33
2018-04-18 20:00:00,1349.37,1354.75,1340.68,1345.53
2018-04-19 20:00:00,1345.5,1346.23,1334.99,1335.64
2018-04-22 20:00:00,1334.93,1335.5,1322.07,1324.76
2018-04-23 20:00:00,1324.85,1332.68,1321.78,1330.43
2018-04-24 20:00:00,1330.18,1332.11,1318.62,1323.33
2018-04-25 20:00:00,1321.3,1326.65,1315.26,1316.95
2018-04-26 20:00:00,1317.27,1325.28,1315.36,1323.53
2018-04-29 20:00:00,1323.42,1324.94,1310.18,1315.3
2018-04-30 20:00:00,1315.61,1316.4,1301.72,1303.99
2018-05-01 20:00:00,1304.48,1313.53,1303.9,1304.78
2018-05-02 20:00:00,1305.28,1318.09,1305.22,1312.2
2018-05-03 20:00:00,1312.15,1315.45,1307.91,1314.97
2018-05-06 20:00:00,1315.02,1318.93,1310.17,1314.2
2018-05-07 20:00:00,1314.1,1317.79,1306.08,1314.4
2018-05-08 20:00:00,1314.55,1317.48,1304.07,1312.74
2018-05-09 20:00:00,1312.22,1322.88,1310.56,1321.32
2018-05-10 20:00:00,1321.4,1326.01,1317.04,1318.23
2018-05-13 20:00:00,1318.08,1322.35,1312.98,1313.39
2018-05-14 20:00:00,1313.62,1314.92,1288.68,1290.6
2018-05-15 20:00:00,1290.48,1296.96,1286.4,1290.78
2018-05-16 20:00:00,1290.85,1294.43,1284.91,1290.88
2018-05-17 20:00:00,1290.58,1294.24,1286.12,1293.09
2018-05-20 20:00:00,1291.05,1293.22,1282.07,1292.6
2018-05-21 20:00:00,1292.98,1296.2,1287.89,1291.36
2018-05-22 20:00:00,1291.14,1298.58,1287.93,1293.43
2018-05-23 20:00:00,1294.01,1306.67,1292.81,1304.79
2018-05-24 20:00:00,1304.19,1307.83,1299.88,1301.47
2018-05-27 20:00:00,1299.66,1300.38,1295.52,1298.17
2018-05-28 20:00:00,1297.72,1306.64,1292.56,1298.95
2018-05-29 20:00:00,1299.22,1304.37,1295.93,1301.34
2018-05-30 20:00:00,1301.79,1306.55,1297.5,1298.26
2018-05-31 20:00:00,1299.23,1300.61,1289.03,1292.96
2018-06-03 20:00:00,1293.44,1298.1,1290.26,1291.9
2018-06-04 20:00:00,1292.22,1300.59,1289.84,1296.44
2018-06-05 20:00:00,1296.71,1301.85,1293.82,1296.54
2018-06-06 20:00:00,1296.76,1303.19,1294.91,1297.12
2018-06-07 20:00:00,1296.95,1300.64,1293.37,1298.59
2018-06-10 20:00:00,1299.64,1302.27,1294.14,1300.27
2018-06-11 20:00:00,1300.37,1300.43,1293.24,1295.83
2018-06-12 20:00:00,1295.83,1301.26,1292.06,1299.53
2018-06-13 20:00:00,1299.68,1309.34,1297.57,1302.12
2018-06-14 20:00:00,1302.27,1303.15,1275.49,1279.84
2018-06-17 20:00:00,1278.58,1282.47,1277.08,1278.36
2018-06-18 20:00:00,1278.6,1284.11,1270.45,1274.55
2018-06-19 20:00:00,1275.07,1276.45,1267.71,1267.97
2018-06-20 20:00:00,1268.3,1270.15,1261.39,1267.11
2018-06-21 20:00:00,1267.41,1271.16,1266.76,1269.22
2018-06-24 20:00:00,1269.92,1272.61,1264.51,1265.48
2018-06-25 20:00:00,1266.06,1267.69,1254.79,1258.84
2018-06-26 20:00:00,1258.65,1260.14,1250.78,1252.04
2018-06-27 20:00:00,1252.19,1254.3,1245.99,1248.15
2018-06-28 20:00:00,1248.11,1255.67,1246.23,1252.74
2018-07-01 20:00:00,1252.51,1254.21,1239.72,1241.91
2018-07-02 20:00:00,1241.95,1256.92,1237.96,1252.8
2018-07-03 20:00:00,1252.18,1261.13,1252.06,1257.07
2018-07-04 20:00:00,1256.91,1259.79,1251.33,1257.65
2018-07-05 20:00:00,1257.43,1258.84,1252.85,1254.98
2018-07-08 20:00:00,1254.99,1265.99,1254.79,1257.66
2018-07-09 20:00:00,1257.77,1260.35,1247.41,1255.51
2018-07-10 20:00:00,1255.57,1256.96,1241.58,1242.1
2018-07-11 20:00:00,1242.37,1248.58,1241.35,1247.1
2018-07-12 20:00:00,1246.98,1248.11,1236.39,1241.55
2018-07-15 20:00:00,1241.29,1245.6,1238.37,1240.95
2018-07-16 20:00:00,1240.52,1245.03,1226.12,1227.63
2018-07-17 20:00:00,1227.56,1229.17,1221.1,1227.51
2018-07-18 20:00:00,1227.15,1229.11,1211.55,1222.76
2018-07-19 20:00:00,1223.89,1232.32,1215.7,1231.67
2018-07-22 20:00:00,1231.31,1235.18,1222.3,1224.53
2018-07-23 20:00:00,1224.66,1229.56,1218.17,1224.43
2018-07-24 20:00:00,1224.62,1234.22,1223.29,1231.55
2018-07-25 20:00:00,1231.39,1235.28,1222.39,1222.59
2018-07-26 20:00:00,1223.23,1227.37,1217.59,1222.35
2018-07-29 20:00:00,1223.05,1225.12,1219.04,1221.47
2018-07-30 20:00:00,1221.57,1228.61,1214.01,1223.73
2018-07-31 20:00:00,1224.18,1224.86,1215.82,1215.97
2018-08-01 20:00:00,1216.25,1221.15,1207.04,1207.78
2018-08-02 20:00:00,1208.44,1220.09,1204.5,1213.46
2018-08-05 20:00:00,1213.83,1217.89,1206.54,1207.37
2018-08-06 20:00:00,1207.74,1216.19,1207.73,1210.98
2018-08-07 20:00:00,1211.17,1215.89,1206.49,1213.68
2018-08-08 20:00:00,1213.7,1217.33,1210.8,1212.33
2018-08-09 20:00:00,1212.41,1217.14,1205.78,1211.2
2018-08-12 20:00:00,1211.51,1213.89,1191.7,1193.56
2018-08-13 20:00:00,1193.9,1198.75,1192.14,1194.0
2018-08-14 20:00:00,1194.0,1194.69,1173.14,1174.7
2018-08-15 20:00:00,1175.42,1182.07,1160.18,1174.07
2018-08-16 20:00:00,1173.64,1185.06,1171.95,1184.87
2018-08-19 20:00:00,1183.73,1190.9,1182.83,1190.55
2018-08-20 20:00:00,1190.5,1196.98,1187.72,1196.29
2018-08-21 20:00:00,1196.31,1201.63,1192.6,1195.48
2018-08-22 20:00:00,1195.92,1196.65,1183.93,1185.22
2018-08-23 20:00:00,1185.72,1208.62,1183.18,1205.89
2018-08-26 20:00:00,1207.36,1212.42,1203.11,1211.28
2018-08-27 20:00:00,1211.42,1214.33,1199.65,1201.06
2018-08-28 20:00:00,1201.19,1207.28,1200.78,1206.56
2018-08-29 20:00:00,1206.54,1207.92,1196.31,1199.85
2018-08-30 20:00:00,1200.62,1208.89,1198.34,1201.05
2018-09-02 20:00:00,1200.49,1203.93,1195.67,1201.29
2018-09-03 20:00:00,1201.25,1202.03,1189.64,1191.43
2018-09-04 20:00:00,1191.48,1198.41,1190.96,1196.73
2018-09-05 20:00:00,1197.06,1207.02,1195.86,1200.1
2018-09-06 20:00:00,1199.73,1203.56,1193.46,1195.84
2018-09-09 20:00:00,1195.7,1198.55,1191.6,1195.84
2018-09-10 20:00:00,1195.48,1199.39,1187.78,1198.65
2018-09-11 20:00:00,1198.24,1208.51,1192.73,1206.16
2018-09-12 20:00:00,1206.66,1212.68,1200.23,1201.42
2018-09-13 20:00:00,1201.75,1208.6,1193.02,1193.32
2018-09-16 20:00:00,1194.1,1204.85,1192.86,1201.4
2018-09-17 20:00:00,1201.3,1203.58,1195.9,1198.28
2018-09-18 20:00:00,1198.01,1206.25,1197.64,1203.95
2018-09-19 20:00:00,1203.86,1208.45,1201.34,1207.11
2018-09-20 20:00:00,1207.35,1211.07,1191.86,1199.61
2018-09-23 20:00:00,1198.52,1204.21,1194.47,1198.82
2018-09-24 20:00:00,1198.82,1203.4,1197.11,1201.16
2018-09-25 20:00:00,1201.12,1202.49,1190.56,1194.38
2018-09-26 20:00:00,1195.21,1198.65,1181.91,1182.77
2018-09-27 20:00:00,1183.05,1193.78,1180.8,1192.02
2018-09-30 20:00:00,1192.38,1192.38,1184.65,1188.76
2018-10-01 20:00:00,1188.66,1208.26,1188.48,1202.96
2018-10-02 20:00:00,1203.44,1208.31,1196.55,1197.35
2018-10-03 20:00:00,1197.93,1206.81,1196.02,1199.88
2018-10-04 20:00:00,1199.73,1205.85,1197.29,1202.79
2018-10-07 20:00:00,1203.27,1204.13,1183.47,1187.97
2018-10-08 20:00:00,1188.78,1191.95,1183.33,1189.8
2018-10-09 20:00:00,1189.45,1194.78,1185.37,1194.66
2018-10-10 20:00:00,1194.57,1226.34,1191.33,1224.22
2018-10-11 20:00:00,1223.29,1223.76,1215.88,1217.98
2018-10-14 20:00:00,1217.32,1233.31,1217.29,1226.87
2018-10-15 20:00:00,1227.35,1232.44,1223.43,1224.76
2018-10-16 20:00:00,1224.33,1229.53,1220.66,1222.25
2018-10-17 20:00:00,1221.91,1230.19,1218.71,1225.78
2018-10-18 20:00:00,1225.61,1230.81,1223.13,1226.19
2018-10-21 20:00:00,1226.69,1229.59,1220.1,1222.03
2018-10-22 20:00:00,1222.24,1239.79,1221.76,1230.13
2018-10-23 20:00:00,1230.68,1234.32,1225.66,1234.06
2018-10-24 20:00:00,1234.48,1239.23,1228.13,1232.12
2018-10-25 20:00:00,1232.22,1243.46,1230.09,1233.5
2018-10-28 20:00:00,1233.88,1235.42,1224.38,1229.36
2018-10-29 20:00:00,1229.6,1230.64,1219.9,1223.03
2018-10-30 20:00:00,1222.95,1223.33,1212.03,1214.64
2018-10-31 20:00:00,1215.16,1237.4,1214.72,1233.14
2018-11-01 20:00:00,1233.8,1236.44,1229.77,1232.88
2018-11-04 19:00:00,1233.62,1235.14,1226.89,1231.61
2018-11-05 19:00:00,1231.82,1235.96,1223.54,1226.95
2018-11-06 19:00:00,1227.07,1236.42,1223.02,1226.57
2018-11-07 19:00:00,1226.56,1227.19,1220.14,1223.51
2018-11-08 19:00:00,1223.09,1223.56,1206.78,1209.53
2018-11-11 19:00:00,1210.2,1211.52,1200.2,1200.51
2018-11-12 19:00:00,1200.73,1205.21,1196.35,1202.13
2018-11-13 19:00:00,1202.67,1216.6,1197.74,1210.79
2018-11-14 19:00:00,1210.8,1216.49,1208.02,1213.27
2018-11-15 19:00:00,1213.81,1225.34,1213.18,1221.4
2018-11-18 19:00:00,1222.11,1225.23,1218.04,1224.04
2018-11-19 19:00:00,1224.13,1228.79,1220.01,1221.58
2018-11-20 19:00:00,1222.13,1230.1,1219.79,1225.95
2018-11-21 19:00:00,1225.95,1229.14,1224.89,1227.36
2018-11-22 19:00:00,1227.19,1228.61,1220.35,1223.27
2018-11-25 19:00:00,1223.93,1228.13,1221.76,1222.28
2018-11-26 19:00:00,1222.48,1225.31,1211.96,1215.04
2018-11-27 19:00:00,1214.54,1226.68,1211.28,1220.83
2018-11-28 19:00:00,1220.86,1229.03,1220.57,1224.24
2018-11-29 19:00:00,1224.27,1225.62,1216.7,1222.07
2018-12-02 19:00:00,1223.03,1234.97,1221.34,1230.72
2018-12-03 19:00:00,1230.93,1241.98,1230.57,1238.47
2018-12-04 19:00:00,1239.14,1239.29,1233.36,1237.1
2018-12-05 19:00:00,1237.3,1244.37,1234.77,1237.83
2018-12-06 19:00:00,1237.94,1250.08,1237.32,1248.44
2018-12-09 19:00:00,1250.26,1250.81,1241.65,1244.39
2018-12-10 19:00:00,1244.81,1249.56,1241.08,1243.04
2018-12-11 19:00:00,1243.32,1247.23,1242.06,1245.6
2018-12-12 19:00:00,1245.92,1246.76,1240.19,1241.95
2018-12-13 19:00:00,1242.04,1243.09,1232.96,1238.26
2018-12-16 19:00:00,1235.58,1248.13,1235.58,1245.9
2018-12-17 19:00:00,1246.12,1250.41,1245.11,1249.46
2018-12-18 19:00:00,1249.78,1258.09,1241.75,1242.99
2018-12-19 19:00:00,1243.01,1266.52,1242.77,1259.69
2018-12-20 19:00:00,1260.34,1262.79,1253.98,1255.41
2018-12-23 19:00:00,1257.51,1270.12,1256.91,1269.08
2018-12-25 19:00:00,1269.32,1279.13,1264.32,1266.95
2018-12-26 19:00:00,1266.95,1279.02,1266.55,1275.63
2018-12-27 19:00:00,1275.38,1282.17,1274.31,1280.71
2018-12-30 19:00:00,1280.48,1284.11,1277.49,1281.82
2019-01-01 19:00:00,1282.02,1288.77,1278.75,1284.53
2019-01-02 19:00:00,1287.7,1295.08,1284.63,1294.15
2019-01-03 19:00:00,1293.99,1298.59,1276.64,1284.96
2019-01-06 19:00:00,1285.64,1295.1,1282.72,1289.24
2019-01-07 19:00:00,1289.09,1290.28,1279.42,1285.31
2019-01-08 19:00:00,1285.01,1293.96,1280.16,1293.26
2019-01-09 19:00:00,1293.35,1297.14,1286.18,1286.5
2019-01-10 19:00:00,1286.87,1295.21,1286.72,1287.53
2019-01-13 19:00:00,1287.84,1295.89,1287.75,1291.56
2019-01-14 19:00:00,1292.06,1294.71,1286.76,1289.37
2019-01-15 19:00:00,1289.71,1295.02,1287.92,1293.51
2019-01-16 19:00:00,1293.95,1295.39,1288.78,1291.97
2019-01-17 19:00:00,1292.3,1292.53,1280.67,1281.54
2019-01-20 19:00:00,1282.9,1283.56,1276.83,1280.27
2019-01-21 19:00:00,1280.28,1285.53,1277.45,1284.76
2019-01-22 19:00:00,1284.88,1286.56,1278.67,1282.44
2019-01-23 19:00:00,1282.8,1284.84,1276.83,1280.79
2019-01-24 19:00:00,1280.95,1304.0,1279.97,1302.71
2019-01-27 19:00:00,1302.49,1304.45,1297.68,1302.84
2019-01-28 19:00:00,1303.07,1312.05,1302.75,1311.29
2019-01-29 19:00:00,1311.76,1323.38,1309.06,1319.62
2019-01-30 19:00:00,1320.75,1326.34,1317.51,1321.25
2019-01-31 19:00:00,1320.98,1323.56,1316.18,1317.34
2019-02-03 19:00:00,1319.05,1319.06,1308.64,1311.77
2019-02-04 19:00:00,1312.07,1316.88,1310.77,1315.26
2019-02-05 19:00:00,1314.9,1315.84,1305.78,1306.52
2019-02-06 19:00:00,1306.58,1311.99,1302.82,1310.11
2019-02-07 19:00:00,1310.28,1315.68,1307.83,1314.02
2019-02-10 19:00:00,1313.83,1314.88,1303.68,1308.16
2019-02-11 19:00:00,1308.17,1314.83,1306.55,1310.78
2019-02-12 19:00:00,1311.11,1318.21,1305.09,1306.16
2019-02-13 19:00:00,1306.24,1314.42,1302.39,1312.44
2019-02-14 19:00:00,1312.61,1322.63,1311.45,1321.16
2019-02-17 19:00:00,1321.8,1327.66,1320.61,1326.44
2019-02-18 19:00:00,1326.34,1341.87,1322.91,1341.07
2019-02-19 19:00:00,1340.23,1346.77,1336.9,1338.5
2019-02-20 19:00:00,1338.94,1341.52,1321.07,1323.29
2019-02-21 19:00:00,1323.81,1333.15,1321.56,1327.79
2019-02-24 19:00:00,1329.0,1332.59,1325.17,1327.42
2019-02-25 19:00:00,1327.5,1330.21,1323.52,1328.96
2019-02-26 19:00:00,1329.14,1329.94,1316.93,1319.82
2019-02-27 19:00:00,1319.82,1327.31,1312.61,1313.16
2019-02-28 19:00:00,1313.96,1315.26,1290.23,1293.6
2019-03-03 19:00:00,1294.86,1297.1,1282.87,1286.65
2019-03-04 19:00:00,1286.73,1289.66,1281.19,1287.82
2019-03-05 19:00:00,1287.42,1290.96,1283.66,1286.42
2019-03-06 19:00:00,1286.24,1289.06,1280.84,1285.55
2019-03-07 19:00:00,1286.2,1300.76,1285.23,1298.29
2019-03-10 20:00:00,1297.64,1299.17,1290.53,1293.41
2019-03-11 20:00:00,1293.65,1302.25,1292.09,1301.44
2019-03-12 20:00:00,1301.55,1311.32,1300.62,1309.08
2019-03-13 20:00:00,1309.08,1310.41,1292.86,1296.12
2019-03-14 20:00:00,1296.3,1306.42,1294.05,1302.03
2019-03-17 20:00:00,1302.15,1306.74,1298.25,1303.62
2019-03-18 20:00:00,1303.62,1310.93,1302.38,1306.46
2019-03-19 20:00:00,1305.7,1317.02,1298.66,1312.54
2019-03-20 20:00:00,1313.05,1320.4,1303.3,1309.41
2019-03-21 20:00:00,1309.37,1314.98,1306.88,1313.26
2019-03-24 20:00:00,1313.77,1324.55,1311.07,1321.85
2019-03-25 20:00:00,1321.76,1323.31,1312.75,1315.61
2019-03-26 20:00:00,1315.93,1319.36,1308.18,1309.27
2019-03-27 20:00:00,1309.99,1312.37,1288.6,1290.3
2019-03-28 20:00:00,1290.44,1299.83,1286.75,1292.04
2019-03-31 20:00:00,1292.05,1297.04,1286.52,1287.65
2019-04-01 20:00:00,1287.42,1292.63,1285.29,1292.43
2019-04-02 20:00:00,1292.29,1294.64,1288.45,1289.85
2019-04-03 20:00:00,1290.31,1294.44,1280.94,1292.23
2019-04-04 20:00:00,1292.57,1293.66,1284.4,1291.5
2019-04-07 20:00:00,1291.98,1303.75,1291.5,1297.42
2019-04-08 20:00:00,1297.69,1306.22,1296.63,1304.07
2019-04-09 20:00:00,1304.14,1310.63,1300.97,1308.04
2019-04-10 20:00:00,1308.09,1309.27,1289.71,1292.61
2019-04-11 20:00:00,1292.96,1295.8,1290.07,1290.51
2019-04-14 20:00:00,1291.45,1292.05,1282.55,1287.9
2019-04-15 20:00:00,1287.95,1288.78,1272.99,1276.82
2019-04-16 20:00:00,1276.7,1279.82,1273.0,1274.01
2019-04-17 20:00:00,1274.33,1277.71,1271.22,1275.68
2019-04-21 20:00:00,1275.86,1279.86,1273.85,1274.88
2019-04-22 20:00:00,1275.33,1276.53,1266.31,1272.32
2019-04-23 20:00:00,1272.36,1278.63,1268.8,1275.62
2019-04-24 20:00:00,1275.93,1282.63,1273.4,1277.19
2019-04-25 20:00:00,1277.13,1288.72,1274.21,1285.95
2019-04-28 20:00:00,1286.44,1286.72,1278.08,1279.81
2019-04-29 20:00:00,1279.87,1286.26,1279.82,1283.46
2019-04-30 20:00:00,1283.64,1287.3,1272.94,1276.68
2019-05-01 20:00:00,1276.97,1278.05,1266.32,1270.57
2019-05-02 20:00:00,1270.75,1282.6,1268.7,1279.06
2019-05-05 20:00:00,1281.77,1285.84,1277.05,1280.41
2019-05-06 20:00:00,1281.6,1286.12,1278.18,1284.38
2019-05-07 20:00:00,1284.2,1291.51,1279.4,1280.82
2019-05-08 20:00:00,1280.99,1288.27,1279.68,1283.91
2019-05-09 20:00:00,1284.4,1289.47,1283.18,1285.76
2019-05-12 20:00:00,1286.87,1301.26,1282.0,1299.75
2019-05-13 20:00:00,1300.4,1303.34,1293.78,1296.89
2019-05-14 20:00:00,1297.28,1300.94,1293.09,1296.53
2019-05-15 20:00:00,1296.44,1298.8,1284.17,1286.62
2019-05-16 20:00:00,1286.76,1288.96,1274.92,1277.66
2019-05-19 20:00:00,1277.89,1279.07,1273.71,1277.75
2019-05-20 20:00:00,1277.67,1277.98,1269.56,1274.75
2019-05-21 20:00:00,1274.8,1277.36,1272.53,1273.35
2019-05-22 20:00:00,1273.76,1287.36,1272.88,1283.42
2019-05-23 20:00:00,1283.37,1285.28,1280.81,1284.85
2019-05-26 20:00:00,1285.73,1287.43,1283.82,1285.3
2019-05-27 20:00:00,1285.54,1286.66,1276.15,1278.87
2019-05-28 20:00:00,1279.35,1285.62,1279.12,1279.49
2019-05-29 20:00:00,1280.06,1289.23,1275.04,1288.1
2019-05-30 20:00:00,1288.11,1306.99,1287.86,1306.35
2019-06-02 20:00:00,1307.71,1328.0,1305.93,1324.76
2019-06-03 20:00:00,1323.62,1329.11,1320.02,1325.27
2019-06-04 20:00:00,1325.17,1344.13,1324.42,1330.23
2019-06-05 20:00:00,1330.6,1339.8,1327.26,1335.45
2019-06-06 20:00:00,1335.11,1348.26,1330.3,1340.51
2019-06-09 20:00:00,1336.73,1337.75,1325.12,1327.97
2019-06-10 20:00:00,1327.17,1329.9,1319.91,1326.71
2019-06-11 20:00:00,1326.49,1338.43,1326.03,1333.5
2019-06-12 20:00:00,1334.12,1343.2,1332.41,1341.98
2019-06-13 20:00:00,1342.08,1358.2,1337.81,1341.47
2019-06-16 20:00:00,1341.61,1343.56,1333.03,1339.67
2019-06-17 20:00:00,1339.15,1354.69,1338.66,1346.61
2019-06-18 20:00:00,1346.56,1362.62,1341.38,1360.32
2019-06-19 20:00:00,1360.46,1394.02,1357.74,1388.32
2019-06-20 20:00:00,1387.29,1411.88,1382.51,1399.42
2019-06-23 20:00:00,1400.0,1421.49,1399.82,1419.41
2019-06-24 20:00:00,1419.7,1439.31,1411.95,1423.22
2019-06-25 20:00:00,1423.38,1424.48,1401.79,1408.99
2019-06-26 20:00:00,1409.12,1412.13,1398.63,1409.85
2019-06-27 20:00:00,1409.79,1424.7,1405.68,1409.43
2019-06-30 20:00:00,1398.15,1398.56,1381.75,1384.22
2019-07-01 20:00:00,1383.15,1421.0,1383.15,1418.12
2019-07-02 20:00:00,1421.31,1437.79,1412.04,1418.76
2019-07-03 20:00:00,1418.69,1421.72,1410.23,1415.78
2019-07-04 20:00:00,1415.37,1424.21,1386.62,1398.84
2019-07-07 20:00:00,1398.27,1407.66,1391.78,1395.28
2019-07-08 20:00:00,1395.54,1400.09,1385.72,1397.57
2019-07-09 20:00:00,1397.56,1418.96,1389.93,1418.84
2019-07-10 20:00:00,1418.74,1427.25,1401.98,1403.74
2019-07-11 20:00:00,1404.31,1417.03,1403.14,1415.31
2019-07-14 20:00:00,1415.74,1419.75,1407.76,1413.86
2019-07-15 20:00:00,1414.47,1418.3,1400.82,1405.79
2019-07-16 20:00:00,1406.22,1426.81,1400.13,1426.16
2019-07-17 20:00:00,1426.39,1448.13,1414.65,1446.09
2019-07-18 20:00:00,1446.84,1452.97,1420.17,1425.38
2019-07-21 20:00:00,1426.77,1430.08,1422.26,1424.67
2019-07-22 20:00:00,1425.25,1430.39,1414.24,1417.51
2019-07-23 20:00:00,1418.0,1429.54,1416.32,1425.51
2019-07-24 20:00:00,1426.23,1433.9,1411.05,1414.16
2019-07-25 20:00:00,1414.97,1424.89,1413.44,1418.4
2019-07-28 20:00:00,1419.07,1428.15,1414.81,1426.79
2019-07-29 20:00:00,1426.63,1433.29,1422.33,1430.75
2019-07-30 20:00:00,1430.85,1434.74,1410.57,1412.61
2019-07-31 20:00:00,1413.29,1446.09,1400.55,1444.64
2019-08-01 20:00:00,1445.23,1449.1,1430.31,1440.62
2019-08-04 20:00:00,1438.76,1469.79,1436.74,1463.79
2019-08-05 20:00:00,1468.4,1474.95,1456.44,1474.35
2019-08-06 20:00:00,1474.34,1510.5,1472.29,1501.1
2019-08-07 20:00:00,1499.99,1509.62,1490.09,1501.03
2019-08-08 20:00:00,1504.08,1508.97,1494.83,1497.2
2019-08-11 20:00:00,1497.78,1520.17,1487.35,1511.03
2019-08-12 20:00:00,1510.74,1535.08,1479.54,1501.16
2019-08-13 20:00:00,1501.79,1524.09,1494.2,1516.38
2019-08-14 20:00:00,1515.72,1527.08,1507.91,1523.13
2019-08-15 20:00:00,1523.0,1528.04,1503.75,1513.29
2019-08-18 20:00:00,1512.31,1513.04,1493.3,1495.94
2019-08-19 20:00:00,1496.01,1508.6,1492.93,1507.31
2019-08-20 20:00:00,1507.71,1508.14,1496.53,1502.49
2019-08-21 20:00:00,1502.19,1504.63,1492.54,1498.04
2019-08-22 20:00:00,1498.56,1530.32,1493.59,1526.65
2019-08-25 20:00:00,1540.44,1555.29,1525.05,1527.32
2019-08-26 20:00:00,1527.36,1544.71,1525.75,1542.53
2019-08-27 20:00:00,1541.98,1546.9,1531.94,1539.17
2019-08-28 20:00:00,1539.48,1550.42,1519.74,1527.42
2019-08-29 20:00:00,1527.74,1533.18,1516.98,1520.35
2019-09-01 20:00:00,1526.03,1535.18,1519.36,1528.06
2019-09-02 20:00:00,1529.84,1549.76,1521.67,1547.57
2019-09-03 20:00:00,1546.59,1557.09,1533.92,1552.59
2019-09-04 20:00:00,1552.2,1553.04,1506.32,1518.99
2019-09-05 20:00:00,1517.19,1527.96,1502.62,1506.76
2019-09-08 20:00:00,1507.89,1515.53,1497.64,1498.92
2019-09-09 20:00:00,1498.82,1501.03,1484.53,1485.24
2019-09-10 20:00:00,1485.87,1498.28,1485.17,1496.76
2019-09-11 20:00:00,1496.77,1524.29,1489.27,1498.91
2019-09-12 20:00:00,1498.54,1509.07,1485.83,1488.44
2019-09-15 20:00:00,1505.21,1512.2,1495.92,1498.18
2019-09-16 20:00:00,1498.72,1507.13,1493.49,1501.27
2019-09-17 20:00:00,1501.27,1511.62,1483.33,1494.01
2019-09-18 20:00:00,1494.27,1504.53,1489.0,1498.83
2019-09-19 20:00:00,1499.11,1517.14,1497.97,1516.7
2019-09-22 20:00:00,1513.86,1526.85,1510.51,1522.04
2019-09-23 20:00:00,1522.23,1535.71,1515.62,1532.14
2019-09-24 20:00:00,1532.06,1535.16,1500.45,1503.51
2019-09-25 20:00:00,1503.9,1512.36,1500.24,1504.46
2019-09-26 20:00:00,1504.64,1507.49,1486.88,1496.87
2019-09-29 20:00:00,1494.94,1500.57,1464.52,1472.47
2019-09-30 20:00:00,1471.9,1487.29,1459.1,1479.04
2019-10-01 20:00:00,1478.82,1505.17,1474.54,1499.82
2019-10-02 20:00:00,1499.31,1519.66,1495.82,1504.93
2019-10-03 20:00:00,1505.42,1515.9,1495.85,1504.65
2019-10-06 20:00:00,1512.05,1512.78,1488.05,1493.19
2019-10-07 20:00:00,1493.16,1509.78,1486.91,1505.53
2019-10-08 20:00:00,1505.1,1512.5,1499.87,1505.63
2019-10-09 20:00:00,1505.3,1517.07,1491.16,1493.5
2019-10-10 20:00:00,1493.5,1503.23,1474.03,1488.68
2019-10-13 20:00:00,1487.36,1497.15,1482.85,1493.1
2019-10-14 20:00:00,1493.51,1498.57,1477.22,1481.04
2019-10-15 20:00:00,1481.04,1491.61,1477.06,1489.92
2019-10-16 20:00:00,1490.19,1497.39,1483.46,1491.82
2019-10-17 20:00:00,1491.94,1494.11,1484.93,1490.31
2019-10-20 20:00:00,1491.22,1495.24,1481.53,1484.38
2019-10-21 20:00:00,1484.24,1489.04,1480.86,1487.55
2019-10-22 20:00:00,1487.97,1496.35,1487.7,1491.91
2019-10-23 20:00:00,1492.09,1504.06,1488.02,1503.65
2019-10-24 20:00:00,1503.54,1517.99,1500.63,1504.43
2019-10-27 20:00:00,1504.19,1508.25,1490.04,1492.44
2019-10-28 20:00:00,1491.95,1494.79,1483.6,1487.7
2019-10-29 20:00:00,1487.97,1496.71,1481.19,1495.63
2019-10-30 20:00:00,1495.71,1514.23,1493.78,1512.54
2019-10-31 20:00:00,1512.63,1516.2,1503.3,1514.15
2019-11-03 19:00:00,1513.97,1514.84,1504.47,1509.51
2019-11-04 19:00:00,1509.41,1509.69,1479.4,1483.47
2019-11-05 19:00:00,1482.87,1494.28,1482.45,1490.42
2019-11-06 19:00:00,1490.0,1492.23,1460.61,1468.49
2019-11-07 19:00:00,1467.92,1472.99,1456.24,1458.99
2019-11-10 19:00:00,1458.48,1466.47,1448.19,1455.85
2019-11-11 19:00:00,1455.02,1460.54,1445.61,1456.18
2019-11-12 19:00:00,1455.74,1467.16,1455.64,1463.37
2019-11-13 19:00:00,1463.36,1474.68,1461.12,1471.22
2019-11-14 19:00:00,1471.1,1471.39,1462.41,1467.73
2019-11-17 19:00:00,1466.76,1474.0,1456.4,1471.23
2019-11-18 19:00:00,1471.39,1475.35,1464.79,1472.43
2019-11-19 19:00:00,1472.33,1478.88,1465.94,1471.51
2019-11-20 19:00:00,1474.65,1475.72,1462.38,1464.36
2019-11-21 19:00:00,1464.14,1473.23,1461.37,1462.02
2019-11-24 19:00:00,1460.74,1462.18,1454.08,1455.08
2019-11-25 19:00:00,1455.09,1462.9,1450.04,1461.3
2019-11-26 19:00:00,1460.78,1461.92,1452.55,1454.29
2019-11-27 19:00:00,1454.4,1458.36,1454.2,1455.36
2019-11-28 19:00:00,1455.54,1466.58,1453.04,1463.91
2019-12-01 19:00:00,1464.2,1465.47,1453.97,1462.22
2019-12-02 19:00:00,1462.28,1481.81,1459.85,1477.16
2019-12-03 19:00:00,1477.02,1484.08,1471.45,1474.44
2019-12-04 19:00:00,1473.78,1480.37,1472.89,1475.74
2019-12-05 19:00:00,1475.41,1480.02,1458.7,1459.91
2019-12-08 19:00:00,1459.35,1465.41,1457.64,1461.51
2019-12-09 19:00:00,1461.82,1469.22,1460.03,1464.21
2019-12-10 19:00:00,1463.52,1478.95,1462.74,1474.77
2019-12-11 19:00:00,1474.38,1486.79,1463.93,1469.74
2019-12-12 19:00:00,1465.68,1478.08,1461.84,1475.65
2019-12-15 19:00:00,1475.79,1479.93,1473.17,1475.9
2019-12-16 19:00:00,1475.02,1480.56,1474.23,1476.09
2019-12-17 19:00:00,1475.54,1479.32,1470.48,1475.42
2019-12-18 19:00:00,1474.73,1481.71,1473.28,1478.83
2019-12-19 19:00:00,1478.85,1481.0,1475.87,1477.9
2019-12-22 19:00:00,1477.88,1486.22,1477.54,1485.37
2019-12-23 19:00:00,1485.08,1500.49,1484.4,1499.16
2019-12-25 19:00:00,1499.12,1512.65,1497.4,1510.98
2019-12-26 19:00:00,1510.21,1515.34,1507.35,1510.89
2019-12-29 19:00:00,1511.29,1516.14,1510.79,1514.89
2019-12-30 19:00:00,1514.39,1525.31,1514.37,1516.92
2020-01-01 19:00:00,1518.13,1531.39,1517.22,1529.07
2020-01-02 19:00:00,1528.59,1553.56,1527.98,1551.87
2020-01-05 19:00:00,1559.76,1587.81,1559.58,1565.64
2020-01-06 19:00:00,1565.3,1577.33,1555.33,1574.0
2020-01-07 19:00:00,1576.4,1611.39,1552.24,1556.23
2020-01-08 19:00:00,1556.38,1561.36,1540.21,1552.18
2020-01-09 19:00:00,1551.2,1563.14,1545.74,1562.1
2020-01-12 19:00:00,1561.88,1561.88,1546.49,1547.81
2020-01-13 19:00:00,1547.44,1548.9,1535.95,1546.32
2020-01-14 19:00:00,1546.29,1558.19,1545.95,1556.12
2020-01-15 19:00:00,1555.11,1558.1,1548.03,1552.39
2020-01-16 19:00:00,1552.52,1561.26,1549.42,1557.3
2020-01-19 19:00:00,1557.81,1562.78,1556.36,1559.8
2020-01-20 19:00:00,1560.86,1568.63,1546.33,1558.1
2020-01-21 19:00:00,1558.18,1559.32,1550.17,1558.81
2020-01-22 19:00:00,1558.58,1567.97,1551.91,1562.66
2020-01-23 19:00:00,1562.5,1575.91,1556.53,1571.24
2020-01-26 19:00:00,1581.21,1588.55,1575.88,1581.83
2020-01-27 19:00:00,1581.22,1583.08,1565.53,1567.38
2020-01-28 19:00:00,1566.38,1578.07,1563.43,1576.81
2020-01-29 19:00:00,1576.07,1586.03,1572.29,1574.09
2020-01-30 19:00:00,1573.45,1590.61,1570.93,1588.79
2020-02-02 19:00:00,1593.17,1593.74,1569.31,1576.58
2020-02-03 19:00:00,1576.58,1579.66,1549.06,1552.76
2020-02-04 19:00:00,1552.63,1562.42,1547.5,1555.94
2020-02-05 19:00:00,1555.89,1568.28,1552.52,1566.47
2020-02-06 19:00:00,1566.76,1574.1,1560.15,1570.04
2020-02-09 19:00:00,1572.04,1577.03,1567.99,1572.07
2020-02-10 19:00:00,1571.47,1574.05,1562.06,1567.6
2020-02-11 19:00:00,1567.62,1570.46,1561.64,1565.66
2020-02-12 19:00:00,1565.63,1578.3,1565.56,1575.97
2020-02-13 19:00:00,1576.13,1585.02,1573.07,1583.9
2020-02-16 19:00:00,1582.08,1583.79,1578.83,1581.34
2020-02-17 19:00:00,1584.34,1605.13,1582.43,1601.19
2020-02-18 19:00:00,1601.71,1612.95,1599.52,1611.6
2020-02-19 19:00:00,1612.19,1623.74,1603.88,1619.45
2020-02-20 19:00:00,1619.77,1649.27,1618.96,1643.23
2020-02-23 19:00:00,1653.31,1689.34,1648.72,1658.64
2020-02-24 19:00:00,1659.15,1663.8,1625.3,1634.93
2020-02-25 19:00:00,1635.18,1655.02,1624.97,1640.79
2020-02-26 19:00:00,1640.86,1660.39,1635.24,1644.46
2020-02-27 19:00:00,1643.76,1649.5,1562.81,1585.96
2020-03-01 19:00:00,1591.92,1611.08,1575.38,1589.47
2020-03-02 19:00:00,1585.3,1649.34,1584.84,1640.7
2020-03-03 19:00:00,1639.15,1653.04,1631.85,1636.87
2020-03-04 19:00:00,1637.27,1674.74,1634.98,1672.37
2020-03-05 19:00:00,1672.2,1692.2,1642.17,1674.26
2020-03-08 20:00:00,1693.72,1703.34,1657.37,1679.93
2020-03-09 20:00:00,1679.19,1680.55,1641.53,1649.15
2020-03-10 20:00:00,1648.58,1671.28,1633.01,1634.89
2020-03-11 20:00:00,1634.06,1650.44,1560.7,1577.25
2020-03-12 20:00:00,1578.92,1597.99,1504.35,1529.16
2020-03-15 20:00:00,1565.73,1575.48,1451.21,1514.75
2020-03-16 20:00:00,1512.64,1554.01,1465.52,1527.97
2020-03-17 20:00:00,1526.8,1546.32,1472.55,1485.79
2020-03-18 20:00:00,1485.06,1500.76,1462.13,1472.49
2020-03-19 20:00:00,1472.52,1516.21,1455.49,1498.28
2020-03-22 20:00:00,1502.71,1561.42,1482.41,1553.0
2020-03-23 20:00:00,1554.6,1634.82,1552.42,1626.09
2020-03-24 20:00:00,1628.79,1638.98,1591.49,1616.43
2020-03-25 20:00:00,1614.23,1643.98,1595.14,1628.12
2020-03-26 20:00:00,1632.66,1634.75,1613.48,1625.37
2020-03-29 20:00:00,1630.0,1632.46,1610.8,1621.89
2020-03-30 20:00:00,1621.83,1623.29,1574.12,1576.2
2020-03-31 20:00:00,1575.07,1599.64,1567.14,1590.37
2020-04-01 20:00:00,1589.66,1620.42,1582.53,1612.89
2020-04-02 20:00:00,1613.24,1626.25,1605.87,1617.09
2020-04-05 20:00:00,1616.09,1670.11,1608.75,1660.09
2020-04-06 20:00:00,1661.39,1675.96,1642.24,1646.42
2020-04-07 20:00:00,1645.54,1656.85,1640.92,1644.89
2020-04-08 20:00:00,1643.72,1690.28,1642.68,1682.44
2020-04-12 20:00:00,1685.89,1722.42,1673.0,1711.39
2020-04-13 20:00:00,1712.86,1747.67,1708.32,1726.69
2020-04-14 20:00:00,1728.19,1730.81,1707.13,1716.67
2020-04-15 20:00:00,1717.02,1738.54,1707.38,1716.79
2020-04-16 20:00:00,1720.84,1720.84,1675.24,1681.39
2020-04-19 20:00:00,1680.35,1702.44,1671.08,1694.35
2020-04-20 20:00:00,1693.59,1697.63,1660.19,1684.89
2020-04-21 20:00:00,1686.02,1718.33,1679.79,1713.39
2020-04-22 20:00:00,1713.26,1738.56,1706.38,1729.59
2020-04-23 20:00:00,1730.66,1736.17,1710.29,1727.39
2020-04-26 20:00:00,1725.9,1727.02,1705.99,1713.29
2020-04-27 20:00:00,1713.17,1714.65,1691.68,1706.07
2020-04-28 20:00:00,1708.35,1717.31,1697.86,1712.42
2020-04-29 20:00:00,1709.63,1721.77,1681.42,1686.78
2020-04-30 20:00:00,1681.63,1705.48,1670.33,1699.69
2020-05-03 20:00:00,1697.68,1713.5,1691.61,1700.68
2020-05-04 20:00:00,1701.44,1711.68,1689.93,1705.51
2020-05-05 20:00:00,1697.41,1708.15,1682.15,1685.5
2020-05-06 20:00:00,1681.39,1722.02,1681.39,1715.77
2020-05-07 20:00:00,1712.04,1723.36,1700.75,1701.58
2020-05-10 20:00:00,1701.09,1712.15,1691.99,1697.49
2020-05-11 20:00:00,1696.14,1711.01,1693.75,1702.15
2020-05-12 20:00:00,1700.5,1718.02,1699.09,1716.27
2020-05-13 20:00:00,1712.66,1736.47,1710.87,1730.12
2020-05-14 20:00:00,1726.18,1751.63,1726.18,1741.81
2020-05-17 20:00:00,1734.98,1765.32,1727.39,1732.91
2020-05-18 20:00:00,1730.7,1747.84,1725.75,1744.54
2020-05-19 20:00:00,1744.22,1753.88,1742.4,1747.76
2020-05-20 20:00:00,1744.09,1748.82,1717.13,1727.01
2020-05-21 20:00:00,1721.82,1740.18,1721.82,1733.95
2020-05-24 20:00:00,1731.61,1734.85,1721.68,1728.28
2020-05-25 20:00:00,1726.6,1735.5,1708.7,1710.67
2020-05-26 20:00:00,1708.33,1716.02,1693.7,1709.42
2020-05-27 20:00:00,1701.66,1727.52,1701.66,1718.01
2020-05-28 20:00:00,1715.88,1737.72,1712.67,1728.9
2020-05-31 20:00:00,1735.06,1744.61,1727.21,1739.8
2020-06-01 20:00:00,1733.67,1745.18,1721.34,1727.94
2020-06-02 20:00:00,1720.07,1731.81,1689.42,1698.2
2020-06-03 20:00:00,1694.42,1721.87,1694.42,1714.11
2020-06-04 20:00:00,1712.72,1716.25,1670.73,1685.34
2020-06-07 20:00:00,1674.98,1700.68,1674.98,1698.0
2020-06-08 20:00:00,1695.97,1720.85,1692.26,1714.45
2020-06-09 20:00:00,1705.48,1739.76,1705.48,1738.44
2020-06-10 20:00:00,1736.05,1744.67,1721.57,1726.92
2020-06-11 20:00:00,1718.47,1743.04,1718.47,1730.23
2020-06-14 20:00:00,1726.81,1734.5,1704.23,1724.73
2020-06-15 20:00:00,1724.64,1732.82,1716.78,1726.39
2020-06-16 20:00:00,1726.38,1730.33,1712.66,1726.63
2020-06-17 20:00:00,1725.61,1737.51,1717.55,1722.54
2020-06-18 20:00:00,1720.98,1745.2,1720.98,1743.11
2020-06-21 20:00:00,1753.02,1763.07,1742.78,1754.59
2020-06-22 20:00:00,1753.74,1770.99,1747.37,1767.48
2020-06-23 20:00:00,1767.21,1779.22,1760.62,1761.24
2020-06-24 20:00:00,1760.31,1768.86,1753.36,1763.77
2020-06-25 20:00:00,1763.3,1771.84,1747.43,1771.01
2020-06-28 20:00:00,1775.43,1775.43,1765.58,1772.26
2020-06-29 20:00:00,1771.14,1786.13,1764.51,1780.34
2020-06-30 20:00:00,1780.21,1789.09,1759.08,1770.44
2020-07-01 20:00:00,1768.21,1779.51,1757.45,1775.34
2020-07-02 20:00:00,1774.26,1777.12,1772.59,1775.71
2020-07-05 20:00:00,1773.42,1786.99,1770.0,1784.72
2020-07-06 20:00:00,1783.23,1797.37,1773.52,1795.34
2020-07-07 20:00:00,1794.78,1817.97,1791.48,1808.92
2020-07-08 20:00:00,1808.05,1815.95,1795.48,1803.14
2020-07-09 20:00:00,1801.07,1810.57,1794.07,1798.25
2020-07-12 20:00:00,1795.98,1813.32,1795.98,1802.43
2020-07-13 20:00:00,1802.09,1810.87,1790.46,1809.22
2020-07-14 20:00:00,1807.38,1815.07,1802.47,1810.21
2020-07-15 20:00:00,1810.02,1813.27,1794.94,1796.81
2020-07-16 20:00:00,1796.86,1812.0,1795.83,1809.53
2020-07-19 20:00:00,1808.97,1820.57,1805.71,1817.25
2020-07-20 20:00:00,1817.64,1843.48,1815.84,1841.78
2020-07-21 20:00:00,1839.61,1872.0,1839.61,1871.52
2020-07-22 20:00:00,1870.91,1898.38,1863.71,1887.25
2020-07-23 20:00:00,1886.44,1906.54,1881.37,1900.9
2020-07-26 20:00:00,1901.39,1945.65,1899.58,1941.92
2020-07-27 20:00:00,1941.31,1981.15,1906.63,1959.61
2020-07-28 20:00:00,1955.46,1980.92,1941.46,1970.3
2020-07-29 20:00:00,1969.59,1971.59,1939.54,1955.96
2020-07-30 20:00:00,1954.76,1982.93,1954.76,1975.18
2020-08-02 20:00:00,1978.49,1987.69,1960.5,1976.69
2020-08-03 20:00:00,1976.36,2019.96,1966.96,2019.13
2020-08-04 20:00:00,2018.78,2055.62,2009.52,2037.74
2020-08-05 20:00:00,2038.48,2069.68,2034.53,2063.15
2020-08-06 20:00:00,2063.47,2075.25,2015.5,2034.6
2020-08-09 20:00:00,2033.77,2049.91,2018.99,2027.32
2020-08-10 20:00:00,2026.82,2030.01,1901.32,1911.53
2020-08-11 20:00:00,1911.48,1949.3,1862.6,1916.62
2020-08-12 20:00:00,1915.19,1966.3,1912.81,1953.23
2020-08-13 20:00:00,1952.66,1962.19,1932.17,1943.95
2020-08-16 20:00:00,1946.28,1990.7,1929.4,1985.09
2020-08-17 20:00:00,1984.55,2015.71,1976.02,2001.78
2020-08-18 20:00:00,2002.02,2006.46,1924.7,1929.29
2020-08-19 20:00:00,1928.63,1955.24,1924.78,1946.61
2020-08-20 20:00:00,1946.88,1955.89,1911.48,1939.84
2020-08-23 20:00:00,1940.19,1961.77,1923.71,1928.96
2020-08-24 20:00:00,1928.84,1937.51,1914.27,1927.83
2020-08-25 20:00:00,1931.97,1954.84,1902.78,1953.84
2020-08-26 20:00:00,1954.21,1976.71,1909.92,1928.97
2020-08-27 20:00:00,1929.03,1973.83,1923.14,1964.46
2020-08-30 20:00:00,1965.48,1976.65,1954.25,1967.52
2020-08-31 20:00:00,1967.07,1992.42,1963.13,1970.33
2020-09-01 20:00:00,1969.31,1973.26,1932.6,1942.9
2020-09-02 20:00:00,1942.16,1951.04,1921.78,1930.24
2020-09-03 20:00:00,1931.35,1947.68,1916.37,1933.39
2020-09-06 20:00:00,1929.85,1941.33,1924.31,1928.73
2020-09-07 20:00:00,1929.16,1940.9,1906.42,1931.5
2020-09-08 20:00:00,1932.17,1950.87,1920.05,1946.56
2020-09-09 20:00:00,1946.39,1966.61,1941.4,1946.04
2020-09-10 20:00:00,1944.8,1954.77,1937.2,1939.92
2020-09-13 20:00:00,1940.43,1962.75,1936.52,1956.47
2020-09-14 20:00:00,1956.74,1972.15,1948.36,1954.14
2020-09-15 20:00:00,1952.82,1973.58,1949.85,1959.41
2020-09-16 20:00:00,1958.94,1960.95,1932.84,1944.14
2020-09-17 20:00:00,1944.09,1960.06,1943.64,1949.64
2020-09-20 20:00:00,1949.46,1955.59,1882.2,1912.58
2020-09-21 20:00:00,1912.37,1920.04,1894.58,1900.1
2020-09-22 20:00:00,1900.04,1905.32,1855.79,1863.33
2020-09-23 20:00:00,1863.23,1877.09,1848.74,1867.85
2020-09-24 20:00:00,1868.07,1875.18,1852.42,1861.22
2020-09-27 20:00:00,1857.97,1883.05,1848.41,1881.58
2020-09-28 20:00:00,1880.94,1899.16,1875.44,1897.27
2020-09-29 20:00:00,1898.0,1902.26,1881.36,1885.42
2020-09-30 20:00:00,1885.26,1911.97,1884.69,1906.0
2020-10-01 20:00:00,1905.15,1917.07,1889.76,1898.65
2020-10-04 20:00:00,1903.56,1918.82,1887.02,1913.47
2020-10-05 20:00:00,1912.68,1921.03,1874.62,1877.93
2020-10-06 20:00:00,1878.45,1898.06,1872.87,1887.67
2020-10-07 20:00:00,1887.07,1900.69,1881.94,1893.58
2020-10-08 20:00:00,1893.55,1930.45,1893.55,1930.02
2020-10-11 20:00:00,1928.75,1933.19,1918.35,1922.51
2020-10-12 20:00:00,1922.7,1925.44,1886.51,1890.99
2020-10-13 20:00:00,1891.69,1912.94,1882.5,1901.3
2020-10-14 20:00:00,1901.65,1908.95,1889.6,1908.27
2020-10-15 20:00:00,1908.39,1913.94,1897.8,1898.74
2020-10-18 20:00:00,1899.68,1918.5,1897.01,1904.16
2020-10-19 20:00:00,1903.36,1914.11,1894.58,1907.02
2020-10-20 20:00:00,1907.73,1931.39,1907.73,1924.59
2020-10-21 20:00:00,1922.71,1926.01,1894.56,1903.79
2020-10-22 20:00:00,1903.85,1914.21,1894.29,1901.7
2020-10-25 20:00:00,1902.68,1908.62,1891.24,1902.2
2020-10-26 20:00:00,1901.65,1911.36,1897.81,1907.58
2020-10-27 20:00:00,1907.9,1910.88,1869.26,1877.37
2020-10-28 20:00:00,1876.72,1884.97,1859.94,1867.73
2020-10-29 20:00:00,1867.13,1889.81,1864.38,1878.88
2020-11-01 19:00:00,1877.02,1896.04,1873.44,1895.68
2020-11-02 19:00:00,1895.37,1910.57,1886.95,1909.57
2020-11-03 19:00:00,1908.85,1916.38,1881.69,1903.0
2020-11-04 19:00:00,1903.05,1952.76,1902.2,1949.46
2020-11-05 19:00:00,1948.39,1960.36,1935.61,1950.96
2020-11-08 19:00:00,1954.99,1965.52,1850.54,1862.14
2020-11-09 19:00:00,1863.72,1890.4,1860.32,1877.25
2020-11-10 19:00:00,1876.94,1884.48,1856.46,1865.26
2020-11-11 19:00:00,1865.53,1883.88,1862.7,1876.86
2020-11-12 19:00:00,1877.02,1896.83,1874.04,1889.33
2020-11-15 19:00:00,1888.53,1899.06,1864.53,1888.83
2020-11-16 19:00:00,1888.71,1893.44,1876.85,1880.21
2020-11-17 19:00:00,1880.35,1884.84,1863.76,1872.31
2020-11-18 19:00:00,1872.6,1874.08,1852.73,1866.02
2020-11-19 19:00:00,1865.55,1879.73,1860.86,1870.79
2020-11-22 19:00:00,1870.71,1876.13,1830.98,1837.84
2020-11-23 19:00:00,1837.89,1839.01,1800.22,1807.38
2020-11-24 19:00:00,1807.41,1817.74,1801.63,1807.75
2020-11-25 19:00:00,1807.71,1818.25,1805.79,1809.91
2020-11-26 19:00:00,1810.37,1813.84,1774.34,1787.95
2020-11-29 19:00:00,1786.55,1789.98,1764.28,1776.72
2020-11-30 19:00:00,1776.7,1817.3,1775.74,1815.03
2020-12-01 19:00:00,1815.12,1832.4,1807.45,1830.5
2020-12-02 19:00:00,1830.12,1843.94,1823.75,1840.91
2020-12-03 19:00:00,1840.87,1848.22,1829.15,1838.65
2020-12-06 19:00:00,1837.96,1868.54,1821.93,1862.19
2020-12-07 19:00:00,1861.61,1875.29,1860.23,1870.24
2020-12-08 19:00:00,1870.6,1870.93,1825.41,1839.87
2020-12-09 19:00:00,1839.51,1850.01,1828.65,1836.64
2020-12-10 19:00:00,1836.6,1847.71,1824.01,1839.49
2020-12-13 19:00:00,1840.71,1841.23,1818.5,1826.99
2020-12-14 19:00:00,1827.16,1855.38,1825.49,1853.26
2020-12-15 19:00:00,1853.37,1865.75,1844.73,1864.54
2020-12-16 19:00:00,1863.85,1896.18,1861.99,1885.41
2020-12-17 19:00:00,1885.11,1889.65,1877.41,1881.39
2020-12-20 19:00:00,1884.97,1906.74,1855.04,1876.52
2020-12-21 19:00:00,1876.93,1884.28,1858.93,1859.92
2020-12-22 19:00:00,1859.49,1878.51,1857.02,1873.15
2020-12-23 19:00:00,1872.42,1883.43,1869.53,1879.9
2020-12-27 19:00:00,1882.49,1900.23,1869.11,1873.45
2020-12-28 19:00:00,1872.88,1886.37,1871.68,1878.26
2020-12-29 19:00:00,1877.47,1894.5,1876.06,1894.46
2020-12-30 19:00:00,1894.13,1900.96,1885.35,1898.28
2021-01-03 19:00:00,1903.38,1944.43,1902.62,1942.84
2021-01-04 19:00:00,1941.16,1953.02,1934.32,1949.99
2021-01-05 19:00:00,1949.64,1959.34,1900.79,1918.79
2021-01-06 19:00:00,1918.78,1927.66,1906.81,1913.56
2021-01-07 19:00:00,1914.5,1917.5,1828.19,1849.61
2021-01-10 19:00:00,1849.32,1856.58,1816.86,1843.37
2021-01-11 19:00:00,1844.62,1863.8,1836.63,1854.61
2021-01-12 19:00:00,1854.26,1863.04,1841.87,1844.95
2021-01-13 19:00:00,1844.94,1857.53,1827.89,1846.07
2021-01-14 19:00:00,1845.91,1857.02,1823.27,1828.32
2021-01-17 19:00:00,1828.44,1840.78,1802.47,1837.57
2021-01-18 19:00:00,1837.65,1845.49,1832.98,1840.02
2021-01-19 19:00:00,1839.7,1871.72,1832.44,1871.39
2021-01-20 19:00:00,1870.16,1875.12,1858.33,1869.6
2021-01-21 19:00:00,1869.85,1870.81,1837.31,1855.48
2021-01-24 19:00:00,1854.34,1867.9,1847.12,1855.93
2021-01-25 19:00:00,1855.13,1861.71,1848.38,1850.67
2021-01-26 19:00:00,1850.35,1853.13,1831.4,1844.1
2021-01-27 19:00:00,1843.8,1864.05,1834.01,1842.54
2021-01-28 19:00:00,1841.67,1875.65,1839.58,1848.1
2021-01-31 19:00:00,1863.04,1871.81,1849.12,1860.57
2021-02-01 19:00:00,1860.44,1864.07,1829.53,1837.96
2021-02-02 19:00:00,1837.1,1844.97,1829.94,1834.07
2021-02-03 19:00:00,1832.9,1834.73,1785.02,1793.94
2021-02-04 19:00:00,1794.03,1815.16,1792.0,1814.07
2021-02-07 19:00:00,1816.99,1839.12,1807.74,1830.52
2021-02-08 19:00:00,1830.06,1848.58,1828.85,1838.43
2021-02-09 19:00:00,1837.28,1855.38,1834.05,1843.26
2021-02-10 19:00:00,1842.58,1847.54,1821.17,1825.53
2021-02-11 19:00:00,1824.97,1830.69,1810.52,1824.41
2021-02-14 19:00:00,1825.47,1827.02,1816.04,1818.81
2021-02-15 19:00:00,1818.65,1826.45,1789.45,1794.36
2021-02-16 19:00:00,1794.51,1795.16,1769.6,1776.16
2021-02-17 19:00:00,1776.36,1789.66,1768.39,1775.73
2021-02-18 19:00:00,1774.76,1791.6,1760.64,1783.99
2021-02-21 19:00:00,1781.85,1812.65,1780.65,1809.68
2021-02-22 19:00:00,1809.3,1815.98,1795.58,1805.52
2021-02-23 19:00:00,1804.7,1813.84,1783.59,1804.79
2021-02-24 19:00:00,1804.29,1805.36,1765.47,1769.93
2021-02-25 19:00:00,1770.35,1775.77,1717.21,1734.44
2021-02-28 19:00:00,1733.72,1759.83,1719.71,1724.6
2021-03-01 19:00:00,1724.4,1739.14,1707.21,1738.14
2021-03-02 19:00:00,1737.1,1740.55,1701.93,1710.78
2021-03-03 19:00:00,1710.17,1723.23,1690.59,1697.78
2021-03-04 19:00:00,1697.35,1707.71,1687.32,1700.88
2021-03-07 19:00:00,1702.57,1714.29,1676.8,1683.34
2021-03-08 19:00:00,1683.05,1720.65,1680.1,1715.72
2021-03-09 19:00:00,1715.83,1726.77,1708.18,1726.66
2021-03-10 19:00:00,1726.26,1739.84,1719.24,1722.57
2021-03-11 19:00:00,1721.74,1729.24,1699.2,1726.88
2021-03-14 20:00:00,1726.72,1734.56,1721.68,1731.74
2021-03-15 20:00:00,1731.36,1741.21,1726.14,1731.57
2021-03-16 20:00:00,1731.35,1751.64,1724.01,1745.18
2021-03-17 20:00:00,1744.71,1755.51,1719.22,1736.44
2021-03-18 20:00:00,1734.91,1746.74,1728.4,1744.92
2021-03-21 20:00:00,1745.95,1746.95,1727.35,1738.88
2021-03-22 20:00:00,1734.5,1742.59,1724.67,1726.94
2021-03-23 20:00:00,1726.62,1738.5,1723.79,1734.12
2021-03-24 20:00:00,1734.34,1745.49,1721.73,1726.51
2021-03-25 20:00:00,1726.65,1736.73,1721.53,1732.2
2021-03-28 20:00:00,1730.93,1733.15,1705.74,1711.92
2021-03-29 20:00:00,1711.8,1714.43,1678.74,1684.85
2021-03-30 20:00:00,1684.66,1715.18,1677.87,1707.38
2021-03-31 20:00:00,1707.42,1730.45,1705.75,1729.76
2021-04-04 20:00:00,1728.34,1733.55,1721.29,1728.27
2021-04-05 20:00:00,1727.86,1745.5,1727.17,1743.36
2021-04-06 20:00:00,1743.62,1744.34,1730.61,1737.54
2021-04-07 20:00:00,1736.91,1758.67,1733.14,1755.45
2021-04-08 20:00:00,1755.5,1757.33,1731.21,1743.85
2021-04-11 20:00:00,1743.59,1745.02,1727.36,1732.78
2021-04-12 20:00:00,1732.21,1748.94,1723.7,1745.31
2021-04-13 20:00:00,1744.86,1749.35,1732.58,1736.29
2021-04-14 20:00:00,1736.08,1769.64,1734.33,1763.55
2021-04-15 20:00:00,1763.6,1783.84,1759.78,1776.4
2021-04-18 20:00:00,1777.37,1790.06,1766.72,1771.35
2021-04-19 20:00:00,1770.1,1780.43,1763.63,1778.72
2021-04-20 20:00:00,1778.22,1797.66,1776.23,1793.68
2021-04-21 20:00:00,1792.89,1797.85,1777.39,1784.1
2021-04-22 20:00:00,1783.19,1796.03,1769.97,1777.09
2021-04-25 20:00:00,1776.28,1783.53,1768.71,1781.32
2021-04-26 20:00:00,1780.94,1785.58,1773.71,1776.56
2021-04-27 20:00:00,1776.44,1782.58,1762.59,1781.72
2021-04-28 20:00:00,1781.54,1790.02,1756.08,1771.95
2021-04-29 20:00:00,1772.22,1773.62,1764.24,1768.6
2021-05-02 20:00:00,1768.24,1797.91,1766.04,1793.0
2021-05-03 20:00:00,1792.42,1799.16,1770.82,1778.71
2021-05-04 20:00:00,1778.15,1788.0,1770.35,1786.91
2021-05-05 20:00:00,1786.35,1818.1,1781.97,1814.91
2021-05-06 20:00:00,1814.69,1843.35,1812.84,1831.11
2021-05-09 20:00:00,1832.28,1845.54,1830.01,1835.69
2021-05-10 20:00:00,1835.21,1841.85,1818.05,1837.42
2021-05-11 20:00:00,1837.15,1843.66,1813.24,1815.48
2021-05-12 20:00:00,1815.66,1828.76,1808.74,1826.45
2021-05-13 20:00:00,1825.62,1846.12,1819.72,1843.24
2021-05-16 20:00:00,1843.76,1868.48,1840.47,1866.79
2021-05-17 20:00:00,1865.71,1875.03,1863.21,1869.52
2021-05-18 20:00:00,1869.58,1890.06,1852.18,1869.35
2021-05-19 20:00:00,1869.62,1883.9,1863.83,1877.05
2021-05-20 20:00:00,1877.16,1889.44,1870.08,1881.44
2021-05-23 20:00:00,1882.1,1887.04,1875.17,1880.82
2021-05-24 20:00:00,1880.49,1900.27,1872.73,1899.14
2021-05-25 20:00:00,1898.88,1912.74,1890.68,1896.63
2021-05-26 20:00:00,1896.05,1903.68,1888.24,1896.53
2021-05-27 20:00:00,1895.18,1905.9,1882.27,1903.49
2021-05-30 20:00:00,1903.85,1910.64,1902.06,1905.76
2021-05-31 20:00:00,1907.53,1916.6,1892.37,1900.37
2021-06-01 20:00:00,1899.8,1909.07,1894.36,1908.29
2021-06-02 20:00:00,1907.76,1909.63,1865.31,1870.5
2021-06-03 20:00:00,1870.4,1896.2,1854.86,1890.98
2021-06-06 20:00:00,1890.3,1900.13,1881.55,1899.0
2021-06-07 20:00:00,1899.18,1903.76,1883.72,1892.87
2021-06-08 20:00:00,1891.9,1898.99,1887.34,1888.6
2021-06-09 20:00:00,1888.54,1899.88,1869.86,1898.44
2021-06-10 20:00:00,1897.88,1903.05,1874.49,1877.31
2021-06-13 20:00:00,1876.45,1877.69,1844.63,1866.08
2021-06-14 20:00:00,1865.63,1869.15,1851.61,1858.74
2021-06-15 20:00:00,1858.24,1863.15,1803.42,1811.94
2021-06-16 20:00:00,1811.98,1825.29,1767.14,1773.14
2021-06-17 20:00:00,1772.75,1797.2,1760.81,1764.33
2021-06-20 20:00:00,1763.68,1786.54,1763.68,1782.97
2021-06-21 20:00:00,1782.24,1790.1,1772.35,1778.76
2021-06-22 20:00:00,1778.27,1794.98,1773.29,1778.86
2021-06-23 20:00:00,1778.09,1788.05,1772.9,1774.95
2021-06-24 20:00:00,1775.21,1790.44,1773.7,1781.23
2021-06-27 20:00:00,1780.34,1785.82,1770.63,1778.07
2021-06-28 20:00:00,1777.85,1779.0,1750.65,1761.11
2021-06-29 20:00:00,1761.32,1774.39,1753.4,1770.37
2021-06-30 20:00:00,1770.05,1782.85,1765.65,1776.72
2021-07-01 20:00:00,1776.05,1795.09,1774.3,1787.35
2021-07-04 20:00:00,1787.08,1794.49,1784.47,1790.8
2021-07-05 20:00:00,1791.48,1815.07,1790.1,1797.13
2021-07-06 20:00:00,1796.22,1809.87,1793.89,1803.66
2021-07-07 20:00:00,1803.16,1818.42,1794.19,1802.36
2021-07-08 20:00:00,1801.4,1812.41,1796.69,1808.23
2021-07-11 20:00:00,1807.07,1810.86,1791.7,1806.11
2021-07-12 20:00:00,1806.3,1817.13,1798.68,1807.59
2021-07-13 20:00:00,1807.4,1829.84,1804.59,1827.41
2021-07-14 20:00:00,1827.47,1834.18,1820.32,1829.49
2021-07-15 20:00:00,1829.12,1831.99,1809.01,1811.99
2021-07-18 20:00:00,1811.54,1817.4,1795.02,1812.76
2021-07-19 20:00:00,1812.83,1825.03,1805.07,1810.33
2021-07-20 20:00:00,1809.74,1813.74,1794.68,1803.41
2021-07-21 20:00:00,1803.5,1808.12,1792.75,1806.62
2021-07-22 20:00:00,1807.75,1810.39,1789.74,1802.09
2021-07-25 20:00:00,1802.29,1811.56,1796.4,1797.46
2021-07-26 20:00:00,1796.82,1805.29,1793.65,1798.91
2021-07-27 20:00:00,1799.86,1809.82,1792.48,1806.95
2021-07-28 20:00:00,1806.25,1832.71,1806.25,1827.96
2021-07-29 20:00:00,1828.52,1831.39,1810.26,1813.83
2021-08-01 20:00:00,1813.97,1819.52,1805.82,1813.47
2021-08-02 20:00:00,1813.26,1815.05,1807.11,1810.3
2021-08-03 20:00:00,1810.14,1831.73,1806.36,1811.8
2021-08-04 20:00:00,1812.08,1814.89,1797.81,1804.02
2021-08-05 20:00:00,1804.1,1804.81,1758.69,1763.75
2021-08-08 20:00:00,1763.05,1764.61,1680.45,1729.47
2021-08-09 20:00:00,1729.39,1738.36,1717.76,1729.1
2021-08-10 20:00:00,1729.38,1754.46,1724.14,1751.54
2021-08-11 20:00:00,1749.87,1758.23,1741.6,1752.64
2021-08-12 20:00:00,1752.43,1779.94,1751.71,1779.49
2021-08-15 20:00:00,1779.72,1789.27,1770.86,1787.1
2021-08-16 20:00:00,1785.42,1795.64,1780.56,1785.92
2021-08-17 20:00:00,1785.96,1793.83,1777.36,1787.44
2021-08-18 20:00:00,1787.45,1792.48,1774.49,1779.89
2021-08-19 20:00:00,1779.49,1788.45,1778.34,1781.17
2021-08-22 20:00:00,1781.33,1806.43,1776.49,1805.36
2021-08-23 20:00:00,1805.36,1809.56,1800.75,1802.97
2021-08-24 20:00:00,1802.24,1803.0,1782.55,1790.45
2021-08-25 20:00:00,1790.29,1798.24,1779.99,1791.92
2021-08-26 20:00:00,1792.35,1819.21,1783.99,1816.53
2021-08-29 20:00:00,1818.49,1823.25,1807.76,1810.25
2021-08-30 20:00:00,1809.87,1819.16,1801.65,1813.73
2021-08-31 20:00:00,1814.57,1820.08,1808.68,1814.17
2021-09-01 20:00:00,1813.36,1817.22,1804.99,1809.53
2021-09-02 20:00:00,1808.7,1833.97,1808.7,1827.47
2021-09-05 20:00:00,1828.28,1830.32,1821.41,1823.24
2021-09-06 20:00:00,1823.17,1827.32,1792.34,1794.26
2021-09-07 20:00:00,1794.88,1802.23,1782.39,1789.18
2021-09-08 20:00:00,1788.56,1801.0,1783.9,1794.19
2021-09-09 20:00:00,1794.16,1803.91,1787.22,1787.47
2021-09-12 20:00:00,1788.62,1798.4,1783.67,1793.48
2021-09-13 20:00:00,1793.12,1808.69,1779.88,1804.6
2021-09-14 20:00:00,1803.87,1806.92,1790.71,1793.63
2021-09-15 20:00:00,1793.87,1796.23,1745.23,1753.4
2021-09-16 20:00:00,1753.32,1767.52,1747.37,1754.45
2021-09-19 20:00:00,1754.18,1767.17,1742.08,1764.21
2021-09-20 20:00:00,1764.32,1781.83,1757.93,1774.29
2021-09-21 20:00:00,1773.96,1787.28,1764.64,1768.0
2021-09-22 20:00:00,1767.95,1776.6,1737.84,1742.4
2021-09-23 20:00:00,1741.83,1757.69,1740.45,1750.46
2021-09-26 20:00:00,1749.64,1760.92,1744.82,1750.13
2021-09-27 20:00:00,1749.63,1754.5,1728.13,1733.86
2021-09-28 20:00:00,1734.02,1745.5,1721.69,1726.5
2021-09-29 20:00:00,1725.73,1764.18,1722.24,1757.0
2021-09-30 20:00:00,1756.42,1764.23,1749.71,1760.38
2021-10-03 20:00:00,1762.34,1770.52,1747.71,1769.29
2021-10-04 20:00:00,1769.52,1769.73,1748.61,1759.92
2021-10-05 20:00:00,1759.54,1765.11,1745.89,1762.64
2021-10-06 20:00:00,1762.64,1766.95,1751.96,1755.08
2021-10-07 20:00:00,1756.14,1781.34,1753.36,1757.21
2021-10-10 20:00:00,1756.98,1760.99,1750.19,1754.19
2021-10-11 20:00:00,1752.76,1769.35,1750.76,1760.04
2021-10-12 20:00:00,1759.31,1796.2,1757.93,1793.0
2021-10-13 20:00:00,1793.06,1800.61,1786.7,1795.95
2021-10-14 20:00:00,1795.74,1796.5,1764.83,1767.34
2021-10-17 20:00:00,1767.51,1772.08,1760.31,1764.76
2021-10-18 20:00:00,1764.18,1785.14,1762.88,1769.44
2021-10-19 20:00:00,1768.53,1788.46,1766.86,1781.97
2021-10-20 20:00:00,1781.36,1789.49,1776.51,1782.87
2021-10-21 20:00:00,1782.69,1813.85,1782.65,1792.9
2021-10-24 20:00:00,1793.78,1810.06,1792.26,1807.66
2021-10-25 20:00:00,1806.84,1808.32,1782.42,1792.8
2021-10-26 20:00:00,1793.01,1799.04,1783.53,1796.93
2021-10-27 20:00:00,1796.61,1810.48,1792.37,1798.8
2021-10-28 20:00:00,1798.95,1801.19,1771.96,1783.17
2021-10-31 20:00:00,1783.68,1795.85,1779.08,1793.19
2021-11-01 20:00:00,1793.21,1796.4,1786.41,1787.94
2021-11-02 20:00:00,1787.3,1788.24,1758.84,1769.62
2021-11-03 20:00:00,1768.56,1798.92,1768.56,1791.56
2021-11-04 20:00:00,1790.86,1818.27,1784.97,1818.11
2021-11-07 19:00:00,1817.69,1826.48,1812.46,1824.26
2021-11-08 19:00:00,1824.24,1832.73,1819.2,1831.84
2021-11-09 19:00:00,1831.63,1868.56,1822.32,1849.24
2021-11-10 19:00:00,1848.73,1866.01,1842.87,1861.97
2021-11-11 19:00:00,1861.65,1868.67,1845.22,1864.35
2021-11-14 19:00:00,1868.88,1870.53,1856.31,1862.68
2021-11-15 19:00:00,1862.95,1877.14,1849.67,1850.4
2021-11-16 19:00:00,1850.19,1868.06,1849.56,1867.32
2021-11-17 19:00:00,1867.22,1870.87,1855.06,1858.9
2021-11-18 19:00:00,1859.07,1865.75,1843.04,1846.18
2021-11-21 19:00:00,1845.63,1849.14,1802.24,1804.77
2021-11-22 19:00:00,1805.91,1812.38,1781.98,1788.99
2021-11-23 19:00:00,1788.34,1796.4,1778.4,1788.48
2021-11-24 19:00:00,1789.07,1795.14,1785.95,1787.64
2021-11-25 19:00:00,1788.53,1815.52,1780.35,1790.95
2021-11-28 19:00:00,1785.39,1799.4,1777.68,1784.59
2021-11-29 19:00:00,1784.35,1808.76,1769.86,1774.81
2021-11-30 19:00:00,1775.22,1794.54,1772.21,1781.78
2021-12-01 19:00:00,1781.96,1783.39,1761.85,1768.08
2021-12-02 19:00:00,1767.96,1786.09,1766.06,1783.35
2021-12-05 19:00:00,1784.77,1787.76,1775.66,1778.4
2021-12-06 19:00:00,1778.28,1787.84,1772.2,1784.1
2021-12-07 19:00:00,1783.58,1793.12,1779.63,1783.09
2021-12-08 19:00:00,1782.61,1787.65,1773.32,1775.13
2021-12-09 19:00:00,1775.77,1789.52,1770.13,1782.69
2021-12-12 19:00:00,1782.73,1791.68,1781.8,1786.6
2021-12-13 19:00:00,1786.23,1789.52,1766.46,1770.58
2021-12-14 19:00:00,1770.13,1780.89,1752.4,1777.03
2021-12-15 19:00:00,1777.2,1799.66,1775.58,1799.16
2021-12-16 19:00:00,1799.8,1814.27,1795.84,1798.01
2021-12-19 19:00:00,1799.12,1804.18,1788.31,1790.85
2021-12-20 19:00:00,1790.63,1800.49,1784.87,1788.94
2021-12-21 19:00:00,1788.9,1805.08,1785.89,1803.52
2021-12-22 19:00:00,1803.84,1810.78,1798.89,1808.49
2021-12-26 19:00:00,1807.63,1813.52,1802.91,1811.81
2021-12-27 19:00:00,1810.93,1820.3,1805.03,1805.99
2021-12-28 19:00:00,1805.97,1807.68,1789.43,1804.43
2021-12-29 19:00:00,1804.4,1817.2,1796.18,1814.63
2021-12-30 19:00:00,1815.31,1830.37,1814.28,1829.22
2022-01-02 19:00:00,1829.62,1831.74,1798.35,1801.26
2022-01-03 19:00:00,1801.09,1816.79,1798.43,1814.52
2022-01-04 19:00:00,1814.72,1829.67,1808.31,1810.31
2022-01-05 19:00:00,1809.98,1811.55,1786.38,1790.91
2022-01-06 19:00:00,1790.9,1798.68,1782.61,1796.89
2022-01-09 19:00:00,1794.19,1802.36,1790.35,1801.69
2022-01-10 19:00:00,1800.69,1823.31,1800.11,1821.54
2022-01-11 19:00:00,1821.02,1828.11,1814.75,1826.12
2022-01-12 19:00:00,1825.26,1828.23,1812.35,1822.52
2022-01-13 19:00:00,1821.96,1829.16,1814.68,1817.61
2022-01-16 19:00:00,1819.12,1823.27,1813.14,1819.01
2022-01-17 19:00:00,1818.5,1822.79,1805.76,1813.72
2022-01-18 19:00:00,1813.06,1843.35,1810.25,1840.41
2022-01-19 19:00:00,1839.86,1847.99,1835.94,1839.5
2022-01-20 19:00:00,1839.37,1843.22,1828.46,1834.53
2022-01-23 19:00:00,1834.46,1844.33,1829.68,1843.14
2022-01-24 19:00:00,1842.91,1853.85,1834.85,1848.07
2022-01-25 19:00:00,1847.2,1850.06,1814.91,1819.35
2022-01-26 19:00:00,1819.77,1822.11,1791.79,1797.21
2022-01-27 19:00:00,1797.64,1799.39,1780.26,1791.73
2022-01-30 19:00:00,1792.01,1799.89,1785.6,1797.29
2022-01-31 19:00:00,1797.5,1808.78,1795.78,1801.05
2022-02-01 19:00:00,1800.09,1810.83,1794.44,1806.81
2022-02-02 19:00:00,1806.65,1808.98,1788.63,1804.84
2022-02-03 19:00:00,1804.3,1814.93,1792.16,1807.78
2022-02-06 19:00:00,1807.46,1823.62,1807.44,1820.43
2022-02-07 19:00:00,1820.17,1828.81,1815.41,1825.94
2022-02-08 19:00:00,1825.53,1835.86,1824.69,1832.88
2022-02-09 19:00:00,1832.81,1841.99,1821.55,1826.55
2022-02-10 19:00:00,1826.53,1865.39,1820.9,1858.89
2022-02-13 19:00:00,1859.71,1874.14,1850.79,1871.27
2022-02-14 19:00:00,1871.32,1879.56,1844.56,1853.46
2022-02-15 19:00:00,1853.61,1872.56,1850.34,1869.52
2022-02-16 19:00:00,1869.36,1901.19,1867.81,1898.35
2022-02-17 19:00:00,1898.3,1902.52,1886.6,1897.57
2022-02-20 19:00:00,1899.07,1908.26,1887.52,1902.76
2022-02-21 19:00:00,1908.42,1914.03,1891.42,1898.5
2022-02-22 19:00:00,1899.09,1910.55,1889.67,1909.04
2022-02-23 19:00:00,1909.68,1974.44,1877.87,1903.92
2022-02-24 19:00:00,1904.07,1921.53,1882.99,1888.96
2022-02-27 19:00:00,1922.39,1928.72,1890.85,1908.86
2022-02-28 19:00:00,1907.55,1950.22,1901.39,1945.0
2022-03-01 19:00:00,1943.22,1947.97,1913.61,1928.54
2022-03-02 19:00:00,1929.11,1941.24,1922.0,1936.17
2022-03-03 19:00:00,1936.02,1970.58,1929.57,1970.4
2022-03-06 19:00:00,1975.8,2002.59,1960.98,1997.53
2022-03-07 19:00:00,1996.93,2070.57,1981.02,2049.7
2022-03-08 19:00:00,2049.89,2059.09,1975.92,1991.56
2022-03-09 19:00:00,1988.93,2009.15,1970.59,1996.7
2022-03-10 19:00:00,1994.9,1999.13,1958.62,1987.76
2022-03-13 20:00:00,1986.7,1990.09,1949.64,1950.71
2022-03-14 20:00:00,1951.23,1954.59,1907.08,1917.68
2022-03-15 20:00:00,1918.86,1929.47,1895.04,1926.1
2022-03-16 20:00:00,1927.02,1949.84,1923.18,1942.48
2022-03-17 20:00:00,1942.49,1945.26,1917.89,1921.08
2022-03-20 20:00:00,1921.5,1941.3,1917.85,1935.89
2022-03-21 20:00:00,1935.43,1938.4,1910.7,1921.36
2022-03-22 20:00:00,1920.63,1948.35,1915.5,1944.2
2022-03-23 20:00:00,1942.5,1966.11,1937.32,1957.59
2022-03-24 20:00:00,1957.61,1964.26,1943.08,1957.86
2022-03-27 20:00:00,1958.5,1959.26,1917.0,1922.66
2022-03-28 20:00:00,1922.68,1929.32,1890.09,1919.51
2022-03-29 20:00:00,1918.51,1938.5,1915.93,1932.63
2022-03-30 20:00:00,1932.6,1949.77,1919.17,1937.12
2022-03-31 20:00:00,1937.06,1939.52,1918.06,1924.75
2022-04-03 20:00:00,1924.16,1936.89,1915.45,1932.72
2022-04-04 20:00:00,1931.88,1944.59,1918.01,1923.42
2022-04-05 20:00:00,1923.83,1933.49,1915.09,1925.25
2022-04-06 20:00:00,1924.13,1937.75,1920.54,1931.44
2022-04-07 20:00:00,1931.2,1948.2,1927.7,1947.22
2022-04-10 20:00:00,1946.4,1969.84,1939.97,1953.6
2022-04-11 20:00:00,1952.9,1978.56,1949.7,1966.47
2022-04-12 20:00:00,1966.44,1981.57,1962.85,1978.07
2022-04-13 20:00:00,1977.32,1980.36,1960.45,1973.43
2022-04-17 20:00:00,1973.8,1998.33,1971.12,1978.58
2022-04-18 20:00:00,1977.81,1982.0,1943.64,1950.07
2022-04-19 20:00:00,1949.54,1958.31,1939.27,1957.46
2022-04-20 20:00:00,1957.03,1957.59,1936.73,1951.17
2022-04-21 20:00:00,1951.57,1955.67,1926.64,1931.4
2022-04-24 20:00:00,1930.3,1934.48,1891.39,1897.93
2022-04-25 20:00:00,1897.96,1911.25,1895.74,1905.1
2022-04-26 20:00:00,1905.21,1907.03,1881.32,1885.81
2022-04-27 20:00:00,1885.6,1896.73,1872.02,1894.56
2022-04-28 20:00:00,1894.29,1919.97,1892.56,1896.95
2022-05-01 20:00:00,1895.6,1899.81,1854.47,1862.76
2022-05-02 20:00:00,1862.89,1878.13,1850.39,1868.13
2022-05-03 20:00:00,1867.11,1889.79,1861.46,1881.22
2022-05-04 20:00:00,1882.41,1909.75,1872.48,1877.05
2022-05-05 20:00:00,1875.95,1892.62,1866.03,1883.26
2022-05-08 20:00:00,1883.21,1885.77,1851.64,1853.63
2022-05-09 20:00:00,1853.9,1865.44,1835.47,1838.24
2022-05-10 20:00:00,1837.5,1858.18,1832.0,1852.47
2022-05-11 20:00:00,1852.26,1858.81,1821.33,1821.77
2022-05-12 20:00:00,1821.75,1828.85,1799.09,1811.68
2022-05-15 20:00:00,1809.98,1826.93,1786.68,1823.78
2022-05-16 20:00:00,1824.37,1836.12,1812.91,1814.87
2022-05-17 20:00:00,1814.85,1824.74,1807.28,1816.41
2022-05-18 20:00:00,1815.81,1849.21,1810.91,1842.05
2022-05-19 20:00:00,1840.69,1849.43,1832.34,1846.45
2022-05-22 20:00:00,1846.01,1865.46,1843.01,1853.42
2022-05-23 20:00:00,1852.71,1869.75,1849.36,1866.29
2022-05-24 20:00:00,1865.33,1868.06,1841.87,1853.12
2022-05-25 20:00:00,1852.66,1854.34,1840.74,1850.62
2022-05-26 20:00:00,1850.54,1861.98,1847.95,1853.46
2022-05-29 20:00:00,1852.84,1863.98,1848.25,1854.57
2022-05-30 20:00:00,1855.73,1857.13,1835.08,1837.4
2022-05-31 20:00:00,1836.94,1849.99,1828.44,1846.3
2022-06-01 20:00:00,1846.04,1870.5,1844.08,1868.5
2022-06-02 20:00:00,1868.05,1874.06,1847.37,1850.94
2022-06-05 20:00:00,1850.93,1857.86,1840.63,1841.48
2022-06-06 20:00:00,1840.6,1855.52,1836.98,1852.27
2022-06-07 20:00:00,1851.89,1859.63,1844.52,1853.1
2022-06-08 20:00:00,1852.24,1855.34,1839.99,1847.98
2022-06-09 20:00:00,1847.61,1875.98,1825.03,1871.22
2022-06-12 20:00:00,1875.07,1879.05,1818.92,1819.3
2022-06-13 20:00:00,1819.21,1831.64,1805.08,1808.17
2022-06-14 20:00:00,1807.74,1841.93,1807.39,1833.78
2022-06-15 20:00:00,1833.29,1857.6,1815.09,1856.65
2022-06-16 20:00:00,1856.72,1857.08,1833.84,1839.47
2022-06-19 20:00:00,1837.12,1846.16,1834.76,1838.0
2022-06-20 20:00:00,1837.06,1843.68,1828.56,1833.04
2022-06-21 20:00:00,1831.91,1847.89,1823.35,1837.8
2022-06-22 20:00:00,1837.64,1846.15,1822.51,1822.52
2022-06-23 20:00:00,1822.3,1831.75,1816.9,1827.25
2022-06-26 20:00:00,1837.22,1841.04,1820.74,1822.64
2022-06-27 20:00:00,1822.32,1829.53,1818.34,1819.82
2022-06-28 20:00:00,1819.03,1833.07,1811.18,1817.79
2022-06-29 20:00:00,1817.08,1825.15,1802.73,1807.18
2022-06-30 20:00:00,1806.95,1811.74,1784.45,1810.8
2022-07-03 20:00:00,1810.78,1814.29,1803.98,1807.53
2022-07-04 20:00:00,1807.07,1812.12,1763.89,1764.8
2022-07-05 20:00:00,1764.84,1772.88,1732.23,1739.15
2022-07-06 20:00:00,1738.25,1749.12,1736.55,1740.12
2022-07-07 20:00:00,1739.51,1752.44,1727.14,1742.04
2022-07-10 20:00:00,1742.99,1744.66,1731.34,1734.03
2022-07-11 20:00:00,1733.44,1744.61,1723.22,1726.06
2022-07-12 20:00:00,1725.05,1745.42,1707.08,1735.54
2022-07-13 20:00:00,1734.37,1736.36,1697.66,1709.84
2022-07-14 20:00:00,1710.07,1716.58,1699.0,1707.51
2022-07-17 20:00:00,1707.88,1723.92,1705.93,1709.05
2022-07-18 20:00:00,1709.01,1718.48,1705.32,1711.56
2022-07-19 20:00:00,1711.04,1714.57,1692.41,1696.58
2022-07-20 20:00:00,1695.5,1720.35,1680.85,1718.33
2022-07-21 20:00:00,1717.92,1739.31,1712.84,1727.32
2022-07-24 20:00:00,1727.29,1736.28,1714.78,1719.66
2022-07-25 20:00:00,1718.92,1728.27,1713.64,1717.27
2022-07-26 20:00:00,1717.09,1740.19,1711.46,1734.26
2022-07-27 20:00:00,1733.92,1757.12,1733.48,1755.92
2022-07-28 20:00:00,1755.23,1767.99,1752.06,1766.02
2022-07-31 20:00:00,1765.43,1775.43,1758.3,1772.15
2022-08-01 20:00:00,1771.32,1788.01,1760.5,1761.19
2022-08-02 20:00:00,1760.56,1772.85,1754.31,1765.56
2022-08-03 20:00:00,1765.62,1794.97,1763.21,1791.17
2022-08-04 20:00:00,1790.68,1794.87,1765.02,1774.98
2022-08-07 20:00:00,1773.88,1790.03,1770.52,1788.99
2022-08-08 20:00:00,1788.31,1800.41,1783.2,1794.29
2022-08-09 20:00:00,1794.06,1807.87,1787.23,1792.2
2022-08-10 20:00:00,1791.73,1799.27,1783.48,1789.49
2022-08-11 20:00:00,1789.3,1802.48,1784.94,1802.16
2022-08-14 20:00:00,1802.31,1802.31,1772.94,1779.45
2022-08-15 20:00:00,1779.06,1783.16,1771.5,1775.49
2022-08-16 20:00:00,1775.43,1782.36,1759.75,1762.03
2022-08-17 20:00:00,1761.33,1772.45,1755.29,1758.4
2022-08-18 20:00:00,1758.56,1759.35,1745.58,1746.95
2022-08-21 20:00:00,1746.56,1749.2,1727.82,1736.14
2022-08-22 20:00:00,1736.79,1754.14,1730.84,1747.82
2022-08-23 20:00:00,1748.27,1755.99,1742.49,1751.25
2022-08-24 20:00:00,1750.97,1765.49,1749.92,1758.64
2022-08-25 20:00:00,1758.04,1758.9,1734.14,1737.62
2022-08-28 20:00:00,1735.52,1745.53,1720.35,1737.45
2022-08-29 20:00:00,1737.15,1740.48,1721.16,1724.31
2022-08-30 20:00:00,1723.22,1726.56,1709.61,1711.06
2022-08-31 20:00:00,1710.83,1711.38,1688.87,1697.56
2022-09-01 20:00:00,1696.62,1717.99,1694.99,1712.25
2022-09-04 20:00:00,1712.74,1715.81,1707.7,1710.1
2022-09-05 20:00:00,1708.66,1726.84,1699.85,1701.88
2022-09-06 20:00:00,1701.7,1719.41,1691.47,1718.27
2022-09-07 20:00:00,1717.66,1728.24,1703.96,1708.48
2022-09-08 20:00:00,1708.43,1729.51,1708.19,1717.48
2022-09-11 20:00:00,1717.08,1735.16,1711.96,1724.68
2022-09-12 20:00:00,1724.56,1731.8,1697.05,1702.31
2022-09-13 20:00:00,1701.23,1707.13,1693.68,1697.36
2022-09-14 20:00:00,1697.16,1698.3,1660.37,1664.66
2022-09-15 20:00:00,1664.2,1680.42,1654.13,1675.26
2022-09-18 20:00:00,1674.07,1679.93,1659.67,1675.66
2022-09-19 20:00:00,1675.53,1679.51,1660.02,1664.83
2022-09-20 20:00:00,1664.5,1688.07,1653.85,1673.76
2022-09-21 20:00:00,1673.62,1684.89,1655.67,1671.25
2022-09-22 20:00:00,1670.97,1675.99,1639.72,1643.42
2022-09-25 20:00:00,1643.61,1649.73,1621.14,1622.46
2022-09-26 20:00:00,1621.54,1642.49,1621.54,1629.19
2022-09-27 20:00:00,1629.09,1662.79,1614.85,1659.95
2022-09-28 20:00:00,1659.9,1664.9,1641.54,1660.51
2022-09-29 20:00:00,1660.66,1675.41,1659.27,1660.88
2022-10-02 20:00:00,1662.11,1701.54,1659.66,1699.61
2022-10-03 20:00:00,1698.9,1729.48,1695.21,1726.33
2022-10-04 20:00:00,1725.17,1727.79,1700.48,1716.24
2022-10-05 20:00:00,1716.01,1725.54,1706.93,1712.45
2022-10-06 20:00:00,1711.99,1714.85,1690.61,1694.86
2022-10-09 20:00:00,1695.79,1699.94,1665.73,1668.05
2022-10-10 20:00:00,1667.61,1683.94,1660.99,1666.17
2022-10-11 20:00:00,1665.87,1678.35,1661.37,1673.13
2022-10-12 20:00:00,1672.97,1682.45,1642.41,1666.11
2022-10-13 20:00:00,1665.31,1671.81,1640.23,1643.8
2022-10-16 20:00:00,1644.24,1668.45,1642.86,1650.58
2022-10-17 20:00:00,1649.65,1660.96,1645.85,1651.98
2022-10-18 20:00:00,1651.58,1654.43,1627.7,1629.07
2022-10-19 20:00:00,1629.31,1645.65,1622.44,1628.09
2022-10-20 20:00:00,1627.33,1657.9,1617.21,1657.72
2022-10-23 20:00:00,1657.85,1670.73,1643.98,1649.41
2022-10-24 20:00:00,1649.81,1662.43,1638.3,1653.13
2022-10-25 20:00:00,1652.69,1674.98,1649.73,1664.63
2022-10-26 20:00:00,1664.27,1670.86,1654.88,1663.32
2022-10-27 20:00:00,1662.22,1667.04,1638.04,1644.32
2022-10-30 20:00:00,1643.06,1645.65,1631.8,1633.57
2022-10-31 20:00:00,1632.65,1657.08,1630.82,1647.71
2022-11-01 20:00:00,1647.91,1669.53,1634.71,1635.1
2022-11-02 20:00:00,1636.34,1641.02,1616.68,1629.61
2022-11-03 20:00:00,1628.82,1681.7,1628.56,1681.14
2022-11-06 19:00:00,1674.56,1681.87,1666.88,1675.27
2022-11-07 19:00:00,1674.22,1716.91,1664.72,1712.43
2022-11-08 19:00:00,1712.15,1722.29,1702.24,1706.9
2022-11-09 19:00:00,1706.29,1757.23,1703.86,1755.49
2022-11-10 19:00:00,1754.24,1772.64,1747.28,1771.22
2022-11-13 19:00:00,1764.86,1775.12,1753.26,1771.13
2022-11-14 19:00:00,1770.19,1786.6,1767.12,1778.63
2022-11-15 19:00:00,1778.24,1785.11,1770.34,1773.77
2022-11-16 19:00:00,1773.31,1774.78,1754.49,1760.18
2022-11-17 19:00:00,1760.4,1767.72,1747.55,1750.61
2022-11-20 19:00:00,1750.15,1752.99,1732.55,1737.72
2022-11-21 19:00:00,1738.16,1749.82,1737.07,1739.96
2022-11-22 19:00:00,1739.6,1753.36,1721.67,1749.43
2022-11-23 19:00:00,1749.25,1758.65,1748.93,1754.95
2022-11-24 19:00:00,1755.1,1761.16,1746.0,1754.37
2022-11-27 19:00:00,1754.8,1763.77,1739.63,1741.51
2022-11-28 19:00:00,1740.32,1759.03,1739.49,1749.69
2022-11-29 19:00:00,1748.83,1770.04,1744.92,1768.45
2022-11-30 19:00:00,1768.14,1804.05,1768.14,1802.87
2022-12-01 19:00:00,1802.38,1804.45,1778.67,1797.76
2022-12-04 19:00:00,1796.41,1809.99,1765.86,1768.66
2022-12-05 19:00:00,1768.24,1780.88,1767.29,1771.05
2022-12-06 19:00:00,1770.5,1790.57,1768.72,1786.07
2022-12-07 19:00:00,1785.74,1794.89,1781.45,1788.95
2022-12-08 19:00:00,1789.2,1806.15,1788.51,1797.2
2022-12-11 19:00:00,1796.52,1797.24,1777.63,1781.32
2022-12-12 19:00:00,1780.73,1824.58,1780.73,1810.52
2022-12-13 19:00:00,1810.57,1814.18,1793.23,1807.3
2022-12-14 19:00:00,1807.1,1808.66,1773.79,1776.75
2022-12-15 19:00:00,1776.14,1794.29,1774.32,1793.12
2022-12-18 19:00:00,1792.29,1798.79,1783.81,1787.63
2022-12-19 19:00:00,1787.05,1821.19,1784.61,1817.65
2022-12-20 19:00:00,1818.0,1823.85,1811.88,1814.14
2022-12-21 19:00:00,1813.62,1820.46,1784.8,1792.43
2022-12-22 19:00:00,1792.57,1803.33,1791.19,1798.3
2022-12-26 19:00:00,1800.26,1833.25,1799.98,1813.53
2022-12-27 19:00:00,1813.36,1814.54,1797.07,1804.27
2022-12-28 19:00:00,1804.06,1820.18,1803.65,1814.83
2022-12-29 19:00:00,1814.13,1826.15,1813.35,1823.84
2023-01-02 19:00:00,1827.02,1850.01,1823.57,1839.52
2023-01-03 19:00:00,1839.19,1865.17,1836.17,1854.66
2023-01-04 19:00:00,1854.26,1859.0,1825.11,1832.92
2023-01-05 19:00:00,1830.33,1869.85,1830.01,1865.77
2023-01-08 19:00:00,1868.34,1881.53,1865.3,1871.68
2023-01-09 19:00:00,1871.08,1880.76,1867.76,1876.94
2023-01-10 19:00:00,1876.34,1886.65,1867.11,1875.73
2023-01-11 19:00:00,1874.87,1901.63,1868.87,1896.77
2023-01-12 19:00:00,1896.28,1921.93,1892.3,1920.2
2023-01-15 19:00:00,1919.53,1928.97,1910.86,1915.66
2023-01-16 19:00:00,1915.06,1919.02,1903.75,1908.53
2023-01-17 19:00:00,1907.91,1925.93,1896.55,1904.28
2023-01-18 19:00:00,1904.22,1935.2,1900.93,1932.11
2023-01-19 19:00:00,1931.72,1937.47,1920.66,1926.14
2023-01-22 19:00:00,1925.98,1935.5,1911.34,1930.84
2023-01-23 19:00:00,1930.47,1942.47,1917.17,1937.28
2023-01-24 19:00:00,1937.05,1948.03,1919.87,1946.16
2023-01-25 19:00:00,1946.82,1949.13,1918.58,1929.08
2023-01-26 19:00:00,1928.31,1934.96,1916.74,1928.08
2023-01-29 19:00:00,1927.84,1934.44,1920.67,1923.11
2023-01-30 19:00:00,1922.73,1931.16,1900.89,1928.1
2023-01-31 19:00:00,1928.07,1954.53,1920.5,1950.1
2023-02-01 19:00:00,1950.61,1959.67,1911.31,1912.61
2023-02-02 19:00:00,1911.79,1918.58,1861.39,1865.0
2023-02-05 19:00:00,1864.52,1881.36,1859.95,1867.6
2023-02-06 19:00:00,1867.18,1884.35,1864.96,1873.7
2023-02-07 19:00:00,1872.88,1886.27,1869.05,1875.46
2023-02-08 19:00:00,1875.11,1890.25,1858.91,1861.58
2023-02-09 19:00:00,1861.47,1872.16,1852.76,1865.43
2023-02-12 19:00:00,1865.34,1866.61,1850.49,1853.4
2023-02-13 19:00:00,1853.16,1870.57,1843.24,1854.38
2023-02-14 19:00:00,1853.79,1860.12,1829.98,1835.83
2023-02-15 19:00:00,1835.67,1845.28,1827.61,1836.41
2023-02-16 19:00:00,1836.15,1843.6,1818.92,1842.48
2023-02-19 19:00:00,1840.55,1847.5,1837.26,1840.78
2023-02-20 19:00:00,1841.34,1843.84,1830.24,1834.94
2023-02-21 19:00:00,1834.18,1846.04,1823.51,1825.18
2023-02-22 19:00:00,1825.03,1833.71,1817.43,1822.28
2023-02-23 19:00:00,1821.7,1827.8,1808.94,1810.87
2023-02-26 19:00:00,1811.51,1820.16,1806.63,1817.21
2023-02-27 19:00:00,1816.64,1831.18,1804.75,1826.68
2023-02-28 19:00:00,1826.34,1844.54,1823.08,1836.61
2023-03-01 19:00:00,1836.48,1838.97,1829.96,1835.62
2023-03-02 19:00:00,1835.6,1856.92,1835.45,1856.37
2023-03-05 19:00:00,1854.69,1858.29,1845.08,1846.6
2023-03-06 19:00:00,1846.48,1851.67,1812.7,1813.01
2023-03-07 19:00:00,1813.24,1824.25,1809.38,1813.7
2023-03-08 19:00:00,1813.25,1835.68,1811.91,1830.79
2023-03-09 19:00:00,1830.67,1870.15,1827.73,1867.16
2023-03-12 20:00:00,1872.68,1914.6,1871.48,1913.45
2023-03-13 20:00:00,1913.27,1914.2,1895.42,1903.89
2023-03-14 20:00:00,1903.68,1937.35,1885.71,1918.15
2023-03-15 20:00:00,1917.48,1933.44,1907.54,1919.35
2023-03-16 20:00:00,1919.94,1989.17,1918.24,1988.92
2023-03-19 20:00:00,1984.18,2009.77,1965.81,1978.69
2023-03-20 20:00:00,1978.19,1985.2,1935.4,1940.52
2023-03-21 20:00:00,1939.16,1978.82,1934.26,1969.7
2023-03-22 20:00:00,1969.96,2003.32,1964.59,1993.81
2023-03-23 20:00:00,1993.12,2002.95,1975.18,1978.5
2023-03-26 20:00:00,1979.12,1979.67,1943.99,1956.4
2023-03-27 20:00:00,1956.26,1975.29,1949.13,1973.56
2023-03-28 20:00:00,1973.22,1974.37,1958.68,1964.38
2023-03-29 20:00:00,1963.84,1984.33,1955.35,1980.21
2023-03-30 20:00:00,1979.53,1987.6,1966.9,1970.78
2023-04-02 20:00:00,1972.17,1990.49,1949.74,1984.41
2023-04-03 20:00:00,1983.9,2025.0,1976.91,2020.52
2023-04-04 20:00:00,2020.07,2032.05,2009.99,2020.76
2023-04-05 20:00:00,2020.12,2021.36,2000.83,2007.1
2023-04-09 20:00:00,1989.5,2006.43,1981.65,1991.19
2023-04-10 20:00:00,1990.78,2007.47,1988.75,2003.61
2023-04-11 20:00:00,2003.11,2028.18,2001.39,2014.81
2023-04-12 20:00:00,2014.43,2048.74,2013.82,2039.98
2023-04-13 20:00:00,2039.96,2047.38,1992.38,2004.17
2023-04-16 20:00:00,1998.83,2015.03,1981.23,1995.04
2023-04-17 20:00:00,1994.9,2011.86,1991.21,2005.27
2023-04-18 20:00:00,2004.68,2008.15,1969.23,1994.68
2023-04-19 20:00:00,1994.36,2012.35,1990.46,2004.71
2023-04-20 20:00:00,2004.2,2005.5,1971.61,1983.01
2023-04-23 20:00:00,1981.03,1990.84,1974.12,1989.0
2023-04-24 20:00:00,1988.7,2003.83,1976.09,1997.07
2023-04-25 20:00:00,1997.12,2009.25,1983.31,1989.29
2023-04-26 20:00:00,1989.25,2003.22,1974.21,1987.81
2023-04-27 20:00:00,1987.84,1994.99,1976.19,1989.62
2023-04-30 20:00:00,1991.13,2006.01,1977.07,1982.46
2023-05-01 20:00:00,1980.93,2019.38,1978.43,2016.55
2023-05-02 20:00:00,2016.77,2040.41,2006.9,2038.72
2023-05-03 20:00:00,2041.95,2077.67,2030.3,2050.12
2023-05-04 20:00:00,2049.84,2052.95,1999.48,2016.81
2023-05-07 20:00:00,2015.09,2029.39,2014.24,2021.36
2023-05-08 20:00:00,2020.5,2037.6,2019.48,2034.42
2023-05-09 20:00:00,2034.08,2048.16,2021.5,2030.21
2023-05-10 20:00:00,2029.52,2041.21,2011.1,2014.95
2023-05-11 20:00:00,2014.25,2022.57,2000.91,2010.78
2023-05-14 20:00:00,2008.02,2022.17,2007.2,2016.37
2023-05-15 20:00:00,2015.39,2018.34,1985.46,1988.83
2023-05-16 20:00:00,1988.27,1993.01,1975.04,1981.57
2023-05-17 20:00:00,1981.45,1985.99,1951.94,1957.42
2023-05-18 20:00:00,1957.09,1984.22,1954.0,1977.78
2023-05-21 20:00:00,1976.84,1982.66,1968.87,1971.71
2023-05-22 20:00:00,1971.28,1977.7,1954.25,1974.95
2023-05-23 20:00:00,1974.74,1985.32,1956.74,1957.21
2023-05-24 20:00:00,1956.31,1964.77,1938.9,1940.73
2023-05-25 20:00:00,1940.29,1957.24,1936.75,1946.26
2023-05-28 20:00:00,1942.09,1949.74,1940.22,1943.25
2023-05-29 20:00:00,1943.83,1963.5,1932.02,1959.27
2023-05-30 20:00:00,1959.23,1974.73,1953.68,1962.59
2023-05-31 20:00:00,1962.28,1983.13,1953.35,1977.43
2023-06-01 20:00:00,1976.66,1983.43,1947.54,1948.13
2023-06-04 20:00:00,1947.98,1964.01,1938.13,1961.73
2023-06-05 20:00:00,1961.33,1966.42,1954.33,1963.26
2023-06-06 20:00:00,1963.04,1970.19,1939.76,1939.86
2023-06-07 20:00:00,1939.89,1970.55,1939.66,1965.51
2023-06-08 20:00:00,1965.21,1973.06,1956.58,1960.86
2023-06-11 20:00:00,1960.39,1966.97,1949.16,1957.41
2023-06-12 20:00:00,1957.06,1970.8,1940.03,1943.43
2023-06-13 20:00:00,1943.11,1960.21,1939.68,1941.8
2023-06-14 20:00:00,1942.21,1960.28,1924.6,1957.91
2023-06-15 20:00:00,1957.26,1967.9,1953.27,1957.62
2023-06-18 20:00:00,1958.15,1958.69,1947.77,1948.5
2023-06-19 20:00:00,1950.6,1956.75,1929.76,1936.22
2023-06-20 20:00:00,1935.86,1939.49,1919.17,1932.68
2023-06-21 20:00:00,1932.09,1934.89,1912.38,1913.68
2023-06-22 20:00:00,1913.19,1937.31,1910.07,1920.79
2023-06-25 20:00:00,1926.12,1933.34,1921.52,1923.04
2023-06-26 20:00:00,1922.8,1930.66,1910.98,1913.61
2023-06-27 20:00:00,1913.58,1917.21,1902.83,1907.38
2023-06-28 20:00:00,1907.27,1913.11,1892.98,1908.16
2023-06-29 20:00:00,1907.63,1922.8,1900.54,1919.52
2023-07-02 20:00:00,1919.21,1930.95,1910.03,1921.46
2023-07-03 20:00:00,1921.18,1930.69,1919.93,1925.68
2023-07-04 20:00:00,1925.76,1935.06,1914.8,1915.12
2023-07-05 20:00:00,1914.53,1927.63,1902.65,1910.84
2023-07-06 20:00:00,1910.43,1934.91,1909.55,1925.5
2023-07-09 20:00:00,1925.15,1928.16,1912.66,1925.21
2023-07-10 20:00:00,1924.7,1938.45,1924.38,1932.12
2023-07-11 20:00:00,1932.11,1959.68,1932.05,1957.36
2023-07-12 20:00:00,1956.86,1963.5,1952.41,1960.44
2023-07-13 20:00:00,1960.03,1963.75,1950.96,1955.4
2023-07-16 20:00:00,1954.18,1959.83,1945.77,1954.85
2023-07-17 20:00:00,1953.82,1984.38,1953.76,1978.77
2023-07-18 20:00:00,1978.48,1980.88,1969.75,1976.88
2023-07-19 20:00:00,1976.5,1987.45,1965.34,1969.39
2023-07-20 20:00:00,1969.31,1973.75,1956.82,1961.81
2023-07-23 20:00:00,1960.45,1967.84,1953.45,1954.79
2023-07-24 20:00:00,1954.69,1965.7,1951.43,1964.87
2023-07-25 20:00:00,1964.6,1978.35,1962.0,1972.12
2023-07-26 20:00:00,1971.33,1982.14,1942.58,1945.55
2023-07-27 20:00:00,1945.77,1963.53,1945.46,1959.2
2023-07-30 20:00:00,1959.04,1972.39,1951.15,1965.41
2023-07-31 20:00:00,1965.3,1965.99,1941.26,1944.08
2023-08-01 20:00:00,1948.35,1954.79,1932.96,1934.79
2023-08-02 20:00:00,1933.7,1938.87,1929.41,1934.07
2023-08-03 20:00:00,1933.8,1946.78,1922.69,1942.78
2023-08-06 20:00:00,1942.52,1946.7,1931.46,1936.47
2023-08-07 20:00:00,1936.17,1938.06,1922.76,1925.06
2023-08-08 20:00:00,1924.58,1932.34,1914.0,1914.67
2023-08-09 20:00:00,1914.68,1930.13,1912.14,1912.24
2023-08-10 20:00:00,1911.69,1920.9,1910.79,1913.61
2023-08-13 20:00:00,1912.69,1916.21,1902.69,1907.36
2023-08-14 20:00:00,1906.64,1911.65,1896.38,1901.76
2023-08-15 20:00:00,1901.13,1907.19,1891.75,1891.81
2023-08-16 20:00:00,1891.89,1903.43,1885.0,1889.26
2023-08-17 20:00:00,1889.04,1896.85,1886.75,1889.24
2023-08-20 20:00:00,1888.77,1898.8,1884.79,1894.67
2023-08-21 20:00:00,1894.4,1904.45,1889.16,1897.29
2023-08-22 20:00:00,1897.23,1920.37,1897.21,1915.39
2023-08-23 20:00:00,1914.92,1923.32,1911.8,1916.72
2023-08-24 20:00:00,1916.58,1922.38,1903.78,1914.57
2023-08-27 20:00:00,1915.64,1926.04,1912.79,1920.11
2023-08-28 20:00:00,1919.65,1938.16,1914.42,1937.36
2023-08-29 20:00:00,1937.14,1949.02,1934.97,1942.25
2023-08-30 20:00:00,1942.58,1947.87,1939.09,1940.04
2023-08-31 20:00:00,1939.56,1952.93,1934.45,1940.18
2023-09-03 20:00:00,1940.06,1946.27,1936.79,1938.18
2023-09-04 20:00:00,1938.11,1938.95,1925.35,1925.98
2023-09-05 20:00:00,1925.46,1929.15,1915.26,1916.4
2023-09-06 20:00:00,1916.47,1923.61,1916.28,1919.6
2023-09-07 20:00:00,1919.2,1929.72,1917.34,1919.02
2023-09-10 20:00:00,1919.92,1930.73,1916.66,1922.3
2023-09-11 20:00:00,1922.15,1924.52,1907.58,1913.32
2023-09-12 20:00:00,1912.14,1915.73,1905.45,1908.12
2023-09-13 20:00:00,1908.58,1912.88,1900.96,1910.55
2023-09-14 20:00:00,1910.49,1930.41,1909.74,1923.71
2023-09-17 20:00:00,1923.86,1934.21,1922.54,1933.6
2023-09-18 20:00:00,1933.44,1937.36,1929.78,1931.34
2023-09-19 20:00:00,1931.99,1947.43,1927.94,1930.35
2023-09-20 20:00:00,1930.82,1931.46,1913.93,1920.0
2023-09-21 20:00:00,1919.52,1929.09,1919.12,1925.36
2023-09-24 20:00:00,1924.54,1927.2,1915.14,1915.8
2023-09-25 20:00:00,1915.63,1916.78,1899.13,1900.57
2023-09-26 20:00:00,1900.12,1903.93,1872.53,1875.02
2023-09-27 20:00:00,1875.53,1879.65,1857.64,1864.84
2023-09-28 20:00:00,1864.95,1879.88,1846.33,1848.57
2023-10-01 20:00:00,1847.91,1850.65,1827.2,1827.83
2023-10-02 20:00:00,1828.11,1833.4,1815.23,1822.93
2023-10-03 20:00:00,1822.56,1830.65,1816.58,1821.14
2023-10-04 20:00:00,1822.31,1829.2,1813.09,1820.15
2023-10-05 20:00:00,1819.79,1834.89,1810.44,1832.47
2023-10-08 20:00:00,1848.15,1863.5,1844.21,1861.25
2023-10-09 20:00:00,1860.99,1865.4,1853.0,1860.41
2023-10-10 20:00:00,1859.47,1877.23,1858.61,1874.22
2023-10-11 20:00:00,1874.56,1884.98,1867.9,1868.73
2023-10-12 20:00:00,1868.34,1932.86,1868.34,1932.76
2023-10-15 20:00:00,1928.13,1928.82,1908.24,1920.15
2023-10-16 20:00:00,1919.66,1931.62,1912.39,1923.11
2023-10-17 20:00:00,1923.16,1962.66,1922.9,1947.67
2023-10-18 20:00:00,1947.31,1977.73,1945.23,1974.32
2023-10-19 20:00:00,1975.11,1997.21,1971.96,1981.51
2023-10-22 20:00:00,1965.5,1982.83,1964.34,1972.73
2023-10-23 20:00:00,1972.39,1980.88,1953.51,1971.0
2023-10-24 20:00:00,1970.94,1987.29,1962.91,1979.49
2023-10-25 20:00:00,1979.54,1993.49,1971.75,1984.91
2023-10-26 20:00:00,1984.3,2009.35,1976.87,2006.22
2023-10-29 20:00:00,2003.9,2006.76,1990.95,1996.14
2023-10-30 20:00:00,1995.19,2007.95,1978.87,1983.95
2023-10-31 20:00:00,1983.02,1992.82,1969.82,1982.71
2023-11-01 20:00:00,1983.67,1991.03,1978.81,1985.74
2023-11-02 20:00:00,1985.22,2004.09,1983.24,1992.55
2023-11-05 19:00:00,1991.36,1993.12,1977.38,1977.84
2023-11-06 19:00:00,1977.64,1978.3,1956.69,1969.08
2023-11-07 19:00:00,1968.3,1971.0,1947.41,1950.18
2023-11-08 19:00:00,1949.45,1965.67,1944.72,1958.47
2023-11-09 19:00:00,1957.95,1960.77,1933.04,1938.13
2023-11-12 19:00:00,1938.36,1949.2,1931.67,1946.21
2023-11-13 19:00:00,1946.04,1970.93,1943.61,1963.11
2023-11-14 19:00:00,1962.39,1975.17,1955.44,1959.28
2023-11-15 19:00:00,1959.54,1988.0,1956.45,1981.26
2023-11-16 19:00:00,1980.49,1993.39,1978.63,1980.77
2023-11-19 19:00:00,1978.25,1985.16,1965.49,1977.68
2023-11-20 19:00:00,1977.3,2007.56,1977.3,1998.29
2023-11-21 19:00:00,1998.04,2006.37,1986.93,1989.87
2023-11-22 19:00:00,1989.09,1998.53,1988.67,1992.34
2023-11-23 19:00:00,1992.45,2003.6,1991.46,2002.18
2023-11-26 19:00:00,2001.42,2018.11,2000.46,2014.22
2023-11-27 19:00:00,2013.61,2043.04,2011.48,2041.19
2023-11-28 19:00:00,2040.59,2051.97,2035.33,2044.21
2023-11-29 19:00:00,2044.95,2047.24,2031.13,2036.06
2023-11-30 19:00:00,2036.56,2075.35,2033.93,2072.05
2023-12-03 19:00:00,2072.53,2134.7,2020.14,2029.03
2023-12-04 19:00:00,2028.57,2041.18,2009.86,2019.35
2023-12-05 19:00:00,2019.06,2035.85,2017.25,2025.37
2023-12-06 19:00:00,2025.9,2039.94,2020.2,2028.54
2023-12-07 19:00:00,2028.4,2034.07,1994.67,2004.55
2023-12-10 19:00:00,2003.67,2007.75,1975.85,1981.79
2023-12-11 19:00:00,1981.58,1996.68,1977.24,1979.43
2023-12-12 19:00:00,1979.02,2027.8,1973.05,2027.32
2023-12-13 19:00:00,2028.06,2047.89,2023.93,2036.4
2023-12-14 19:00:00,2036.08,2044.89,2015.64,2019.63
2023-12-17 19:00:00,2019.42,2033.71,2016.04,2027.2
2023-12-18 19:00:00,2027.17,2046.98,2021.71,2040.22
2023-12-19 19:00:00,2039.85,2043.48,2027.48,2031.35
2023-12-20 19:00:00,2031.56,2046.07,2031.48,2045.78
2023-12-21 19:00:00,2048.46,2070.61,2046.8,2053.05
2023-12-25 19:00:00,2053.79,2069.08,2053.45,2067.58
2023-12-26 19:00:00,2067.42,2084.46,2061.49,2077.62
2023-12-27 19:00:00,2077.58,2088.45,2064.67,2065.4
2023-12-28 19:00:00,2065.18,2074.77,2058.22,2062.82
2024-01-01 19:00:00,2063.1,2078.89,2055.85,2059.0
2024-01-02 19:00:00,2058.41,2065.95,2030.61,2041.4
2024-01-03 19:00:00,2042.04,2050.95,2036.25,2043.38
2024-01-04 19:00:00,2043.51,2064.0,2024.42,2045.54
2024-01-07 19:00:00,2044.27,2046.6,2016.79,2028.01
2024-01-08 19:00:00,2027.97,2041.95,2026.06,2030.24
2024-01-09 19:00:00,2029.71,2040.19,2020.47,2024.4
2024-01-10 19:00:00,2024.05,2039.55,2013.36,2028.48
2024-01-11 19:00:00,2028.73,2062.28,2028.55,2048.86
2024-01-14 19:00:00,2048.08,2058.63,2045.79,2054.93
2024-01-15 19:00:00,2054.27,2055.6,2024.28,2028.21
2024-01-16 19:00:00,2028.17,2032.94,2001.88,2006.1
2024-01-17 19:00:00,2005.6,2023.25,2005.37,2023.01
2024-01-18 19:00:00,2023.34,2039.38,2020.41,2029.43
2024-01-21 19:00:00,2029.26,2032.14,2016.54,2021.61
2024-01-22 19:00:00,2021.85,2037.9,2019.64,2029.22
2024-01-23 19:00:00,2028.99,2036.67,2011.24,2013.49
2024-01-24 19:00:00,2014.31,2025.3,2009.26,2020.69
2024-01-25 19:00:00,2020.31,2026.84,2015.98,2018.31
2024-01-28 19:00:00,2022.8,2037.59,2019.3,2032.69
2024-01-29 19:00:00,2032.79,2048.62,2029.1,2036.86
2024-01-30 19:00:00,2036.87,2056.03,2030.87,2039.19
2024-01-31 19:00:00,2039.87,2065.41,2030.04,2055.0
2024-02-01 19:00:00,2054.42,2057.66,2027.86,2039.46
2024-02-04 19:00:00,2039.48,2042.27,2014.91,2025.03
2024-02-05 19:00:00,2024.79,2038.92,2022.93,2035.85
2024-02-06 19:00:00,2035.76,2044.58,2030.64,2034.99
2024-02-07 19:00:00,2035.04,2038.74,2020.21,2034.32
2024-02-08 19:00:00,2034.11,2037.27,2020.35,2024.44
2024-02-11 19:00:00,2023.0,2027.59,2011.9,2019.93
2024-02-12 19:00:00,2019.49,2031.99,1990.13,1992.94
2024-02-13 19:00:00,1993.41,1996.13,1984.23,1992.09
2024-02-14 19:00:00,1991.95,2008.29,1990.27,2004.24
2024-02-15 19:00:00,2003.88,2015.24,1995.1,2013.13
2024-02-18 19:00:00,2014.8,2022.99,2011.85,2018.0
2024-02-19 19:00:00,2017.93,2030.91,2015.04,2024.22
2024-02-20 19:00:00,2024.0,2032.27,2020.05,2025.97
2024-02-21 19:00:00,2025.34,2034.82,2019.63,2024.26
2024-02-22 19:00:00,2024.07,2041.34,2016.07,2035.26
2024-02-25 19:00:00,2034.68,2037.04,2025.08,2031.15
2024-02-26 19:00:00,2030.98,2039.49,2028.8,2030.37
2024-02-27 19:00:00,2030.55,2037.93,2024.5,2034.37
2024-02-28 19:00:00,2033.83,2050.78,2028.09,2044.12
2024-02-29 19:00:00,2043.49,2088.31,2039.07,2082.69
2024-03-03 19:00:00,2082.44,2119.89,2079.43,2114.27
2024-03-04 19:00:00,2114.57,2141.82,2110.46,2127.84
2024-03-05 19:00:00,2127.97,2152.21,2123.67,2148.03
2024-03-06 19:00:00,2148.65,2164.79,2144.16,2159.93
2024-03-07 19:00:00,2159.59,2195.18,2153.98,2178.97
2024-03-10 20:00:00,2180.02,2188.96,2174.84,2182.65
2024-03-11 20:00:00,2182.24,2184.74,2150.61,2158.13
2024-03-12 20:00:00,2157.74,2179.85,2155.77,2174.32
2024-03-13 20:00:00,2174.44,2176.95,2152.74,2162.19
2024-03-14 20:00:00,2161.86,2172.73,2155.15,2155.71
2024-03-17 20:00:00,2155.15,2163.65,2146.09,2160.26
2024-03-18 20:00:00,2159.97,2162.82,2147.13,2157.48
2024-03-19 20:00:00,2157.76,2188.81,2149.64,2186.24
2024-03-20 20:00:00,2186.54,2222.9,2166.34,2181.25
2024-03-21 20:00:00,2181.46,2186.09,2157.08,2164.97
2024-03-24 20:00:00,2165.6,2181.32,2163.56,2171.73
2024-03-25 20:00:00,2171.43,2200.15,2167.59,2178.63
2024-03-26 20:00:00,2178.38,2197.6,2173.41,2194.88
2024-03-27 20:00:00,2193.64,2236.22,2187.37,2232.78
2024-03-31 20:00:00,2239.56,2265.69,2228.5,2251.31
2024-04-01 20:00:00,2251.34,2281.02,2246.68,2280.53
2024-04-02 20:00:00,2280.0,2301.15,2265.43,2299.64
2024-04-03 20:00:00,2299.68,2305.6,2279.74,2290.95
2024-04-04 20:00:00,2290.62,2330.5,2267.76,2329.38
2024-04-07 20:00:00,2322.45,2354.07,2302.92,2338.82
2024-04-08 20:00:00,2338.75,2365.33,2336.97,2352.22
2024-04-09 20:00:00,2352.81,2360.08,2319.37,2333.55
2024-04-10 20:00:00,2333.56,2377.69,2325.69,2372.41
2024-04-11 20:00:00,2371.61,2431.5,2333.82,2343.79
2024-04-14 20:00:00,2354.4,2387.64,2324.28,2383.1
2024-04-15 20:00:00,2382.51,2398.31,2363.03,2382.85
2024-04-16 20:00:00,2381.42,2395.61,2354.68,2361.12
2024-04-17 20:00:00,2361.59,2392.86,2361.36,2378.86
2024-04-18 20:00:00,2378.16,2417.91,2372.85,2392.05
2024-04-21 20:00:00,2388.23,2388.8,2324.61,2327.3
2024-04-22 20:00:00,2327.07,2334.46,2291.4,2322.11
2024-04-23 20:00:00,2321.43,2337.32,2311.82,2315.96
2024-04-24 20:00:00,2314.75,2344.85,2305.03,2332.37
2024-04-25 20:00:00,2331.76,2352.56,2326.35,2337.85
2024-04-28 20:00:00,2336.07,2346.73,2319.81,2335.36
2024-04-29 20:00:00,2335.68,2336.37,2285.17,2286.3
2024-04-30 20:00:00,2286.4,2328.38,2281.65,2319.48
2024-05-01 20:00:00,2321.01,2326.43,2285.51,2303.51
2024-05-02 20:00:00,2303.94,2320.64,2277.25,2301.29
2024-05-05 20:00:00,2303.2,2332.18,2291.88,2323.76
2024-05-06 20:00:00,2323.77,2329.9,2309.97,2313.83
2024-05-07 20:00:00,2314.21,2321.46,2303.72,2308.83
2024-05-08 20:00:00,2308.87,2347.26,2306.69,2346.02
2024-05-09 20:00:00,2346.46,2378.42,2345.22,2360.4
2024-05-12 20:00:00,2362.07,2364.53,2332.18,2336.34
2024-05-13 20:00:00,2335.82,2359.74,2334.87,2358.0
2024-05-14 20:00:00,2357.44,2390.27,2351.85,2385.89
2024-05-15 20:00:00,2385.21,2397.44,2371.0,2376.7
2024-05-16 20:00:00,2377.16,2422.7,2373.97,2414.68
2024-05-19 20:00:00,2417.89,2450.11,2407.24,2426.31
2024-05-20 20:00:00,2426.89,2433.97,2406.27,2420.84
2024-05-21 20:00:00,2421.29,2426.56,2374.95,2378.67
2024-05-22 20:00:00,2379.75,2383.75,2327.0,2328.56
2024-05-23 20:00:00,2328.36,2347.44,2325.41,2333.89
2024-05-26 20:00:00,2336.2,2358.57,2332.21,2351.1
2024-05-27 20:00:00,2351.21,2364.08,2340.28,2361.21
2024-05-28 20:00:00,2360.17,2362.35,2334.49,2338.13
2024-05-29 20:00:00,2337.65,2351.83,2322.66,2343.01
2024-05-30 20:00:00,2343.67,2359.71,2320.59,2327.34
2024-06-02 20:00:00,2328.63,2354.72,2314.75,2350.72
2024-06-03 20:00:00,2350.6,2352.86,2315.63,2326.88
2024-06-04 20:00:00,2326.16,2357.44,2325.93,2355.19
2024-06-05 20:00:00,2356.19,2378.55,2353.57,2375.71
2024-06-06 20:00:00,2375.95,2387.73,2286.75,2293.85
2024-06-09 20:00:00,2294.01,2313.84,2287.78,2310.94
2024-06-10 20:00:00,2311.8,2320.01,2297.74,2316.9
2024-06-11 20:00:00,2317.04,2341.67,2310.69,2324.89
2024-06-12 20:00:00,2324.45,2326.69,2295.61,2303.87
2024-06-13 20:00:00,2303.56,2336.62,2301.56,2332.67
2024-06-16 20:00:00,2331.01,2332.65,2310.0,2319.12
2024-06-17 20:00:00,2318.64,2333.18,2306.63,2329.37
2024-06-18 20:00:00,2328.7,2335.01,2323.72,2328.21
2024-06-19 20:00:00,2330.18,2365.49,2327.79,2360.08
2024-06-20 20:00:00,2360.37,2368.75,2316.76,2321.72
2024-06-23 20:00:00,2321.77,2334.76,2317.73,2334.34
2024-06-24 20:00:00,2333.96,2337.14,2315.47,2319.49
2024-06-25 20:00:00,2318.72,2324.05,2293.6,2298.16
2024-06-26 20:00:00,2297.85,2330.94,2296.49,2327.47
2024-06-27 20:00:00,2327.34,2339.74,2319.05,2326.34
2024-06-30 20:00:00,2326.09,2338.56,2318.58,2331.72
2024-07-01 20:00:00,2331.17,2336.79,2318.93,2329.35
2024-07-02 20:00:00,2329.12,2364.97,2326.87,2356.07
2024-07-03 20:00:00,2356.85,2362.49,2350.53,2356.93
2024-07-04 20:00:00,2356.93,2392.91,2347.51,2390.77
2024-07-07 20:00:00,2386.21,2391.1,2350.96,2359.09
2024-07-08 20:00:00,2358.62,2371.55,2349.43,2363.73
2024-07-09 20:00:00,2363.15,2386.69,2362.89,2371.26
2024-07-10 20:00:00,2370.97,2424.57,2370.58,2415.3
2024-07-11 20:00:00,2415.58,2418.27,2391.49,2411.06
2024-07-14 20:00:00,2411.27,2439.84,2401.37,2422.26
2024-07-15 20:00:00,2421.99,2469.72,2419.99,2468.71
2024-07-16 20:00:00,2468.02,2483.69,2451.57,2458.66
2024-07-17 20:00:00,2458.44,2474.93,2440.37,2445.08
2024-07-18 20:00:00,2445.02,2445.71,2393.84,2400.58
2024-07-21 20:00:00,2401.39,2412.16,2383.83,2396.35
2024-07-22 20:00:00,2395.99,2412.04,2388.3,2409.53
2024-07-23 20:00:00,2408.52,2432.03,2396.76,2397.23
2024-07-24 20:00:00,2397.08,2401.21,2353.1,2364.49
2024-07-25 20:00:00,2363.51,2390.78,2355.83,2386.81
2024-07-28 20:00:00,2387.62,2403.17,2369.67,2383.5
2024-07-29 20:00:00,2383.01,2412.77,2376.48,2410.9
2024-07-30 20:00:00,2409.9,2450.94,2403.89,2447.24
2024-07-31 20:00:00,2448.27,2462.33,2430.25,2446.3
2024-08-01 20:00:00,2446.09,2477.74,2410.86,2442.19
2024-08-04 20:00:00,2444.33,2458.77,2364.2,2409.96
2024-08-05 20:00:00,2409.93,2418.36,2381.58,2389.85
2024-08-06 20:00:00,2389.72,2407.03,2379.07,2383.06
2024-08-07 20:00:00,2382.33,2427.6,2380.7,2427.13
2024-08-08 20:00:00,2426.38,2437.06,2416.9,2430.86
2024-08-11 20:00:00,2430.02,2473.13,2423.87,2472.03
2024-08-12 20:00:00,2470.22,2476.93,2458.52,2464.98
2024-08-13 20:00:00,2465.34,2479.82,2438.11,2447.92
2024-08-14 20:00:00,2447.25,2470.06,2432.23,2456.35
2024-08-15 20:00:00,2456.09,2509.75,2450.81,2507.18
2024-08-18 20:00:00,2509.01,2510.06,2485.67,2504.23
2024-08-19 20:00:00,2502.92,2531.64,2497.35,2514.01
2024-08-20 20:00:00,2513.63,2519.98,2493.97,2512.3
2024-08-21 20:00:00,2511.42,2514.67,2470.87,2484.73
2024-08-22 20:00:00,2484.32,2518.36,2484.32,2512.08
2024-08-25 20:00:00,2511.43,2526.96,2508.75,2517.91
2024-08-26 20:00:00,2517.99,2525.98,2503.54,2524.62
2024-08-27 20:00:00,2524.13,2529.01,2493.65,2504.67
2024-08-28 20:00:00,2504.49,2528.71,2503.64,2521.09
2024-08-29 20:00:00,2520.81,2526.86,2494.12,2502.98
2024-09-01 20:00:00,2502.52,2507.3,2490.07,2499.59
2024-09-02 20:00:00,2498.69,2506.3,2473.39,2492.86
2024-09-03 20:00:00,2492.4,2500.26,2471.89,2495.45
2024-09-04 20:00:00,2494.68,2523.47,2493.86,2516.63
2024-09-05 20:00:00,2516.22,2529.21,2485.15,2497.12
2024-09-08 20:00:00,2497.16,2507.16,2485.55,2506.22
2024-09-09 20:00:00,2505.74,2518.43,2500.09,2516.54
2024-09-10 20:00:00,2516.0,2529.04,2501.0,2511.42
2024-09-11 20:00:00,2511.36,2560.11,2511.03,2558.6
2024-09-12 20:00:00,2558.32,2586.05,2556.74,2578.54
2024-09-15 20:00:00,2579.49,2589.66,2575.28,2582.42
2024-09-16 20:00:00,2581.8,2586.93,2560.77,2569.45
2024-09-17 20:00:00,2569.44,2600.12,2546.89,2559.3
2024-09-18 20:00:00,2558.32,2594.92,2551.13,2586.79
2024-09-19 20:00:00,2586.21,2625.78,2584.86,2622.11
2024-09-22 20:00:00,2620.56,2634.89,2613.82,2628.42
2024-09-23 20:00:00,2628.33,2664.4,2622.65,2657.15
2024-09-24 20:00:00,2656.96,2670.52,2649.77,2657.02
2024-09-25 20:00:00,2656.65,2685.57,2654.81,2672.23
2024-09-26 20:00:00,2672.15,2674.35,2643.2,2658.25
2024-09-29 20:00:00,2657.79,2666.03,2624.72,2634.66
2024-09-30 20:00:00,2634.39,2673.19,2632.38,2663.38
2024-10-01 20:00:00,2662.68,2663.47,2641.15,2658.63
2024-10-02 20:00:00,2658.06,2662.97,2637.35,2655.99
2024-10-03 20:00:00,2655.51,2670.17,2632.02,2653.39
2024-10-06 20:00:00,2650.74,2659.62,2637.8,2642.67
2024-10-07 20:00:00,2642.33,2653.03,2604.79,2621.91
2024-10-08 20:00:00,2621.48,2624.32,2605.18,2607.74
2024-10-09 20:00:00,2607.15,2631.49,2601.76,2630.1
2024-10-10 20:00:00,2629.75,2661.44,2628.02,2657.28
2024-10-13 20:00:00,2655.82,2666.8,2643.18,2648.61
2024-10-14 20:00:00,2647.21,2668.94,2638.09,2662.72
2024-10-15 20:00:00,2662.56,2685.36,2658.75,2673.78
2024-10-16 20:00:00,2673.26,2696.76,2673.18,2692.86
2024-10-17 20:00:00,2692.39,2722.54,2692.28,2721.16
2024-10-20 20:00:00,2720.37,2740.55,2714.17,2719.53
2024-10-21 20:00:00,2719.88,2748.9,2718.94,2748.85
2024-10-22 20:00:00,2747.92,2758.46,2708.76,2715.62
2024-10-23 20:00:00,2715.22,2743.26,2714.97,2735.95
2024-10-24 20:00:00,2735.6,2747.8,2717.05,2747.46
2024-10-27 20:00:00,2734.36,2745.98,2724.73,2742.28
2024-10-28 20:00:00,2741.77,2774.8,2739.89,2774.44
2024-10-29 20:00:00,2773.92,2790.04,2770.93,2787.39
2024-10-30 20:00:00,2787.22,2790.12,2731.56,2743.89
2024-10-31 20:00:00,2743.56,2762.22,2733.14,2736.13
2024-11-03 19:00:00,2736.65,2748.18,2729.82,2736.6
2024-11-04 19:00:00,2736.09,2750.01,2724.72,2743.84
2024-11-05 19:00:00,2743.08,2749.73,2652.4,2658.97
2024-11-06 19:00:00,2658.92,2710.23,2643.38,2706.37
2024-11-07 19:00:00,2705.63,2710.42,2680.34,2684.21
2024-11-10 19:00:00,2684.48,2686.18,2610.62,2619.41
2024-11-11 19:00:00,2619.06,2627.18,2589.68,2598.1
2024-11-12 19:00:00,2598.4,2618.85,2572.74,2572.83
2024-11-13 19:00:00,2572.42,2581.32,2536.81,2564.65
2024-11-14 19:00:00,2564.54,2576.06,2554.51,2562.99
2024-11-17 19:00:00,2564.42,2615.08,2563.96,2611.78
2024-11-18 19:00:00,2611.33,2639.48,2610.33,2632.21
2024-11-19 19:00:00,2631.68,2655.46,2618.89,2650.0
2024-11-20 19:00:00,2649.62,2673.53,2648.91,2669.46
2024-11-21 19:00:00,2669.14,2716.22,2668.15,2716.02
2024-11-24 19:00:00,2713.52,2721.36,2615.62,2625.55
2024-11-25 19:00:00,2625.05,2641.94,2605.1,2633.06
2024-11-26 19:00:00,2632.38,2658.32,2627.07,2635.92
2024-11-27 19:00:00,2636.54,2649.7,2620.96,2637.82
2024-11-28 19:00:00,2637.12,2666.39,2634.03,2650.4
2024-12-01 19:00:00,2651.96,2652.57,2621.86,2638.75
2024-12-02 19:00:00,2638.36,2655.63,2634.14,2643.61
2024-12-03 19:00:00,2643.3,2657.13,2632.42,2649.8
2024-12-04 19:00:00,2649.23,2655.51,2623.55,2631.89
2024-12-05 19:00:00,2631.62,2645.71,2612.82,2633.1
2024-12-08 19:00:00,2642.92,2676.42,2627.58,2660.18
2024-12-09 19:00:00,2660.3,2695.6,2657.94,2693.95
2024-12-10 19:00:00,2694.07,2721.2,2674.77,2717.76
2024-12-11 19:00:00,2717.03,2726.05,2675.09,2680.6
2024-12-12 19:00:00,2680.58,2692.79,2646.08,2648.14
2024-12-15 19:00:00,2649.75,2664.38,2643.51,2652.64
2024-12-16 19:00:00,2652.76,2658.67,2633.12,2646.39
2024-12-17 19:00:00,2646.48,2651.71,2583.69,2585.47
2024-12-18 19:00:00,2585.46,2626.52,2583.1,2594.52
2024-12-19 19:00:00,2593.92,2631.86,2589.67,2623.07
2024-12-22 19:00:00,2623.77,2633.26,2608.21,2612.75
2024-12-23 19:00:00,2613.67,2621.35,2610.13,2616.45
2024-12-25 19:00:00,2618.72,2639.1,2614.37,2633.4
2024-12-26 19:00:00,2632.27,2638.24,2611.71,2621.3
2024-12-29 19:00:00,2620.3,2628.1,2596.17,2605.77
2024-12-30 19:00:00,2604.9,2627.58,2602.72,2624.43
2025-01-01 19:00:00,2624.29,2660.56,2621.62,2657.99
2025-01-02 19:00:00,2658.61,2665.32,2636.75,2639.49
2025-01-05 19:00:00,2639.97,2649.44,2614.75,2636.0
2025-01-06 19:00:00,2636.18,2664.24,2632.98,2648.59
2025-01-07 19:00:00,2648.35,2670.0,2645.26,2661.6
2025-01-08 19:00:00,2660.85,2678.29,2655.51,2670.2
2025-01-09 19:00:00,2670.46,2698.0,2663.85,2689.8
2025-01-12 19:00:00,2689.47,2693.36,2656.78,2662.87
2025-01-13 19:00:00,2663.51,2678.19,2659.94,2677.2
2025-01-14 19:00:00,2679.19,2697.34,2669.38,2696.75
2025-01-15 19:00:00,2696.98,2724.72,2689.89,2714.1
2025-01-16 19:00:00,2713.76,2717.39,2699.25,2702.17
2025-01-19 19:00:00,2702.06,2713.77,2689.3,2707.16
2025-01-20 19:00:00,2706.59,2746.01,2702.95,2744.68
2025-01-21 19:00:00,2745.1,2763.39,2741.73,2756.07
2025-01-22 19:00:00,2756.11,2758.94,2735.96,2754.41
2025-01-23 19:00:00,2754.35,2786.03,2753.39,2770.93
2025-01-26 19:00:00,2769.98,2772.67,2730.49,2740.88
2025-01-27 19:00:00,2739.9,2765.08,2734.77,2763.36
2025-01-28 19:00:00,2763.3,2766.32,2744.72,2759.49
2025-01-29 19:00:00,2759.53,2798.46,2757.83,2794.21
2025-01-30 19:00:00,2794.56,2817.23,2791.08,2798.68
2025-02-02 19:00:00,2794.16,2830.65,2772.17,2814.11
2025-02-03 19:00:00,2814.39,2845.42,2807.13,2841.67
2025-02-04 19:00:00,2841.16,2882.27,2839.74,2867.34
2025-02-05 19:00:00,2864.93,2873.31,2834.3,2855.73
2025-02-06 19:00:00,2855.97,2886.77,2852.5,2860.38
2025-02-09 19:00:00,2857.14,2911.64,2854.64,2907.91
2025-02-10 19:00:00,2907.86,2942.71,2881.55,2897.47
2025-02-11 19:00:00,2898.2,2909.19,2863.95,2904.24
2025-02-12 19:00:00,2904.04,2929.31,2900.49,2928.23
2025-02-13 19:00:00,2927.61,2940.04,2876.97,2881.9
2025-02-16 19:00:00,2886.69,2906.43,2886.55,2899.19
2025-02-17 19:00:00,2898.41,2936.95,2891.84,2934.87
2025-02-18 19:00:00,2935.74,2946.94,2918.59,2933.09
2025-02-19 19:00:00,2933.49,2954.89,2924.09,2939.15
2025-02-20 19:00:00,2938.82,2949.75,2916.67,2936.08
2025-02-23 19:00:00,2935.39,2956.29,2921.22,2952.71
2025-02-24 19:00:00,2952.51,2953.77,2888.17,2914.96
2025-02-25 19:00:00,2915.04,2930.18,2890.76,2916.21
2025-02-26 19:00:00,2916.74,2920.84,2867.89,2877.21
2025-02-27 19:00:00,2877.25,2885.06,2832.64,2857.15
2025-03-02 19:00:00,2856.0,2895.26,2854.73,2893.09
2025-03-03 19:00:00,2892.64,2927.8,2881.95,2917.79
2025-03-04 19:00:00,2917.86,2929.96,2894.39,2919.23
2025-03-05 19:00:00,2919.61,2926.54,2891.11,2910.83
2025-03-06 19:00:00,2911.21,2930.28,2896.82,2909.17
2025-03-09 20:00:00,2911.58,2918.3,2880.24,2889.34
2025-03-10 20:00:00,2888.83,2922.07,2879.94,2915.6
2025-03-11 20:00:00,2915.82,2940.52,2906.17,2933.41
2025-03-12 20:00:00,2934.28,2989.14,2932.85,2988.9
2025-03-13 20:00:00,2989.32,3004.99,2978.4,2984.85
2025-03-16 20:00:00,2985.01,3001.77,2982.21,3001.12
2025-03-17 20:00:00,3000.65,3038.17,2999.33,3033.91
2025-03-18 20:00:00,3034.0,3051.81,3022.74,3047.25
2025-03-19 20:00:00,3047.82,3057.57,3025.67,3044.57
2025-03-20 20:00:00,3044.28,3047.47,2999.35,3023.66
2025-03-23 20:00:00,3022.25,3033.46,3002.52,3012.06
2025-03-24 20:00:00,3011.77,3035.82,3007.4,3019.87
2025-03-25 20:00:00,3019.56,3031.98,3012.23,3019.25
2025-03-26 20:00:00,3019.55,3059.53,3017.48,3056.72
2025-03-27 20:00:00,3056.52,3086.74,3054.18,3084.56
2025-03-30 20:00:00,3087.05,3127.89,3076.35,3124.06
2025-03-31 20:00:00,3123.08,3148.86,3100.76,3114.22
2025-04-01 20:00:00,3113.71,3138.61,3105.15,3132.27
2025-04-02 20:00:00,3142.47,3167.72,3054.08,3114.29
2025-04-03 20:00:00,3115.17,3136.5,3015.71,3037.14
2025-04-06 20:00:00,3006.7,3055.42,2956.18,2982.11
2025-04-07 20:00:00,2983.29,3022.68,2974.76,2982.06
2025-04-08 20:00:00,2983.3,3099.5,2969.96,3082.88
2025-04-09 20:00:00,3081.04,3176.36,3071.35,3175.49
2025-04-10 20:00:00,3175.75,3245.42,3175.71,3237.62
2025-04-13 20:00:00,3229.19,3245.76,3193.76,3210.55
2025-04-14 20:00:00,3211.12,3233.58,3210.04,3229.46
2025-04-15 20:00:00,3231.15,3343.03,3229.84,3342.95
2025-04-16 20:00:00,3343.14,3357.73,3284.04,3327.15
2025-04-20 20:00:00,3345.24,3430.56,3340.79,3424.45
2025-04-21 20:00:00,3424.1,3500.15,3366.91,3381.03
2025-04-22 20:00:00,3345.0,3386.67,3260.25,3288.21
2025-04-23 20:00:00,3288.52,3367.55,3288.46,3348.68
2025-04-24 20:00:00,3350.43,3370.75,3265.08,3319.25
2025-04-27 20:00:00,3325.44,3353.04,3267.98,3344.09
2025-04-28 20:00:00,3344.71,3348.66,3299.62,3317.3
2025-04-29 20:00:00,3313.78,3328.1,3266.93,3288.37
2025-04-30 20:00:00,3289.15,3290.2,3201.96,3237.99
2025-05-01 20:00:00,3238.73,3269.27,3222.94,3241.18
2025-05-04 20:00:00,3239.66,3337.65,3237.43,3334.05
2025-05-05 20:00:00,3336.02,3434.84,3323.18,3430.54
2025-05-06 20:00:00,3436.37,3438.16,3360.2,3364.54
2025-05-07 20:00:00,3366.19,3414.78,3288.74,3305.94
2025-05-08 20:00:00,3304.61,3347.56,3274.75,3325.14
2025-05-11 20:00:00,3285.62,3292.2,3207.83,3234.87
2025-05-12 20:00:00,3236.72,3265.67,3215.91,3250.07
2025-05-13 20:00:00,3249.8,3257.09,3168.03,3177.5
2025-05-14 20:00:00,3177.52,3240.59,3120.78,3239.74
2025-05-15 20:00:00,3240.29,3252.22,3154.31,3203.52
2025-05-18 20:00:00,3218.03,3249.78,3205.86,3230.22
2025-05-19 20:00:00,3230.45,3295.67,3204.83,3289.75
2025-05-20 20:00:00,3289.91,3324.87,3285.54,3315.21
2025-05-21 20:00:00,3314.74,3345.44,3279.15,3294.81
2025-05-22 20:00:00,3295.13,3365.98,3287.13,3357.55
2025-05-25 20:00:00,3355.41,3356.74,3323.67,3342.5
2025-05-26 20:00:00,3342.87,3349.97,3284.58,3300.65
2025-05-27 20:00:00,3301.21,3325.52,3276.87,3288.66
2025-05-28 20:00:00,3287.17,3331.16,3245.55,3317.66
2025-05-29 20:00:00,3318.59,3322.66,3271.31,3289.34
2025-06-01 20:00:00,3298.84,3382.87,3295.92,3381.7
2025-06-02 20:00:00,3383.46,3392.15,3333.09,3353.4
2025-06-03 20:00:00,3353.64,3384.66,3343.78,3372.68
2025-06-04 20:00:00,3373.3,3403.52,3339.55,3352.69
2025-06-05 20:00:00,3354.35,3375.59,3307.2,3309.67
2025-06-08 20:00:00,3312.09,3338.25,3293.28,3325.49
2025-06-09 20:00:00,3325.83,3349.2,3301.9,3322.49
2025-06-10 20:00:00,3322.85,3360.69,3315.51,3354.92
2025-06-11 20:00:00,3356.41,3398.94,3338.56,3386.73
2025-06-12 20:00:00,3386.39,3446.75,3379.81,3432.98
2025-06-15 20:00:00,3428.38,3451.17,3382.91,3385.24
2025-06-16 20:00:00,3385.84,3403.31,3366.17,3388.57
2025-06-17 20:00:00,3390.78,3399.96,3362.59,3369.24
2025-06-18 20:00:00,3369.53,3387.95,3347.56,3370.54
2025-06-19 20:00:00,3370.08,3374.5,3340.38,3368.4
2025-06-22 20:00:00,3393.14,3397.33,3347.05,3369.14
2025-06-23 20:00:00,3368.36,3369.95,3295.38,3322.91
2025-06-24 20:00:00,3324.44,3337.19,3311.96,3332.25
2025-06-25 20:00:00,3333.17,3350.31,3309.9,3327.85
2025-06-26 20:00:00,3327.49,3327.96,3255.82,3274.12
2025-06-29 20:00:00,3274.05,3309.54,3245.88,3302.96
2025-06-30 20:00:00,3303.08,3358.03,3302.42,3338.88
2025-07-01 20:00:00,3339.05,3360.05,3327.63,3357.03
2025-07-02 20:00:00,3357.18,3365.74,3311.65,3326.01
2025-07-03 20:00:00,3325.58,3345.12,3323.64,3337.06
2025-07-06 20:00:00,3334.01,3342.81,3296.32,3336.25
2025-07-07 20:00:00,3339.07,3345.88,3287.09,3301.58
2025-07-08 20:00:00,3301.97,3316.88,3282.77,3313.64
2025-07-09 20:00:00,3313.98,3330.3,3310.15,3323.95
2025-07-10 20:00:00,3323.65,3368.78,3321.89,3355.57
2025-07-13 20:00:00,3364.61,3374.96,3341.0,3343.36
2025-07-14 20:00:00,3344.24,3366.42,3320.28,3324.75
2025-07-15 20:00:00,3324.69,3377.54,3319.68,3347.45
2025-07-16 20:00:00,3347.56,3352.22,3309.81,3338.93
2025-07-17 20:00:00,3340.14,3361.24,3331.81,3349.91
2025-07-20 20:00:00,3350.29,3401.51,3345.02,3397.03
2025-07-21 20:00:00,3397.82,3433.48,3383.38,3431.62
2025-07-22 20:00:00,3431.87,3438.8,3381.66,3387.14
2025-07-23 20:00:00,3389.2,3393.37,3351.42,3368.51
2025-07-24 20:00:00,3368.52,3373.49,3325.02,3337.12
2025-07-27 20:00:00,3320.0,3345.36,3301.8,3314.46
2025-07-28 20:00:00,3313.9,3334.16,3308.03,3326.43
2025-07-29 20:00:00,3326.54,3334.02,3268.1,3275.0
2025-07-30 20:00:00,3276.17,3314.81,3273.86,3290.04
2025-07-31 20:00:00,3290.53,3363.38,3281.62,3362.85
2025-08-03 20:00:00,3365.45,3385.5,3345.04,3373.42
2025-08-04 20:00:00,3374.5,3390.49,3349.99,3380.76
2025-08-05 20:00:00,3380.26,3385.36,3358.25,3369.38
2025-08-06 20:00:00,3369.15,3402.08,3365.36,3395.74
2025-08-07 20:00:00,3402.84,3408.47,3376.97,3397.76
2025-08-10 20:00:00,3397.25,3405.14,3341.13,3342.87
2025-08-11 20:00:00,3342.59,3359.16,3331.16,3348.13
2025-08-12 20:00:00,3348.73,3370.78,3342.69,3355.98
2025-08-13 20:00:00,3357.05,3374.7,3329.84,3335.47
2025-08-14 20:00:00,3335.74,3348.77,3332.21,3335.69
2025-08-17 20:00:00,3336.41,3358.38,3323.54,3332.82
2025-08-18 20:00:00,3333.68,3345.34,3314.92,3315.75
2025-08-19 20:00:00,3315.62,3350.22,3311.55,3348.36
2025-08-20 20:00:00,3349.33,3352.27,3325.21,3338.7
2025-08-21 20:00:00,3338.66,3378.81,3321.48,3371.32
2025-08-24 20:00:00,3371.85,3376.25,3359.78,3365.66
2025-08-25 20:00:00,3365.53,3393.6,3351.25,3393.59
2025-08-26 20:00:00,3393.65,3398.83,3373.84,3397.14
2025-08-27 20:00:00,3397.88,3423.19,3384.55,3417.12
2025-08-28 20:00:00,3416.66,3454.0,3404.28,3448.01
2025-08-31 20:00:00,3446.56,3489.9,3437.1,3475.75
2025-09-01 20:00:00,3475.9,3540.08,3470.09,3533.62
2025-09-02 20:00:00,3532.68,3578.51,3526.26,3559.17
2025-09-03 20:00:00,3561.73,3564.1,3511.56,3545.8
2025-09-04 20:00:00,3546.1,3600.17,3540.16,3586.64
2025-09-07 20:00:00,3579.08,3646.49,3577.97,3635.85
2025-09-08 20:00:00,3635.65,3674.85,3626.11,3626.38
2025-09-09 20:00:00,3620.83,3657.63,3620.38,3640.7
2025-09-10 20:00:00,3641.67,3649.01,3612.73,3634.06
2025-09-11 20:00:00,3633.24,3656.67,3630.53,3643.34
2025-09-14 20:00:00,3643.68,3685.64,3626.51,3678.81
2025-09-15 20:00:00,3680.17,3703.17,3674.63,3689.89
2025-09-16 20:00:00,3689.06,3707.59,3646.22,3659.93
2025-09-17 20:00:00,3658.44,3672.96,3628.05,3644.3
2025-09-18 20:00:00,3643.01,3685.57,3632.29,3685.0
2025-09-21 20:00:00,3687.43,3748.8,3683.7,3746.78
2025-09-22 20:00:00,3745.8,3791.14,3736.64,3764.17
2025-09-23 20:00:00,3765.57,3779.26,3717.58,3736.02
2025-09-24 20:00:00,3735.88,3761.68,3722.18,3749.2
2025-09-25 20:00:00,3750.13,3783.77,3734.52,3759.61
2025-09-28 20:00:00,3756.04,3834.19,3756.0,3833.91
2025-09-29 20:00:00,3832.93,3871.74,3793.19,3858.38
2025-09-30 20:00:00,3859.15,3895.39,3853.33,3865.58
2025-10-01 20:00:00,3866.37,3896.79,3819.37,3856.2
2025-10-02 20:00:00,3855.2,3891.68,3838.08,3886.5
2025-10-05 20:00:00,3887.98,3970.07,3884.35,3961.09
2025-10-06 20:00:00,3960.24,3991.06,3940.89,3984.41
2025-10-07 20:00:00,3984.02,4059.17,3983.32,4041.48
2025-10-08 20:00:00,4041.15,4058.03,3944.75,3976.06
2025-10-09 20:00:00,3975.75,4022.83,3947.12,4017.25
2025-10-12 20:00:00,4001.57,4117.1,4001.57,4110.51
2025-10-13 20:00:00,4110.15,4179.78,4090.41,4142.24
2025-10-14 20:00:00,4143.66,4218.32,4140.82,4208.21
2025-10-15 20:00:00,4207.94,4330.66,4200.1,4326.01
2025-10-16 20:00:00,4332.07,4379.95,4186.22,4251.51
2025-10-19 20:00:00,4248.88,4381.37,4219.06,4356.4
2025-10-20 20:00:00,4353.92,4375.31,4080.54,4125.0
2025-10-21 20:00:00,4125.13,4161.34,4004.54,4098.48
2025-10-22 20:00:00,4095.54,4154.77,4066.07,4126.07
2025-10-23 20:00:00,4127.19,4144.49,4044.21,4112.27
2025-10-26 20:00:00,4063.25,4109.23,3971.62,3981.16
2025-10-27 20:00:00,3986.48,4019.68,3886.5,3952.76
2025-10-28 20:00:00,3950.07,4030.16,3915.46,3930.22
2025-10-29 20:00:00,3930.26,4027.13,3915.47,4024.37
2025-10-30 20:00:00,4022.77,4046.21,3972.15,4003.02
2025-11-02 19:00:00,3990.71,4030.6,3962.58,4001.36
2025-11-03 19:00:00,4002.27,4005.79,3928.76,3931.99
2025-11-04 19:00:00,3934.01,3990.48,3929.49,3979.13
2025-11-05 19:00:00,3978.45,4019.61,3964.56,3977.03
2025-11-06 19:00:00,3981.24,4027.46,3974.52,4000.45
2025-11-09 19:00:00,3999.49,4116.53,3997.78,4115.88
2025-11-10 19:00:00,4115.16,4149.01,4097.04,4126.7
2025-11-11 19:00:00,4127.22,4211.75,4098.9,4195.38
2025-11-12 19:00:00,4196.59,4245.02,4145.44,4171.28
2025-11-13 19:00:00,4172.04,4211.21,4032.26,4084.77
2025-11-16 19:00:00,4085.2,4106.7,4006.94,4045.62
2025-11-17 19:00:00,4048.8,4082.31,3998.09,4067.54
2025-11-18 19:00:00,4068.31,4132.83,4055.66,4077.91
2025-11-19 19:00:00,4079.84,4110.22,4038.98,4077.29
2025-11-20 19:00:00,4076.69,4101.05,4022.32,4064.66
2025-11-23 19:00:00,4068.99,4139.94,4040.04,4134.72
2025-11-24 19:00:00,4134.22,4159.3,4109.65,4130.74
2025-11-25 19:00:00,4133.99,4173.47,4129.79,4163.8
2025-11-26 19:00:00,4164.86,4168.75,4142.68,4156.76
2025-11-27 19:00:00,4158.71,4226.89,4155.82,4218.26
2025-11-30 19:00:00,4223.73,4264.44,4205.32,4232.22
2025-12-01 19:00:00,4232.09,4235.97,4162.75,4205.74
2025-12-02 19:00:00,4207.14,4241.66,4194.55,4203.08
2025-12-03 19:00:00,4203.73,4219.4,4175.07,4208.73
2025-12-04 19:00:00,4208.58,4259.32,4192.11,4198.14
2025-12-07 19:00:00,4196.63,4218.94,4176.31,4190.65
2025-12-08 19:00:00,4190.38,4221.33,4170.05,4208.2
2025-12-09 19:00:00,4206.68,4238.82,4181.98,4228.64
2025-12-10 19:00:00,4225.74,4285.96,4204.21,4279.69
2025-12-11 19:00:00,4280.78,4353.56,4257.71,4299.94
2025-12-14 19:00:00,4299.11,4350.36,4285.26,4304.96
2025-12-15 19:00:00,4306.7,4335.21,4271.54,4302.28
2025-12-16 19:00:00,4303.45,4349.24,4301.51,4338.32
2025-12-17 19:00:00,4337.48,4374.68,4308.86,4332.44
2025-12-18 19:00:00,4333.42,4356.62,4309.33,4338.52
2025-12-21 19:00:00,4341.34,4449.29,4338.14,4443.68
2025-12-22 19:00:00,4445.86,4499.84,4430.57,4484.73
2025-12-23 19:00:00,4485.59,4525.7,4447.75,4479.55
2025-12-25 19:00:00,4505.16,4549.86,4482.88,4534.46
2025-12-28 19:00:00,4535.96,4549.71,4300.47,4332.14
2025-12-29 19:00:00,4334.47,4404.19,4323.53,4338.73
2025-12-30 19:00:00,4339.8,4373.12,4274.74,4318.97
2026-01-01 19:00:00,4331.84,4402.36,4309.8,4332.3
2026-01-04 19:00:00,4357.95,4455.79,4345.52,4448.99
2026-01-05 19:00:00,4448.33,4497.4,4425.86,4494.63
2026-01-06 19:00:00,4495.79,4500.59,4423.46,4456.46
2026-01-07 19:00:00,4459.44,4479.49,4407.74,4477.37
2026-01-08 19:00:00,4478.65,4517.14,4452.87,4508.89
2026-01-11 19:00:00,4518.69,4630.22,4512.61,4597.48
2026-01-12 19:00:00,4604.71,4634.69,4569.78,4586.44
2026-01-13 19:00:00,4588.88,4642.92,4588.54,4626.49
2026-01-14 19:00:00,4630.2,4632.52,4581.17,4615.85
2026-01-15 19:00:00,4617.51,4620.73,4536.59,4596.05
2026-01-18 19:00:00,4628.22,4690.83,4620.2,4669.03
2026-01-19 19:00:00,4672.09,4766.3,4659.36,4763.4
2026-01-20 19:00:00,4763.72,4888.33,4755.98,4831.24
2026-01-21 19:00:00,4833.97,4940.72,4772.38,4936.3
2026-01-22 19:00:00,4941.25,4990.18,4899.77,4988.18
2026-01-25 19:00:00,5006.18,5110.89,4990.03,5008.25
2026-01-26 19:00:00,5013.37,5190.46,5012.83,5180.74
2026-01-27 19:00:00,5178.47,5419.2,5157.12,5417.29
2026-01-28 19:00:00,5422.92,5598.32,5103.54,5370.22
2026-01-29 19:00:00,5383.49,5450.89,4680.46,4892.47
2026-02-01 19:00:00,4814.14,4884.75,4401.36,4660.1
2026-02-02 19:00:00,4673.44,4993.99,4666.05,4946.74
2026-02-03 19:00:00,4946.4,5091.97,4849.94,4964.84
2026-02-04 19:00:00,4970.72,5023.74,4760.0,4779.27
2026-02-05 19:00:00,4792.94,4971.44,4655.65,4964.59
2026-02-08 19:00:00,4983.73,5086.68,4965.13,5057.86
2026-02-09 19:00:00,5059.03,5078.69,4987.53,5025.41
2026-02-10 19:00:00,5025.32,5119.01,5018.83,5084.34
2026-02-11 19:00:00,5091.23,5099.91,4878.27,4921.74
2026-02-12 19:00:00,4928.37,5046.12,4886.15,5040.78
2026-02-15 19:00:00,5052.65,5052.67,4964.46,4993.65
2026-02-16 19:00:00,4996.16,5000.88,4842.21,4877.35
2026-02-17 19:00:00,4879.24,5010.96,4854.31,4977.33
2026-02-18 19:00:00,4975.41,5022.26,4960.87,4996.06
2026-02-19 19:00:00,4998.79,5107.55,4981.63,5106.14
2026-02-22 19:00:00,5109.51,5237.77,5098.62,5227.59
2026-02-23 19:00:00,5231.51,5249.69,5091.47,5143.87
2026-02-24 19:00:00,5143.89,5217.65,5119.63,5164.91
2026-02-25 19:00:00,5161.77,5205.51,5130.43,5185.1
2026-02-26 19:00:00,5184.89,5280.23,5166.97,5278.27
2026-03-01 19:00:00,5302.07,5419.36,5260.4,5321.92
2026-03-02 19:00:00,5324.66,5379.83,4995.99,5088.32
2026-03-03 19:00:00,5104.44,5206.1,5084.25,5141.16
2026-03-04 19:00:00,5147.4,5194.91,5050.43,5081.12
2026-03-05 19:00:00,5084.7,5175.03,5062.26,5170.02
2026-03-08 20:00:00,5180.46,5197.81,5014.49,5136.76
2026-03-09 20:00:00,5140.27,5238.58,5116.68,5192.74
2026-03-10 20:00:00,5187.76,5223.22,5149.29,5176.05
2026-03-11 20:00:00,5178.61,5191.71,5054.8,5079.18
2026-03-12 20:00:00,5081.41,5128.35,5009.61,5019.03
2026-03-15 20:00:00,5001.44,5037.7,4967.3,5006.35
2026-03-16 20:00:00,5006.84,5044.47,4973.46,5005.61
2026-03-17 20:00:00,5006.64,5016.39,4807.02,4818.74
2026-03-18 20:00:00,4829.62,4867.2,4502.45,4650.5
2026-03-19 20:00:00,4656.67,4735.8,4477.31,4492.77
2026-03-22 20:00:00,4469.56,4536.37,4098.91,4406.74
2026-03-23 20:00:00,4413.77,4484.13,4306.0,4474.43
2026-03-24 20:00:00,4474.37,4602.54,4455.99,4506.38
2026-03-25 20:00:00,4510.37,4544.27,4350.96,4378.1
2026-03-26 20:00:00,4387.65,4555.51,4375.58,4492.85
2026-03-29 20:00:00,4491.0,4580.84,4419.97,4511.09
2026-03-30 20:00:00,4514.5,4687.25,4482.76,4667.22
2026-03-31 20:00:00,4674.32,4792.76,4661.73,4758.25
2026-04-01 20:00:00,4757.36,4800.49,4554.1,4676.12
2026-04-05 20:00:00,4667.83,4706.55,4600.61,4650.58
2026-04-06 20:00:00,4651.55,4718.71,4607.47,4705.75
2026-04-07 20:00:00,4721.21,4857.42,4699.81,4719.36
2026-04-08 20:00:00,4722.91,4801.17,4698.47,4765.6
2026-04-09 20:00:00,4768.67,4795.09,4730.79,4748.53
2026-04-12 20:00:00,4686.58,4750.15,4633.4,4740.39
2026-04-13 20:00:00,4745.13,4846.34,4743.47,4841.78
2026-04-14 20:00:00,4839.94,4871.43,4785.95,4790.79
2026-04-15 20:00:00,4795.41,4838.35,4771.93,4790.88
2026-04-16 20:00:00,4793.01,4889.37,4767.68,4831.87
2026-04-19 20:00:00,4766.79,4827.6,4737.07,4820.77
2026-04-20 20:00:00,4822.09,4833.1,4668.65,4720.16
2026-04-21 20:00:00,4722.35,4772.33,4715.71,4740.28
2026-04-22 20:00:00,4744.23,4753.54,4664.19,4694.47
2026-04-23 20:00:00,4699.28,4740.39,4657.73,4710.22
2026-04-26 20:00:00,4692.84,4730.09,4667.25,4681.85
2026-04-27 20:00:00,4685.91,4701.38,4554.95,4597.31
2026-04-28 20:00:00,4598.28,4610.34,4510.3,4543.58
2026-04-29 20:00:00,4544.67,4646.85,4539.42,4621.86
2026-04-30 20:00:00,4631.93,4660.2,4560.34,4614.38
2026-05-03 20:00:00,4620.35,4629.38,4500.65,4523.83
2026-05-04 20:00:00,4524.21,4586.62,4513.64,4557.54
2026-05-05 20:00:00,4558.81,4722.96,4546.36,4690.93
2026-05-06 20:00:00,4691.88,4764.82,4685.21,4687.19
2026-05-07 20:00:00,4687.81,4749.36,4674.8,4715.95
2026-05-10 20:00:00,4698.26,4748.57,4648.17,4734.74
2026-05-11 20:00:00,4735.45,4773.43,4638.26,4715.25
2026-05-12 20:00:00,4715.58,4726.63,4669.49,4688.88
2026-05-13 20:00:00,4692.48,4718.81,4644.42,4652.45
2026-05-14 20:00:00,4651.32,4665.35,4511.81,4540.03
2026-05-17 20:00:00,4531.97,4584.25,4480.51,4566.22
2026-05-18 20:00:00,4563.7,4589.49,4464.25,4482.01
2026-05-19 20:00:00,4483.27,4552.66,4453.71,4543.72
2026-05-20 20:00:00,4540.03,4570.73,4488.62,4543.15
2026-05-21 20:00:00,4541.38,4546.76,4489.2,4509.26
2026-05-24 20:00:00,4543.9,4579.99,4541.62,4570.93
2026-05-25 20:00:00,4569.84,4580.33,4482.4,4507.57
2026-05-26 20:00:00,4498.99,4538.31,4401.51,4456.28
2026-05-27 20:00:00,4455.14,4516.54,4366.72,4495.74
2026-05-28 20:00:00,4498.02,4595.35,4489.05,4540.38
2026-05-31 20:00:00,4522.51,4545.93,4446.46,4484.8
2026-06-01 20:00:00,4487.57,4541.49,4462.9,4487.93
2026-06-02 20:00:00,4492.85,4496.82,4426.41,4434.45
2026-06-03 20:00:00,4436.6,4515.4,4423.72,4475.26
2026-06-04 20:00:00,4481.89,4481.89,4311.86,4327.92
2026-06-07 20:00:00,4328.95,4353.42,4268.39,4329.81
2026-06-08 20:00:00,4330.73,4363.48,4236.85,4259.51
2026-06-09 20:00:00,4250.52,4257.94,4067.1,4071.42
2026-06-10 20:00:00,4072.78,4220.1,4023.89,4210.87
2026-06-11 20:00:00,4207.65,4246.65,4170.3,4218.8
2026-06-14 20:00:00,4266.97,4369.48,4264.67,4309.13
2026-06-15 20:00:00,4316.57,4354.93,4305.97,4331.24
2026-06-16 20:00:00,4332.94,4382.23,4219.01,4257.78
2026-06-17 20:00:00,4251.56,4329.85,4201.66,4209.14
2026-06-18 20:00:00,4211.35,4213.57,4121.93,4155.35
2026-06-21 20:00:00,4148.0,4220.99,4136.4,4191.36
2026-06-22 20:00:00,4194.03,4198.21,4090.98,4110.25
2026-06-23 20:00:00,4115.15,4115.17,3959.29,3999.11
2026-06-24 20:00:00,4001.22,4044.23,3962.82,4026.69
2026-06-25 20:00:00,4039.88,4095.96,3983.11,4088.97
2026-06-28 20:00:00,4079.65,4086.3,4000.05,4016.65
2026-06-29 20:00:00,4019.33,4063.41,3941.39,4007.54
2026-06-30 20:00:00,4012.25,4115.74,3960.24,4031.12
2026-07-01 20:00:00,4031.68,4143.99,4030.79,4123.76
2026-07-02 20:00:00,4127.8,4195.45,4121.33,4174.67
2026-07-05 20:00:00,4177.65,4202.95,4128.52,4164.96
2026-07-06 20:00:00,4165.56,4180.51,4092.32,4105.9
2026-07-07 20:00:00,4099.63,4133.94,4021.84,4077.49
2026-07-08 20:00:00,4078.22,4138.02,4054.21,4123.67
2026-07-09 20:00:00,4125.66,4134.79,4072.72,4119.43
2026-07-12 20:00:00,4097.79,4103.52,3986.56,4001.02
2026-07-13 20:00:00,4004.17,4103.04,3982.86,4052.82
2026-07-14 20:00:00,4057.22,4081.36,4017.43,4060.42
2026-07-15 20:00:00,4061.66,4067.36,3969.33,3976.49
2026-07-16 20:00:00,3975.54,4023.86,3959.56,4016.81
2026-07-19 20:00:00,4001.83,4040.66,3982.81,4007.56
2026-07-20 20:00:00,4007.88,4087.31,3999.76,4077.7
2026-07-21 20:00:00,4082.43,4166.04,4076.89,4129.97
2026-07-22 20:00:00,4122.7,4141.07,4040.15,4049.27
2026-07-23 20:00:00,4046.49,4082.18,4021.97,4052.85
2026-07-26 20:00:00,4091.81,4116.22,4065.39,4076.62
2026-07-27 20:00:00,4079.59,4082.18,4011.55,4028.6
2026-07-28 20:00:00,4024.95,4116.56,3995.97,4066.25
2026-07-29 20:00:00,4065.59,4120.48,4028.51,4103.68
2026-07-30 20:00:00,4106.32,4111.72,4021.18,4044.56
2026-08-02 20:00:00,4075.2,4079.78,4019.1,4055.38
2026-08-03 20:00:00,4044.65,4106.32,4042.64,4077.29
2026-08-04 20:00:00,4077.94,4267.62,4065.56,4246.83
2026-08-05 20:00:00,4245.19,4304.09,4223.48,4240.54
2026-08-06 20:00:00,4237.03,4371.77,4229.76,4341.87
2026-08-09 20:00:00,4348.65,4395.23,4313.5,4390.3
2026-08-10 20:00:00,4391.39,4435.15,4356.77,4368.11
2026-08-11 20:00:00,4371.37,4441.38,4362.59,4408.52
2026-08-12 20:00:00,4410.69,4449.84,4343.71,4351.11
2026-08-13 20:00:00,4350.91,4397.07,4310.93,4376.58
2026-08-16 20:00:00,4380.0,4428.87,4367.19,4416.64
2026-08-17 20:00:00,4418.66,4436.15,4329.15,4334.25
2026-08-18 20:00:00,4339.94,4524.22,4324.69,4522.92
2026-08-19 20:00:00,4522.83,4540.92,4450.69,4519.21
2026-08-20 20:00:00,4514.89,4632.19,4508.81,4603.8
2026-08-23 20:00:00,4624.12,4680.96,4594.82,4651.75
2026-08-24 20:00:00,4652.8,4696.78,4605.41,4658.7
2026-08-25 20:00:00,4652.56,4673.75,4583.09,4594.57
2026-08-26 20:00:00,4594.46,4643.09,4564.87,4601.68
2026-08-27 20:00:00,4599.98,4631.61,4445.54,4455.01
2026-08-30 20:00:00,4437.4,4472.05,4396.52,4449.08
2026-08-31 20:00:00,4446.44,4461.51,4322.91,4328.21
2026-09-01 20:00:00,4331.29,4397.58,4282.46,4388.05
2026-09-02 20:00:00,4391.79,4510.86,4381.09,4473.04
2026-09-03 20:00:00,4468.2,4490.76,4365.72,4430.26
2026-09-06 20:00:00,4423.23,4435.26,4381.16,4406.24
2026-09-07 20:00:00,4412.12,4443.03,4344.89,4355.38
2026-09-08 20:00:00,4357.79,4434.1,4341.23,4401.64
2026-09-09 20:00:00,4408.43,4434.62,4313.76,4316.58
2026-09-10 20:00:00,4333.28,4360.97,4300.89,4348.89
